sl_no,state,start_date,physical_progress,report_month
1,,,,
2,,,,
3,,,,
4,,,,
5,,,,
6,,,,
7,,,,
8,,,,
9,,,,
10,,,,
11,,,,
12,,,,
13,,,,
14,,,,
15,,,,
16,,,,
17,,,,
Total,,,,
1,,,,
2,,,,
3,,,,
4,,,,
5,,,,
6,,,,
6,,,,
7,,,,
8,,,,
9,,,,
10,,,,
11,,,,
11,,,,
12,,,,
13,,,,
14,,,,
15,,,,
15,,,,
16,,,,
17,,,,
18,,,,
19,,,,
19,,,,
20,,,,
21,,,,
22,,,,
23,,,,
24,,,,
25,,,,
26,,,,
27,,,,
28,,,,
29,,,,
29,,,,
30,,,,
31,,,,
32,,,,
33,,,,
33,,,,
34,,,,
35,,,,
1,Gujarat,"07/2020
03/2021",,
2,Haryana,"03/2017
10/2018",,
3,Karnataka,"11/2016
01/2018",,
4,Madhya Pradesh,"10/2018
12/2017",,
5,Tamil Nadu,"02/2015
03/2023",,
6,Gujarat,"07/2023
07/2023",,
7,Rajasthan,"12/2021
08/2023",,
8,Maharashtra,"06/2016
06/2016",,
9,Maharashtra,"12/2015
03/2016",,
1,Andhra Pradesh,"08/2024
10/2025",,
2,Andhra Pradesh,"08/2024
10/2025",,
3,Kerala,"08/2024
10/2025",,
4,Telangana,"08/2024
02/2026",,
5,Uttar Pradesh,"08/2024
04/2026",,
6,Odisha,"02/2024
05/2024",,
7,Jharkhand,"10/2023
12/2023",,
8,Rajasthan,"10/2024
09/2025",,
9,Karnataka,06/2026,,
10,Uttar Pradesh,05/2019,,
11,Maharashtra,"05/2023
05/2023",,
12,Assam,"10/2025
10/2025",,
13,Offshore,"08/2025
08/2025",,
14,Uttar Pradesh,"09/2025
09/2025",,
15,Arunachal Pradesh,"04/2026
04/2026",,
16,Arunachal Pradesh,"09/2025
09/2025",,
17,Odisha,"11/2025
11/2025",,
18,Delhi,"11/2023
10/2024",,
19,Karnataka,"02/2026
02/2026",,
20,Maharashtra,"03/2026
03/2026",,
21,Bihar,"11/2024
11/2025",,
22,Goa,04/2026,,
23,Gujarat,"09/2025
09/2025",,
24,Gujarat,"07/2023
07/2023",,
25,Jharkhand,"03/2019
03/2019",,
26,Karnataka,"06/2019
09/2022",,
27,Karnataka,"01/1999
01/2000",,
28,Karnataka,"02/1999
07/2026",,
29,Maharashtra,"08/2022
01/2026",,
30,Maharashtra,"02/2008
04/2013",,
31,Meghalaya,"04/2011
03/2010",,
32,"Multi-States (Assam,
Meghalaya)","08/2010
03/2007",,
33,Odisha,"09/2022
12/2023",,
34,Odisha,"08/2024
04/2026",,
35,Punjab,10/2022,,
36,Rajasthan,"11/2021
01/2022",,
37,Tamil Nadu,"04/2011
09/2016",,
38,Andhra Pradesh,"12/2022
03/2026",,
39,Andhra Pradesh,"12/2022
03/2026",,
40,Arunachal Pradesh,"12/2023
02/2026",,
41,Bihar,05/2011,,
42,Bihar,"01/2025
04/2026",,
43,Bihar,"03/2023
10/2024",,
44,Bihar,08/2010,,
45,Himachal Pradesh,"06/2023
03/2026",,
46,Karnataka,"03/2023
01/2026",,
47,Madhya Pradesh,"02/2024
03/2026",,
48,Madhya Pradesh,"10/2024
03/2026",,
49,Maharashtra,"11/2024
04/2026",,
50,Odisha,"12/2024
02/2026",,
51,Punjab,"05/2021
12/2022",,
52,Telangana,"10/2024
10/2025",,
53,Telangana,"11/2022
05/2026",,
54,Uttar Pradesh,"03/2023
02/2026",,
55,Uttar Pradesh,"06/2024
03/2026",,
22,Arunachal Pradesh,"08/2025
08/2025",1.5,
23,"Multi-States (Arunachal
Pradesh, Sikkim)","10/2014
10/2014",83.4,
24,"Multi-States (Mizoram,
Manipur, Tripura,
Assam, Meghalaya,
Nagaland)","12/2014
03/2016",98.5,
25,Assam,"03/2023
03/2023",82.4,
26,Assam,"03/2023
03/2023",75.5,
27,Assam,"01/2019
01/2019",92.4,
28,Mizoram,"07/2024
07/2024",32.0,
29,Tripura,"06/2022
06/2022",97.0,
30,Assam,"04/2023
04/2023",99.0,
31,Assam,"08/2021
08/2021",76.3,
32,Assam,"09/2023
09/2023",55.7,
33,Assam,"01/2023
01/2023",54.1,
34,Assam,"07/2020
07/2020",84.6,
35,Assam,"01/2018
01/2018",94.3,
36,Assam,"06/2022
06/2022",56.0,
37,Assam,"05/2021
05/2021",94.9,
38,Assam,"04/2022
04/2022",81.2,
39,Assam,"12/2020
12/2020",92.4,
40,Assam,"12/2024
12/2024",24.0,
41,Assam,"12/2022
12/2022",60.6,
42,Assam,"10/2025
10/2025",5.7,
43,"Multi-States (Arunachal
Pradesh, Meghalaya,
Assam, Nagaland,
Sikkim, Tripura,
Mizoram, Manipur)","04/2020
04/2020",87.6,
44,Nagaland,"08/2023
08/2023",41.0,
45,Tripura,"03/2022
03/2022",68.9,
46,Sikkim,"10/2018
12/2018",92.0,
47,Assam,"12/2017
10/2021",98.0,
48,Assam,"09/2016
09/2016",95.13,
49,Assam,"09/2020
09/2018",89.0,
50,Assam,"09/2018
01/2022",0.0,
51,Assam,"09/2018
01/2022",0.0,
52,Assam,"09/2025
09/2025",0.0,
53,Manipur,"03/2013
12/2007",72.1,
54,Meghalaya,"04/2011
03/2010",2.04,
55,"Multi-States (Arunachal
Pradesh, Assam)","02/2011
03/2023",68.0,
56,"Multi-States (Assam,
Nagaland)","08/2015
02/2016",43.0,
57,"Multi-States
(Meghalaya, Assam)","08/2010
03/2007",86.16,
58,"Multi-States (Nagaland,
Assam)","02/2024
01/2025",10.0,
59,Sikkim,"10/2009
05/2010",93.0,
60,Arunachal Pradesh,"03/2019
11/2020",96.61,
61,Arunachal Pradesh,"06/2020
12/2021",51.37,
62,Arunachal Pradesh,"12/2023
02/2026",0.0,
63,Arunachal Pradesh,"08/2020
06/2025",17.91,
64,Arunachal Pradesh,"02/2024
07/2025",1.7,
65,Arunachal Pradesh,"02/2024
03/2025",16.75,
121,Assam,"09/2021
07/2022",0.0,
122,Assam,"03/2018
11/2019",100.0,
123,Assam,"01/2024
01/2025",36.56,
124,Assam,"01/2023
12/2023",20.45,
125,Assam,"01/2023
05/2023",83.39,
126,Manipur,"01/2023
12/2023",90.52,
127,Manipur,"12/2021
02/2023",95.0,
128,Manipur,"12/2021
11/2022",89.95,
129,Manipur,"09/2021
06/2022",84.86,
130,Manipur,"09/2021
11/2021",86.73,
131,Manipur,"09/2021
11/2021",84.87,
132,Manipur,"03/2021
06/2021",100.0,
133,Manipur,"07/2021
09/2021",95.28,
134,Manipur,"03/2023
05/2025",14.08,
135,Manipur,"03/2023
12/2024",22.55,
136,Manipur,"03/2023
12/2024",23.56,
137,Manipur,"03/2020
07/2020",88.85,
157,Meghalaya,"03/2023
09/2024",68.85,
158,Meghalaya,"12/2023
05/2025",2.5,
159,Meghalaya,"03/2023
09/2025",24.13,
160,Meghalaya,"03/2023
03/2025",38.75,
161,Meghalaya,"03/2023
09/2024",46.51,
162,Meghalaya,"03/2023
09/2024",50.91,
163,Meghalaya,"09/2021
05/2022",80.49,
164,Meghalaya,"07/2020
05/2024",38.77,
165,Meghalaya,"07/2020
04/2024",49.05,
166,Meghalaya,"07/2020
02/2024",49.31,
167,Meghalaya,"07/2020
10/2023",93.06,
168,Mizoram,"12/2021
07/2025",17.86,
169,Mizoram,"12/2021
07/2025",17.12,
170,Mizoram,"11/2021
07/2025",11.86,
171,Mizoram,"12/2021
07/2025",6.72,
172,Mizoram,"02/2024
10/2025",18.9,
173,Mizoram,"02/2024
11/2025",13.95,
174,Mizoram,"01/2024
12/2025",0.0,
175,Mizoram,"02/2023
10/2025",15.1,
176,Mizoram,"09/2021
09/2023",95.31,
177,Mizoram,"03/2020
07/2020",0.0,
178,Mizoram,"03/2020
07/2020",0.0,
179,Mizoram,"03/2021
06/2021",64.78,
180,Mizoram,"06/2021
07/2021",61.34,
181,Mizoram,"12/2021
11/2023",75.35,
182,Mizoram,"09/2019
10/2019",95.35,
183,Mizoram,"02/2023
12/2024",4.71,
184,Mizoram,"09/2019
10/2019",99.88,
185,Mizoram,"09/2019
10/2019",97.51,
186,Mizoram,"09/2019
03/2020",99.82,
187,Mizoram,"09/2019
10/2020",100.0,
188,Mizoram,"09/2019
12/2019",98.73,
189,"Multi-States (Arunachal
Pradesh, Assam)","03/2023
09/2024",96.7,
190,Nagaland,"03/2021
07/2022",100.0,
191,Nagaland,"03/2021
09/2023",99.5,
192,Nagaland,"07/2020
10/2020",45.52,
193,Nagaland,"07/2020
06/2023",37.38,
194,Nagaland,"07/2020
10/2020",69.82,
195,Nagaland,"07/2020
11/2023",25.61,
196,Nagaland,"03/2018
08/2023",100.0,
197,Nagaland,"03/2020
11/2023",93.04,
198,Nagaland,"03/2020
01/2024",40.88,
199,Nagaland,"01/2021
09/2023",96.53,
200,Nagaland,"02/2021
06/2023",93.37,
201,Nagaland,"03/2016
09/2023",82.59,
202,Nagaland,"02/2017
09/2017",0.0,
203,Nagaland,"06/2020
06/2024",44.46,
204,Nagaland,"02/2021
06/2023",0.0,
205,Nagaland,"12/2022
08/2023",87.0,
206,Nagaland,"12/2022
08/2023",85.67,
207,Nagaland,"12/2022
08/2023",54.66,
208,Nagaland,"03/2018
09/2023",75.05,
209,Sikkim,"10/2020
05/2021",77.07,
210,Sikkim,"01/2021
04/2021",97.57,
211,Sikkim,"03/2018
01/2023",85.15,
212,Sikkim,"01/2021
02/2021",81.83,
213,Sikkim,"10/2020
12/2020",60.88,
214,Sikkim,"07/2020
10/2020",80.46,
215,Sikkim,"07/2020
10/2020",65.1,
216,Sikkim,"10/2021
05/2022",90.0,
217,Tripura,"12/2023
09/2024",43.8,
218,Tripura,"02/2020
09/2024",41.9,
219,Tripura,"02/2020
07/2020",0.0,
220,Tripura,"01/2023
05/2023",69.78,
221,Tripura,"03/2023
03/2024",9.2,
222,Tripura,"01/2024
12/2024",8.65,
223,Tripura,"01/2024
09/2024",14.0,
224,Tripura,"01/2024
09/2024",57.95,
225,Tripura,"01/2024
07/2024",58.12,
226,Meghalaya,"09/2019
09/2020",99.84,
227,"Multi-States (Assam,
Arunachal Pradesh)","12/2020
10/2021",99.43,
228,Assam,"04/1996
12/1996",55.44,
229,Manipur,"04/1997
04/1997",98.9,
1,Andhra Pradesh,"03/2023
01/2024",65.0,
2,Andhra Pradesh,"06/2020
09/2020",87.2,
3,Andhra Pradesh,"12/2022
08/2023",90.0,
4,Assam,"12/2016
03/2018",98.0,
5,Bihar,"08/2024
04/2025",1.28,
6,Bihar,"07/2024
07/2024",65.0,
7,Bihar,"10/2018
10/2018",98.22,
8,Goa,"11/2017
12/2019",100.0,
9,Gujarat,"01/2024
07/2025",33.13,
10,Gujarat,"06/2022
07/2022",82.0,
11,"Jammu and
Kashmir","10/2023
12/2023",51.35,
12,Karnataka,"06/2023
01/2024",77.0,
13,Karnataka,"06/2023
02/2024",87.0,
14,Kerala,"06/2023
02/2024",59.0,
15,Ladakh,"07/2018
09/2018",78.9,
16,Manipur,"11/2021
07/2022",50.69,
17,"Multi-States
(Karnataka,
Maharashtra,
Telangana, Uttar
Pradesh)","12/2020
10/2022",78.0,
18,Rajasthan,"08/2025
10/2025",12.8,
19,Rajasthan,"06/2022
05/2023",97.35,
20,Rajasthan,"06/2023
11/2023",68.71,
21,Sikkim,"11/2023
12/2023",34.25,
22,Tamil Nadu,"05/2018
06/2023",38.0,
23,Uttar Pradesh,"07/2024
07/2024",27.0,
24,Uttar Pradesh,"06/2024
07/2024",40.03,
25,West Bengal,"08/2024
09/2024",34.6,
26,West Bengal,"03/2023
12/2023",64.5,
27,Assam,"07/2022
07/2022",88.18,
28,Assam,"11/2022
11/2022",3.26,
29,Chhattisgarh,"12/2020
12/2020",11.81,
30,Chhattisgarh,"08/2020
08/2020",55.95,
31,Chhattisgarh,"12/2020
12/2020",38.0,
32,Chhattisgarh,"03/2016
03/2016",78.48,
33,Chhattisgarh,"02/2015
02/2015",42.47,
34,Chhattisgarh,"07/2015
07/2015",78.86,
35,Chhattisgarh,"07/2016
07/2016",96.15,
36,Chhattisgarh,"05/2018
05/2018",54.6,
37,Chhattisgarh,"01/2023
01/2023",2.01,
38,Chhattisgarh,"10/2022
10/2022",40.34,
39,Chhattisgarh,"11/2024
11/2024",22.0,
40,Chhattisgarh,"01/2025
01/2025",21.29,
41,Chhattisgarh,"09/2025
09/2025",0.01,
42,Chhattisgarh,"12/2024
12/2024",0.0,
43,Jharkhand,"08/2022
08/2022",63.22,
44,Jharkhand,"01/2022
01/2022",53.47,
45,Jharkhand,"01/2022
01/2022",23.57,
46,Jharkhand,"03/2024
03/2024",16.77,
47,Jharkhand,"08/2020
08/2020",24.86,
48,Jharkhand,"08/2020
08/2020",47.95,
49,Jharkhand,"03/2016
11/2019",87.0,
50,Jharkhand,"08/2020
08/2020",40.21,
51,Jharkhand,"07/2021
07/2021",71.38,
52,Jharkhand,"01/2021
01/2021",22.84,
53,Jharkhand,"11/2020
11/2020",10.19,
54,Jharkhand,"05/2021
05/2021",28.85,
55,Jharkhand,"02/2020
02/2020",44.45,
56,Jharkhand,"12/2009
12/2009",78.25,
57,Jharkhand,"08/2018
08/2018",53.03,
58,Jharkhand,"08/2020
08/2020",32.23,
59,Jharkhand,"08/2011
08/2011",82.45,
60,Jharkhand,"10/2015
04/2016",51.81,
61,Jharkhand,"01/2023
01/2023",29.7,
62,Jharkhand,"02/2011
02/2011",70.47,
63,Jharkhand,"11/2020
11/2020",22.76,
64,Jharkhand,"05/2020
05/2020",63.52,
65,Jharkhand,"11/2019
11/2019",31.27,
66,Jharkhand,"12/2023
12/2023",0.05,
67,Jharkhand,"02/2020
02/2020",34.18,
68,Jharkhand,"03/2024
03/2024",4.17,
69,Jharkhand,"06/2025
07/2025",26.0,
70,Jharkhand,"10/2023
12/2023",40.0,
71,Madhya Pradesh,"03/2016
03/2016",75.15,
72,Madhya Pradesh,"07/2019
07/2019",50.0,
73,Madhya Pradesh,"11/2020
11/2020",48.76,
74,Madhya Pradesh,"12/2014
12/2014",58.2,
75,Madhya Pradesh,"01/2024
01/2024",41.29,
76,Madhya Pradesh,"12/2021
12/2021",17.78,
77,Madhya Pradesh,"09/2022
09/2022",67.13,
78,Madhya Pradesh,"11/2022
11/2022",11.2,
79,Madhya Pradesh,"07/2022
01/2023",2.02,
80,Madhya Pradesh,"07/2022
09/2023",9.39,
81,Madhya Pradesh,"08/2019
08/2019",56.88,
82,Madhya Pradesh,"02/2025
02/2025",1.32,
83,Madhya Pradesh,"05/2025
05/2025",0.3,
84,Maharashtra,"02/2020
05/2022",33.91,
85,Maharashtra,"08/2015
08/2015",80.77,
86,Maharashtra,"02/2020
02/2020",40.54,
87,Maharashtra,"02/2019
10/2021",19.02,
88,Maharashtra,"01/2022
01/2022",69.33,
89,Maharashtra,"08/2020
08/2020",32.21,
90,Maharashtra,"05/2019
09/2022",24.17,
91,Maharashtra,"06/2022
06/2022",12.2,
92,Maharashtra,"05/2022
05/2022",9.57,
93,Maharashtra,"04/2021
04/2021",8.44,
94,Maharashtra,"01/2023
09/2023",2.82,
95,Maharashtra,"12/2022
12/2022",5.17,
96,Maharashtra,"10/2023
10/2023",2.19,
97,Maharashtra,"03/2021
03/2021",12.83,
98,Maharashtra,"04/2024
04/2024",4.21,
99,Maharashtra,"08/2023
06/2024",2.31,
100,Maharashtra,"02/2017
09/2022",15.95,
101,Maharashtra,"06/2024
06/2024",27.92,
102,Maharashtra,"08/2016
08/2016",79.83,
103,Maharashtra,"11/2018
01/2019",93.51,
104,Maharashtra,"09/2018
09/2018",98.97,
105,Maharashtra,"11/2018
11/2018",86.49,
106,Maharashtra,"09/2024
09/2024",2.52,
107,Maharashtra,"01/2024
01/2025",0.01,
108,Maharashtra,"06/2024
02/2025",0.35,
109,Maharashtra,"08/2025
08/2025",0.0,
110,"Multi-States
(Madhya Pradesh,
Uttar Pradesh)","08/2020
08/2020",89.9,
111,"Multi-States
(Madhya Pradesh,
Uttar Pradesh)","06/2021
06/2021",55.57,
112,Odisha,"05/2021
05/2021",45.57,
113,Odisha,"02/2021
02/2021",59.5,
114,Odisha,"08/2020
08/2020",57.15,
115,Odisha,"04/2022
04/2022",34.54,
116,Odisha,"05/2018
05/2018",79.05,
117,Odisha,"11/2018
11/2018",52.0,
118,Odisha,"05/2014
05/2014",67.58,
119,Odisha,"03/2020
03/2020",80.0,
120,Odisha,"04/2023
04/2023",6.18,
121,Odisha,"03/2024
03/2024",32.47,
122,Odisha,"11/2022
11/2022",29.19,
123,Odisha,"04/2023
04/2023",15.24,
124,Odisha,"10/2022
05/2023",72.65,
125,Telangana,"12/2021
12/2021",20.0,
126,Telangana,"03/2016
05/2017",75.0,
127,Telangana,"07/2019
05/2019",71.0,
128,Telangana,"08/2017
12/2022",81.0,
129,Telangana,"07/2021
08/2021",32.0,
130,Telangana,"10/2020
06/2020",97.0,
131,Telangana,"08/2017
09/2017",63.0,
132,West Bengal,"11/2020
11/2020",31.52,
133,West Bengal,"08/2021
08/2021",17.1,
134,West Bengal,"08/2018
08/2018",27.52,
135,West Bengal,"05/2018
05/2018",14.61,
136,West Bengal,"01/2023
01/2023",11.9,
137,West Bengal,"04/2020
04/2020",45.48,
138,West Bengal,"07/2021
07/2021",18.47,
139,West Bengal,"12/2015
03/2019",97.6,
140,West Bengal,"12/2023
12/2023",8.35,
141,West Bengal,"04/2020
04/2020",16.79,
142,West Bengal,"01/2023
01/2023",22.13,
143,West Bengal,"11/2024
11/2024",0.22,
144,Gujarat,"07/2022
01/2024",51.0,
145,Gujarat,"08/2023
06/2024",40.0,
146,Gujarat,"07/2022
03/2024",0.0,
147,Gujarat,"07/2022
04/2024",1.2,
148,Odisha,"01/2017
01/2024",2.1,
149,Rajasthan,"07/2022
03/2023",100.0,
150,Rajasthan,"10/2024
09/2025",0.0,
151,Tamil Nadu,"08/2023
02/2024",100.0,
152,Uttar Pradesh,"07/2016
08/2016",95.68,
153,Chhattisgarh,"05/2018
03/2017",43.5,
154,Jharkhand,"02/2018
05/2022",71.0,
155,Jharkhand,"07/2016
10/2016",36.0,
156,Jharkhand,"02/2019
09/2019",67.86,
157,Arunachal Pradesh,"02/2023
02/2023",17.43,
158,Arunachal Pradesh,"12/2024
05/2025",4.95,
159,Arunachal Pradesh,"12/2024
05/2025",5.04,
160,Arunachal Pradesh,"09/2025
09/2025",6.41,
161,Arunachal Pradesh,"04/2026
04/2026",0.0,
162,Bihar,"03/2019
06/2019",94.33,
163,Bihar,"11/2024
03/2025",10.17,
164,Chhattisgarh,"08/2023
08/2023",28.6,
165,Chhattisgarh,"09/2024
09/2024",18.91,
166,Gujarat,"03/2021
05/2021",51.86,
167,Himachal Pradesh,"10/2020
05/2021",77.51,
168,Himachal Pradesh,"11/2020
11/2020",51.32,
169,Himachal Pradesh,"01/2023
01/2023",33.98,
170,"Jammu and
Kashmir","10/2014
02/2018",80.5,
171,"Jammu and
Kashmir","03/2019
02/2020",83.46,
172,"Jammu and
Kashmir","02/2021
01/2022",29.85,
173,"Jammu and
Kashmir","05/2022
11/2022",34.21,
174,Jharkhand,"11/2017
11/2017",88.74,
175,Jharkhand,"04/2023
11/2024",11.0,
176,Madhya Pradesh,"11/2024
05/2025",7.5,
177,"Multi-States
(Arunachal
Pradesh, Assam)","09/2003
01/2005",97.64,
178,Odisha,"08/2022
09/2022",50.2,
179,Odisha,"11/2025
11/2025",1.95,
180,Sikkim,"03/2019
03/2020",72.51,
181,Sikkim,"03/2021
08/2021",96.53,
182,Uttar Pradesh,"03/2024
03/2024",19.8,
183,Uttarakhand,"11/2006
11/2006",77.0,
184,Uttarakhand,"08/2008
01/2014",80.0,
185,West Bengal,"01/2023
02/2025",9.4,
186,West Bengal,"09/2014
09/2014",55.06,
187,West Bengal,"06/2019
02/2021",96.0,
188,Andhra Pradesh,"09/2023
09/2023",98.34,
189,Andhra Pradesh,"03/2025
03/2025",26.19,
190,Arunachal Pradesh,"08/2025
08/2025",1.5,
191,Delhi,"11/2023
10/2024",7.75,
192,Gujarat,"12/2023
12/2023",62.0,
193,Gujarat,"05/2024
05/2024",56.0,
194,Gujarat,"10/2024
10/2024",13.5,
195,Gujarat,"11/2024
11/2024",6.0,
196,Gujarat,"10/2024
10/2024",27.59,
197,Gujarat,"02/2025
02/2025",22.5,
198,Gujarat,"03/2025
03/2025",36.0,
199,Gujarat,"02/2025
02/2025",1.5,
200,Gujarat,"NA
10/2024",18.0,
201,Gujarat,"03/2025
03/2025",1.5,
202,Gujarat,"NA
12/2025",1.0,
203,Gujarat,"09/2024
09/2024",18.0,
204,Gujarat,"08/2024
08/2024",58.0,
205,"Jammu and
Kashmir","07/2024
07/2024",1.7,
206,Jharkhand,"02/2012
02/2012",96.0,
207,Karnataka,"12/2023
12/2023",86.0,
208,Karnataka,"01/2025
01/2025",22.5,
209,Karnataka,"02/2025
02/2025",7.2,
210,Karnataka,"03/2025
03/2025",13.41,
211,Karnataka,"09/2025
09/2025",2.5,
212,Karnataka,"02/2026
02/2026",1.0,
213,Kerala,"08/2025
08/2025",1.5,
214,Madhya Pradesh,"10/2024
10/2024",39.24,
215,Madhya Pradesh,"08/2024
08/2024",57.8,
216,Madhya Pradesh,"06/2024
06/2024",35.03,
217,Madhya Pradesh,"06/2025
06/2025",9.75,
218,Madhya Pradesh,"10/2025
10/2025",2.5,
219,Madhya Pradesh,"03/2025
03/2025",17.0,
220,Maharashtra,"11/2023
11/2023",94.8,
221,Maharashtra,"NA
05/2025",5.0,
222,Maharashtra,"03/2026
03/2026",0.5,
223,"Multi-States
(Andhra Pradesh,
Karnataka)","03/2025
03/2025",17.86,
224,"Multi-States
(Andhra Pradesh,
Karnataka)","08/2024
03/2025",40.0,
225,"Multi-States
(Andhra Pradesh,
Odisha)","02/2026
02/2026",1.0,
226,"Multi-States
(Andhra Pradesh,
Telangana)","11/2022
03/2023",99.69,
227,"Multi-States
(Arunachal
Pradesh, Sikkim)","10/2014
10/2014",83.4,
228,"Multi-States
(Assam, Manipur,
Meghalaya,
Mizoram,
Nagaland, Tripura)","12/2014
03/2016",98.5,
229,"Multi-States
(Bihar, Odisha,
West Bengal)","09/2024
09/2024",29.73,
230,"Multi-States
(Bihar, Uttar
Pradesh)","10/2025
10/2025",2.0,
231,"Multi-States
(Bihar, West
Bengal)","11/2024
11/2024",1.5,
232,"Multi-States
(Dadra & Nagar
Haveli and Daman
& Diu, Gujarat,
Maharashtra)","01/2022
07/2022",99.9,
233,"Multi-States (Delhi,
Rajasthan)","12/2022
12/2022",56.75,
234,"Multi-States (Delhi,
Rajasthan)","02/2024
02/2024",85.45,
235,"Multi-States
(Gujarat,
Maharashtra)","11/2024
11/2024",9.67,
236,"Multi-States
(Haryana, Punjab,
Rajasthan)","11/2024
11/2024",24.07,
237,"Multi-States
(Haryana,
Rajasthan)","11/2024
11/2024",28.27,
238,"Multi-States
(Karnataka,
Maharashtra)","10/2025
10/2025",2.5,
239,"Multi-States
(Karnataka,
Telangana)","02/2024
02/2024",89.46,
240,"Multi-States
(Madhya Pradesh,
Rajasthan)","08/2024
08/2024",38.74,
241,"Multi-States
(Madhya Pradesh,
Rajasthan)","08/2024
08/2024",39.4,
242,"Multi-States
(Madhya Pradesh,
Rajasthan)","03/2025
03/2025",24.07,
243,"Multi-States
(Madhya Pradesh,
Rajasthan, Uttar
Pradesh)","01/2025
01/2025",2.0,
244,"Multi-States
(Rajasthan, Uttar
Pradesh)","12/2023
12/2023",72.16,
245,"Multi-States
(Rajasthan, Uttar
Pradesh)","12/2024
12/2024",31.37,
246,Rajasthan,"11/2023
11/2023",98.4,
247,Rajasthan,"10/2023
10/2023",98.33,
248,Rajasthan,"10/2023
10/2023",99.0,
249,Rajasthan,"12/2023
12/2023",72.22,
250,Rajasthan,"08/2024
08/2024",47.13,
251,Rajasthan,"08/2024
08/2024",42.0,
252,Rajasthan,"08/2024
08/2024",63.85,
253,Rajasthan,"11/2024
11/2024",31.48,
254,Rajasthan,"03/2025
03/2025",9.8,
255,Tamil Nadu,"01/2025
01/2025",18.72,
256,Uttar Pradesh,"12/2024
12/2024",3.0,
257,Telangana,"03/2024
11/2024",21.0,
258,"Andaman &
Nicobar","07/2021
11/2021",70.0,
259,Delhi,"07/2016
05/2018",46.8,
260,Gujarat,"02/2016
06/2016",98.5,
261,Uttarakhand,"11/2019
08/2019",40.0,
262,Bihar,"02/2019
02/2019",50.0,
263,Delhi,"03/2024
03/2024",3.64,
264,Delhi,"01/2026
01/2026",5.34,
265,Delhi,"07/2019
07/2019",80.56,
266,Gujarat,"03/2019
04/2019",79.5,
267,Gujarat,"11/2014
02/2015",99.99,
268,Haryana,"07/2023
08/2024",0.0,
269,Karnataka,"NA
06/2026",0.0,
270,Karnataka,"02/2014
02/2016",95.5,
271,Karnataka,"06/2021
01/2019",65.0,
272,Kerala,"11/2022
11/2022",36.17,
273,Madhya Pradesh,"11/2018
11/2018",59.94,
274,Madhya Pradesh,"11/2018
11/2018",64.15,
275,Maharashtra,"10/2023
10/2023",41.58,
276,Maharashtra,"09/2024
09/2024",5.2,
277,Maharashtra,"09/2024
09/2024",8.25,
278,Maharashtra,"07/2025
07/2025",1.38,
279,Maharashtra,"12/2025
12/2025",0.48,
280,Maharashtra,"04/2018
03/2019",6.0,
281,Maharashtra,"04/2018
07/2020",82.0,
282,Maharashtra,"07/2013
06/2016",97.79,
283,Maharashtra,"12/2022
12/2022",38.0,
284,"Multi-States (Delhi,
Haryana)","01/2025
01/2025",0.0,
285,Tamil Nadu,"10/2024
11/2020",52.55,
286,Uttar Pradesh,"09/2025
05/2026",1.0,
287,Uttar Pradesh,"05/2019
11/2019",80.9,
288,Uttar Pradesh,"05/2019
12/2020",69.5,
289,Andhra Pradesh,"02/2017
07/2018",82.0,
290,Bihar,"11/2016
02/2019",84.0,
291,"Dadra & Nagar
Haveli and Daman
& Diu","08/2020
12/2021",20.0,
292,Haryana,"03/2017
11/2017",88.0,
293,Jharkhand,"02/2017
12/2018",76.0,
294,Jharkhand,"02/2017
12/2018",67.0,
295,Jharkhand,"02/2017
12/2018",81.0,
296,Karnataka,"12/2015
10/2016",80.0,
297,Madhya Pradesh,"12/2016
11/2017",99.0,
298,Madhya Pradesh,"11/2015
12/2016",96.0,
299,Madhya Pradesh,"05/2016
11/2017",90.0,
300,Maharashtra,"07/2016
09/2019",75.0,
301,Maharashtra,"11/2016
08/2018",99.0,
302,Maharashtra,"03/2017
07/2017",95.0,
303,Maharashtra,"03/2017
04/2018",98.0,
304,Punjab,"11/2016
08/2020",58.0,
305,Punjab,"11/2016
08/2020",99.0,
306,Uttar Pradesh,"03/2017
06/2019",95.0,
307,Uttar Pradesh,"NA
05/2019",95.0,
308,West Bengal,"04/2019
02/2020",64.0,
309,Madhya Pradesh,"09/2011
04/2015",84.87,
310,Odisha,"04/2017
04/2017",94.2,
311,Odisha,"05/2018
05/2018",52.1,
312,Odisha,"11/2017
11/2019",92.35,
313,Tamil Nadu,"09/2017
12/2017",66.73,
314,Andhra Pradesh,"09/2019
12/2023",44.0,
315,Arunachal Pradesh,"09/2009
03/2013",80.0,
316,Assam,"05/2019
06/2021",97.7,
317,Bihar,"07/2022
08/2022",98.5,
318,Chhattisgarh,"05/2025
01/2026",0.0,
319,Delhi,"09/2009
11/2022",99.72,
320,Delhi,"09/2024
03/2025",12.0,
321,Gujarat,"12/2020
02/2021",85.0,
322,Himachal Pradesh,"09/2018
08/2020",97.5,
323,Himachal Pradesh,"03/2023
03/2024",82.0,
324,Himachal Pradesh,"03/2021
08/2022",85.0,
325,"Jammu and
Kashmir","03/2019
10/2020",96.0,
326,Kerala,"07/2017
03/2020",86.0,
327,Kerala,"05/2025
01/2026",0.0,
328,Madhya Pradesh,"12/2023
04/2024",58.0,
329,Meghalaya,"09/2009
09/2014",95.0,
330,Mizoram,"09/2009
06/2014",4.0,
331,Nagaland,"09/2009
12/2014",98.0,
332,Odisha,"10/2018
09/2019",98.5,
333,Odisha,"02/2024
05/2024",7.0,
334,Odisha,"09/2023
01/2024",42.0,
335,Puducherry,"09/2009
07/2013",98.5,
336,Punjab,"10/2019
07/2020",91.7,
337,Punjab,"08/2024
04/2025",45.0,
338,Sikkim,"08/2020
01/2022",95.0,
339,Sikkim,"02/2024
03/2024",34.5,
340,Telangana,"09/2022
11/2022",87.44,
341,Uttar Pradesh,"06/2020
06/2020",99.0,
342,Uttarakhand,"06/2020
04/2024",56.0,
343,West Bengal,"06/2018
04/2019",96.0,
344,Manipur,"NA
01/2022",97.0,
345,Assam,"03/2023
03/2023",75.5,
346,Assam,"03/2023
03/2023",82.4,
347,Gujarat,"05/2023
05/2023",66.0,
348,Maharashtra,"06/2017
06/2017",79.5,
349,Maharashtra,"05/2023
05/2023",57.9,
350,Mizoram,"07/2024
07/2024",32.0,
351,"Multi-States
(Andhra Pradesh,
Odisha)","09/2019
09/2019",97.6,
352,"Multi-States
(Assam, Bihar,
Jharkhand,
Odisha, West
Bengal)","01/2019
01/2019",92.4,
353,"Multi-States
(Gujarat, Haryana,
Rajasthan)","12/2021
12/2021",91.4,
354,"Multi-States
(Gujarat, Madhya
Pradesh, Uttar
Pradesh)","12/2018
12/2018",95.2,
355,"Multi-States
(Karnataka, Tamil
Nadu)","11/2012
11/2012",82.6,
356,Rajasthan,"10/2017
10/2017",91.9,
357,Rajasthan,"12/2023
12/2023",89.8,
358,Tamil Nadu,"01/2022
01/2022",76.2,
359,Tripura,"06/2022
06/2022",97.0,
360,Uttar Pradesh,"09/2022
09/2022",75.0,
361,Andhra Pradesh,"03/2016
03/2016",96.5,
362,Andhra Pradesh,"09/2025
09/2025",10.5,
363,Andhra Pradesh,"09/2021
09/2021",91.6,
364,Assam,"07/2020
07/2020",84.6,
365,Assam,"01/2018
01/2018",94.3,
366,Assam,"05/2021
05/2021",94.9,
367,Assam,"12/2020
12/2020",92.4,
368,Assam,"12/2022
12/2022",60.6,
369,Assam,"10/2025
10/2025",5.7,
370,Assam,"04/2022
04/2022",81.2,
371,Assam,"06/2022
06/2022",56.0,
372,Assam,"01/2023
01/2023",54.1,
373,Assam,"09/2023
09/2023",55.7,
374,Assam,"08/2021
08/2021",76.3,
375,Assam,"04/2023
04/2023",99.0,
376,Bihar,"10/2023
10/2023",51.0,
377,Bihar,"01/2020
01/2020",90.9,
378,Bihar,"01/2022
01/2022",60.8,
379,Bihar,"12/2022
12/2022",33.3,
380,Bihar,"12/2022
12/2022",30.1,
381,Chhattisgarh,"06/2022
06/2022",2.2,
382,Gujarat,"08/2021
08/2021",87.5,
383,Gujarat,"02/2017
02/2017",95.9,
384,Gujarat,"04/2021
04/2021",90.0,
385,Gujarat,"09/2020
09/2020",88.3,
386,Gujarat,"01/2022
01/2022",84.1,
387,Gujarat,"01/2022
01/2022",42.0,
388,Gujarat,"05/2022
05/2022",97.1,
389,Gujarat,"07/2021
07/2021",93.5,
390,Gujarat,"08/2022
08/2022",64.0,
391,Gujarat,"11/2022
11/2022",67.7,
392,Haryana,"06/2019
06/2019",65.0,
393,Haryana,"03/2022
03/2022",85.9,
394,Haryana,"05/2025
05/2025",35.3,
395,Haryana,"02/2021
02/2021",93.2,
396,Haryana,"12/2020
12/2020",87.1,
397,"Jammu and
Kashmir","03/2022
03/2022",0.6,
398,Jharkhand,"11/2019
11/2019",65.3,
399,Jharkhand,"02/2023
02/2023",56.5,
400,Karnataka,"10/2023
10/2023",82.5,
401,Karnataka,"03/2024
03/2024",47.4,
402,Karnataka,"01/2022
01/2022",83.0,
403,Kerala,"09/2024
09/2024",36.2,
404,Kerala,"12/2023
12/2023",32.2,
405,Madhya Pradesh,"05/2024
05/2024",65.2,
406,Madhya Pradesh,"05/2023
05/2023",25.5,
407,Maharashtra,"04/2021
04/2021",90.7,
408,Maharashtra,"12/2024
12/2024",10.7,
409,Maharashtra,"05/2025
05/2025",4.4,
410,Maharashtra,"06/2025
06/2025",6.1,
411,Maharashtra,"04/2025
04/2025",0.0,
412,Maharashtra,"06/2024
06/2024",85.0,
413,Maharashtra,"03/2022
03/2022",3.4,
414,Maharashtra,"04/2022
04/2022",70.9,
415,Maharashtra,"08/2022
08/2022",97.8,
416,Maharashtra,"05/2023
05/2023",80.6,
417,"Multi-States
(Andhra Pradesh,
Chhattisgarh,
Odisha)","09/2024
09/2024",34.0,
418,"Multi-States
(Arunachal
Pradesh, Assam,
Manipur,
Meghalaya,
Mizoram,
Nagaland, Sikkim,
Tripura, West
Bengal)","04/2020
04/2020",87.6,
419,"Multi-States
(Assam, Bihar,
West Bengal)","12/2024
12/2024",24.0,
420,"Multi-States
(Bihar, Jharkhand)","06/2022
06/2022",37.0,
421,"Multi-States
(Chhattisgarh,
Madhya Pradesh,
Maharashtra,
Odisha)","06/2020
06/2020",98.9,
422,"Multi-States
(Gujarat, Haryana,
Punjab,
Rajasthan)","07/2011
07/2011",90.2,
423,"Multi-States
(Jammu and
Kashmir, Punjab)","07/2023
07/2023",47.6,
424,"Multi-States
(Karnataka,
Kerala, Tamil
Nadu)","06/2009
06/2009",96.6,
425,"Multi-States
(Karnataka,
Maharashtra)","01/2006
01/2006",47.0,
426,"Multi-States
(Odisha, West
Bengal)","03/2020
03/2020",93.7,
427,"Multi-States
(Punjab,
Rajasthan)","12/2022
12/2022",30.8,
428,Nagaland,"08/2023
08/2023",41.0,
429,Odisha,"07/2020
07/2020",93.9,
430,Odisha,"02/2022
02/2022",5.9,
431,Odisha,"04/2021
04/2021",80.9,
432,Offshore,"12/2015
12/2015",90.0,
433,Offshore,"09/2024
09/2024",53.8,
434,Offshore,"08/2025
08/2025",11.3,
435,Offshore,"06/2022
06/2022",99.9,
436,Offshore,"06/2022
06/2022",92.7,
437,Offshore,"06/2024
06/2024",97.6,
438,Offshore,"05/2023
05/2023",40.4,
439,Punjab,"05/2020
05/2020",95.8,
440,Punjab,"03/2022
03/2022",2.0,
441,Tamil Nadu,"09/2021
09/2021",10.2,
442,Tamil Nadu,"01/2024
01/2024",70.6,
443,Tamil Nadu,"12/2022
12/2022",25.4,
444,Telangana,"03/2025
03/2025",24.7,
445,Tripura,"03/2022
03/2022",68.9,
446,Uttar Pradesh,"09/2025
09/2025",54.0,
447,Uttar Pradesh,"09/2025
09/2025",54.0,
448,Uttar Pradesh,"04/2022
04/2022",52.3,
449,Uttar Pradesh,"12/2022
12/2022",17.9,
450,West Bengal,"03/2017
03/2017",94.7,
451,West Bengal,"09/2024
09/2024",11.2,
452,West Bengal,"11/2021
11/2021",87.9,
453,West Bengal,"11/2022
11/2022",95.0,
454,West Bengal,"06/2022
06/2022",36.3,
455,West Bengal,"03/2022
03/2022",2.8,
456,West Bengal,"12/2022
12/2022",43.6,
457,Bihar,"09/2020
09/2020",0.0,
458,Bihar,"03/2019
10/2022",50.0,
459,Chhattisgarh,"02/2023
10/2023",54.0,
460,Chhattisgarh,"10/2023
10/2023",82.0,
461,Chhattisgarh,"02/2020
09/2024",59.0,
462,Delhi,"09/2025
09/2025",0.0,
463,Delhi,"10/2016
06/2022",61.0,
464,Gujarat,"01/2019
01/2019",93.7,
465,Gujarat,"09/2022
09/2022",87.5,
466,Gujarat,"04/2022
10/2022",78.0,
467,Haryana,"02/2019
02/2019",57.2,
468,"Jammu and
Kashmir","01/2019
03/2019",76.0,
469,Jharkhand,"09/2023
02/2024",40.0,
470,Jharkhand,"06/2018
03/2023",57.0,
471,Madhya Pradesh,"12/2021
11/2022",84.0,
472,Madhya Pradesh,"08/2023
10/2023",43.0,
473,Punjab,"11/2019
07/2027",0.0,
474,Punjab,"01/2020
03/2026",1.0,
475,Sikkim,"10/2018
12/2018",92.0,
476,Tamil Nadu,"12/2018
12/2018",48.0,
477,Telangana,"12/2018
07/2022",87.21,
478,Uttarakhand,"10/2022
02/2024",60.0,
479,Uttarakhand,"08/2021
04/2023",84.0,
480,Andhra Pradesh,"02/2021
04/2023",88.0,
481,Assam,"12/2017
10/2021",98.0,
482,Gujarat,"06/2022
04/2023",21.0,
483,Gujarat,"08/2022
10/2023",46.0,
484,Karnataka,"02/2015
10/2024",23.0,
485,Karnataka,"07/2019
03/2025",10.0,
486,Maharashtra,"05/2018
03/2023",78.0,
487,Maharashtra,"10/2013
08/2022",65.5,
488,Maharashtra,"12/2008
06/2009",89.0,
489,Odisha,"12/2010
02/2025",7.2,
490,Uttarakhand,"02/2021
12/2021",84.0,
491,"Multi-States
(Bihar, Jharkhand,
Uttar Pradesh,
West Bengal)","01/2018
02/2018",81.2,
492,Gujarat,"10/2022
03/2024",60.0,
493,Gujarat,"09/2021
09/2021",91.0,
494,Karnataka,"12/2023
06/2024",58.0,
495,Maharashtra,"12/2019
01/2020",88.0,
496,Odisha,"05/2022
01/2023",70.0,
497,Gujarat,"02/2019
01/2022",76.12,
498,Haryana,"05/2018
12/2021",60.0,
499,Andhra Pradesh,"08/2024
10/2025",6.14,
500,Andhra Pradesh,"08/2024
10/2025",3.0,
501,Andhra Pradesh,"12/2020
02/2024",39.14,
502,Karnataka,"12/2020
02/2023",23.18,
503,Kerala,"08/2024
10/2025",1.0,
504,Telangana,"08/2024
02/2026",0.3,
505,Uttar Pradesh,"08/2024
04/2026",6.5,
506,Chhattisgarh,"08/2021
07/2022",20.3,
507,Chhattisgarh,"07/2024
08/2024",79.73,
508,Chhattisgarh,"10/2023
12/2023",67.07,
509,Chhattisgarh,"11/2023
01/2024",89.99,
510,Chhattisgarh,"11/2015
09/2020",94.1,
511,Chhattisgarh,"01/2009
10/2021",82.17,
512,Jharkhand,"03/2015
10/2015",59.78,
513,Jharkhand,"01/2025
02/2025",47.5,
514,Jharkhand,"01/2025
02/2025",39.92,
515,Jharkhand,"08/2023
10/2023",97.3,
516,Jharkhand,"03/2024
04/2024",44.17,
517,Jharkhand,"11/2023
12/2023",61.84,
518,Karnataka,"11/2014
06/2024",63.1,
519,West Bengal,"09/2023
09/2023",33.66,
520,West Bengal,"07/2024
08/2024",57.55,
521,West Bengal,"09/2024
10/2024",38.12,
522,West Bengal,"11/2024
12/2024",66.37,
523,West Bengal,"07/2024
12/2024",24.8,
524,West Bengal,"01/2025
02/2025",22.5,
525,Andhra Pradesh,"03/2012
12/2016",55.01,
526,Andhra Pradesh,"03/2023
06/2023",3.03,
527,Andhra Pradesh,"07/2023
07/2023",0.23,
528,Andhra Pradesh,"01/2014
10/2017",65.0,
529,Andhra Pradesh,"04/2023
05/2024",15.0,
530,Andhra Pradesh,"04/2023
03/2024",75.0,
531,Andhra Pradesh,"04/2025
04/2025",0.05,
532,Andhra Pradesh,"10/2024
10/2024",0.16,
533,Andhra Pradesh,"05/2016
07/2014",75.0,
534,Andhra Pradesh,"03/2009
09/2013",30.01,
535,Andhra Pradesh,"03/2017
11/2017",94.01,
536,Andhra Pradesh,"08/2016
04/2018",96.0,
537,Assam,"09/2025
09/2025",0.0,
538,Assam,"09/2016
09/2016",95.13,
539,Assam,"09/2020
09/2018",89.0,
540,Assam,"09/2018
01/2022",0.0,
541,Assam,"09/2018
01/2022",0.0,
542,Bihar,"12/2023
08/1997",84.2,
543,Bihar,"06/2024
06/2024",0.0,
544,Bihar,"11/2024
11/2025",0.0,
545,Bihar,"04/2019
12/1998",55.7,
546,Bihar,"10/2007
10/2004",75.3,
547,Bihar,"06/2018
03/2009",46.7,
548,Bihar,"08/2002
03/2002",98.0,
549,Bihar,"06/2010
01/2011",86.26,
550,Bihar,"11/2015
12/2015",97.0,
551,Bihar,"03/2018
03/2017",92.8,
552,Bihar,"03/2018
03/2017",99.0,
553,Bihar,"03/2016
05/2017",98.5,
554,Bihar,"10/2022
08/2025",56.7,
555,Bihar,"03/2023
03/2023",0.1,
556,Chhattisgarh,"03/2016
01/2014",95.1,
557,Chhattisgarh,"02/2013
03/2013",97.6,
558,Chhattisgarh,"07/2011
05/2021",100.0,
559,Chhattisgarh,"12/2022
05/2024",15.0,
560,Chhattisgarh,"04/2025
04/2025",0.0,
561,Chhattisgarh,"07/2009
11/2009",98.0,
562,Chhattisgarh,"07/2009
12/2009",82.0,
563,Chhattisgarh,"04/2014
04/2014",82.0,
564,Chhattisgarh,"06/2022
04/2022",27.0,
565,Chhattisgarh,"09/2022
05/2024",16.0,
566,Chhattisgarh,"09/2022
05/2024",7.0,
567,Chhattisgarh,"09/2022
05/2024",65.0,
568,Chhattisgarh,"09/2022
05/2024",33.0,
569,Chhattisgarh,"09/2022
05/2025",8.0,
570,Delhi,"01/2023
06/2024",3.0,
571,Delhi,"02/2008
03/2013",80.0,
572,Delhi,"03/2013
03/2013",23.0,
573,Goa,"NA
04/2026",0.0,
574,Gujarat,"07/2023
07/2022",9.0,
575,Gujarat,"02/2023
02/2023",5.0,
576,Gujarat,"05/2022
05/2022",17.0,
577,Gujarat,"02/2023
02/2023",12.0,
578,Gujarat,"05/2022
05/2022",31.0,
579,Gujarat,"08/2023
08/2023",35.0,
580,Gujarat,"05/2022
02/2023",53.0,
581,Gujarat,"11/2022
03/2023",10.0,
582,Gujarat,"01/2023
04/2023",88.0,
583,Gujarat,"02/2023
02/2023",21.0,
584,Gujarat,"01/2023
11/2023",31.4,
585,Gujarat,"07/2023
07/2023",16.0,
586,Gujarat,"09/2025
09/2025",0.0,
587,Gujarat,"12/2025
12/2025",0.0,
588,Gujarat,"01/2017
01/2017",45.0,
589,Gujarat,"09/2012
04/2008",64.0,
590,Gujarat,"10/2021
12/2021",81.0,
591,Gujarat,"05/2022
10/2023",8.0,
592,Gujarat,"10/2022
07/2025",21.0,
593,Haryana,"02/2023
02/2023",72.0,
594,Jharkhand,"11/2022
11/2022",71.5,
595,Jharkhand,"06/2025
06/2025",0.0,
596,Jharkhand,"03/2019
03/2019",0.1,
597,Jharkhand,"01/2018
01/2018",66.5,
598,Jharkhand,"08/2021
03/2019",10.0,
599,Jharkhand,"11/2022
11/2022",71.5,
600,Karnataka,"03/2019
12/2025",0.3,
601,Karnataka,"04/2019
10/2019",56.5,
602,Karnataka,"03/2008
05/2009",70.0,
603,Karnataka,"02/1999
07/2026",0.0,
604,Karnataka,"04/2013
08/2017",34.5,
605,Karnataka,"01/2014
11/2016",84.2,
606,Karnataka,"01/1999
01/2000",4.7,
607,Karnataka,"10/2013
11/2012",36.0,
608,Karnataka,"10/2013
01/2017",15.5,
609,Karnataka,"02/2018
06/2022",85.5,
610,Karnataka,"09/2019
02/2023",13.5,
611,Karnataka,"06/2019
09/2022",0.3,
612,Karnataka,"10/2020
10/2020",19.95,
613,Karnataka,"09/2020
03/2025",0.0,
614,Kerala,"04/2023
04/2023",30.5,
615,Kerala,"04/2023
04/2023",25.0,
616,Madhya Pradesh,"01/2007
03/1998",74.0,
617,Madhya Pradesh,"11/2015
08/2017",86.0,
618,Madhya Pradesh,"03/2016
03/2017",81.1,
619,Madhya Pradesh,"03/2016
09/2017",95.0,
620,Madhya Pradesh,"08/2019
10/2020",36.0,
621,Madhya Pradesh,"10/2021
10/2021",94.0,
622,Maharashtra,"01/2019
04/2023",25.0,
623,Maharashtra,"12/2017
04/2008",50.0,
624,Maharashtra,"05/2023
05/2023",2.02,
625,Maharashtra,"08/2022
01/2026",10.0,
626,Maharashtra,"04/2023
07/2023",23.0,
627,Maharashtra,"04/2025
04/2025",1.0,
628,Maharashtra,"12/2023
12/2023",0.19,
629,Maharashtra,"10/2024
10/2024",0.0,
630,Maharashtra,"01/2025
01/2025",24.0,
631,Maharashtra,"01/1999
10/2002",98.0,
632,Maharashtra,"03/2016
03/1999",60.0,
633,Maharashtra,"05/2017
03/2012",66.0,
634,Maharashtra,"02/2008
04/2013",47.0,
635,Maharashtra,"09/2015
09/2015",73.0,
636,Maharashtra,"09/2015
05/2016",88.0,
637,Maharashtra,"03/2016
12/2016",98.0,
638,Maharashtra,"10/2017
03/2017",92.0,
639,Maharashtra,"04/2017
05/2018",88.0,
640,Maharashtra,"05/2017
04/2018",100.0,
641,Maharashtra,"08/2018
12/2023",12.0,
642,Maharashtra,"10/2019
04/2020",80.0,
643,Maharashtra,"05/2008
04/2008",90.0,
644,Maharashtra,"04/2019
04/2019",22.0,
645,Maharashtra,"11/2016
12/2016",75.0,
646,Manipur,"03/2013
12/2007",72.1,
647,Meghalaya,"04/2011
03/2010",2.04,
648,"Multi-States
(Andhra Pradesh,
Karnataka)","04/2012
10/2018",21.0,
649,"Multi-States
(Andhra Pradesh,
Karnataka)","03/2008
07/2010",72.0,
650,"Multi-States
(Andhra Pradesh,
Karnataka)","04/2016
04/2016",89.03,
651,"Multi-States
(Andhra Pradesh,
Maharashtra,
Telangana)","08/2023
08/2023",2.08,
652,"Multi-States
(Andhra Pradesh,
Odisha)","06/2016
11/2016",97.0,
653,"Multi-States
(Andhra Pradesh,
Odisha)","12/2015
01/2016",73.0,
654,"Multi-States
(Andhra Pradesh,
Tamil Nadu)","07/2008
10/2008",16.5,
655,"Multi-States
(Andhra Pradesh,
Telangana)","02/2024
03/2025",2.04,
656,"Multi-States
(Andhra Pradesh,
Telangana)","08/2023
08/2023",2.5,
657,"Multi-States
(Andhra Pradesh,
Telangana)","11/2024
11/2024",0.16,
658,"Multi-States
(Andhra Pradesh,
Telangana)","03/2013
08/2014",95.01,
659,"Multi-States
(Andhra Pradesh,
Telangana)","04/2016
04/2016",95.01,
660,"Multi-States
(Arunachal
Pradesh, Assam)","02/2011
03/2023",68.0,
661,"Multi-States
(Assam,
Meghalaya)","08/2010
03/2007",86.16,
662,"Multi-States
(Assam,
Nagaland)","02/2024
01/2025",10.0,
663,"Multi-States
(Assam,
Nagaland)","08/2015
02/2016",43.0,
664,"Multi-States
(Bihar, Delhi,
Jharkhand, Uttar
Pradesh, West
Bengal)","09/2019
09/2019",0.0,
665,"Multi-States
(Bihar, Jharkhand)","08/2023
08/2023",17.5,
666,"Multi-States
(Bihar, Jharkhand)","11/2004
03/2002",95.5,
667,"Multi-States
(Bihar, Jharkhand)","03/2014
03/2022",61.8,
668,"Multi-States
(Bihar, Uttar
Pradesh)","05/2022
06/2023",20.0,
669,"Multi-States
(Bihar, Uttar
Pradesh)","08/2023
03/2024",26.4,
670,"Multi-States
(Bihar, Uttar
Pradesh)","03/2013
12/2015",95.9,
671,"Multi-States
(Bihar, West
Bengal)","08/2022
08/2022",65.0,
672,"Multi-States
(Chhattisgarh,
Maharashtra)","10/2025
10/2025",0.0,
673,"Multi-States
(Chhattisgarh,
Maharashtra)","09/2016
12/2016",96.0,
674,"Multi-States
(Chhattisgarh,
Odisha)","09/2024
09/2024",4.0,
675,"Multi-States
(Chhattisgarh,
Odisha)","12/2015
03/2016",94.46,
676,"Multi-States
(Chhattisgarh,
Odisha)","09/2016
09/2016",97.0,
677,"Multi-States
(Dadra & Nagar
Haveli and Daman
& Diu, Gujarat,
Maharashtra)","03/2015
09/2017",59.86,
678,"Multi-States (Delhi,
Gujarat, Madhya
Pradesh,
Maharashtra,
Rajasthan)","09/2019
09/2019",66.32,
679,"Multi-States (Goa,
Karnataka)","03/2010
07/2012",86.13,
680,"Multi-States (Goa,
Karnataka)","07/2015
05/2018",99.65,
681,"Multi-States
(Gujarat, Haryana,
Maharashtra,
Rajasthan, Uttar
Pradesh)","02/2008
01/2012",96.0,
682,"Multi-States
(Gujarat, Madhya
Pradesh)","06/2012
06/2012",55.0,
683,"Multi-States
(Gujarat, Madhya
Pradesh)","11/2008
01/2014",80.3,
684,"Multi-States
(Gujarat,
Maharashtra)","09/2019
03/2023",93.0,
685,"Multi-States
(Gujarat,
Rajasthan)","07/2022
07/2022",37.0,
686,"Multi-States
(Gujarat,
Rajasthan)","02/2024
02/2024",30.0,
687,"Multi-States
(Haryana,
Himachal Pradesh)","02/2018
02/2018",43.0,
688,"Multi-States
(Haryana,
Rajasthan)","02/2023
12/2022",73.0,
689,"Multi-States
(Himachal
Pradesh, Punjab)","03/1983
05/1985",84.0,
690,"Multi-States
(Himachal
Pradesh, Punjab)","03/2009
04/2015",63.0,
691,"Multi-States
(Jharkhand,
Odisha)","03/2016
02/2017",92.0,
692,"Multi-States
(Jharkhand,
Odisha, West
Bengal)","08/2024
12/2024",0.0,
693,"Multi-States
(Jharkhand, West
Bengal)","09/2024
07/2025",0.0,
694,"Multi-States
(Jharkhand, West
Bengal)","09/2016
01/2018",97.5,
695,"Multi-States
(Karnataka, Tamil
Nadu)","04/2019
02/2019",88.0,
696,"Multi-States
(Kerala, Tamil
Nadu)","08/2017
03/2016",56.0,
697,"Multi-States
(Madhya Pradesh,
Maharashtra)","04/2008
03/2010",83.0,
698,"Multi-States
(Madhya Pradesh,
Maharashtra)","09/2016
09/2016",55.0,
699,"Multi-States
(Madhya Pradesh,
Rajasthan)","10/2015
05/2023",8.0,
700,"Multi-States
(Madhya Pradesh,
Rajasthan)","03/2011
07/2018",92.0,
701,"Multi-States
(Madhya Pradesh,
Rajasthan)","03/2001
10/2004",81.0,
702,"Multi-States
(Madhya Pradesh,
Rajasthan)","04/2017
09/2021",60.0,
703,"Multi-States
(Madhya Pradesh,
Rajasthan, Uttar
Pradesh)","12/2015
03/2018",95.48,
704,"Multi-States
(Madhya Pradesh,
Uttar Pradesh)","09/2016
03/2018",96.0,
705,"Multi-States
(Madhya Pradesh,
Uttar Pradesh)","03/2018
04/2019",68.0,
706,"Multi-States
(Maharashtra,
Telangana)","09/2016
10/2016",94.7,
707,"Multi-States
(Odisha, West
Bengal)","03/2019
03/2017",77.0,
708,"Multi-States
(Puducherry, Tamil
Nadu)","07/2008
01/2019",80.0,
709,"Multi-States
(Sikkim, West
Bengal)","10/2009
05/2010",93.0,
710,"Multi-States (Uttar
Pradesh, West
Bengal)","08/2017
12/2017",31.85,
711,Odisha,"10/2021
10/2021",38.0,
712,Odisha,"08/2022
07/2022",82.0,
713,Odisha,"08/2022
06/2022",52.0,
714,Odisha,"09/2022
06/2022",88.0,
715,Odisha,"01/2014
01/2014",56.0,
716,Odisha,"04/2023
04/2023",86.0,
717,Odisha,"09/2022
12/2023",31.0,
718,Odisha,"08/2024
09/2025",0.0,
719,Odisha,"08/2024
09/2025",0.0,
720,Odisha,"04/2023
10/2025",5.5,
721,Odisha,"08/2023
04/2025",10.5,
722,Odisha,"08/2024
04/2026",0.0,
723,Odisha,"08/2024
08/2025",0.0,
724,Odisha,"03/1994
03/2001",92.0,
725,Odisha,"03/2004
12/2004",56.0,
726,Odisha,"10/2015
04/2015",95.0,
727,Odisha,"12/2015
12/2015",74.6,
728,Odisha,"11/2015
12/2015",59.0,
729,Odisha,"07/2013
12/2015",89.0,
730,Odisha,"07/2017
04/2023",1.97,
731,Odisha,"02/2018
12/2023",23.1,
732,Odisha,"09/2018
09/2019",0.0,
733,Odisha,"09/2022
05/2025",5.0,
734,Offshore,"08/2015
03/2011",75.0,
735,PAN India,"06/2020
04/2023",48.0,
736,Punjab,"NA
10/2022",0.0,
737,Punjab,"03/2019
12/2022",57.0,
738,Rajasthan,"01/2023
01/2023",73.0,
739,Rajasthan,"09/2022
06/2023",0.0,
740,Rajasthan,"02/2024
02/2024",8.0,
741,Rajasthan,"02/2024
02/2024",12.0,
742,Rajasthan,"01/2024
01/2024",90.0,
743,Rajasthan,"04/2025
04/2025",0.0,
744,Rajasthan,"03/2019
04/2024",15.0,
745,Rajasthan,"03/2022
04/2020",49.5,
746,Rajasthan,"04/2019
04/2019",94.0,
747,Rajasthan,"02/2024
04/2023",19.0,
748,Rajasthan,"06/2022
02/2021",54.0,
749,Rajasthan,"11/2021
01/2022",98.0,
750,Rajasthan,"12/2022
01/2023",72.0,
751,Tamil Nadu,"11/2007
11/2008",99.9,
752,Tamil Nadu,"05/2022
10/2022",0.0,
753,Tamil Nadu,"12/2017
07/2018",0.0,
754,Tamil Nadu,"04/2011
09/2016",0.0,
755,Telangana,"08/2023
04/2025",0.05,
756,Telangana,"07/2016
02/2023",90.0,
757,Telangana,"09/2017
07/2017",0.0,
758,Telangana,"07/2016
01/2017",72.01,
759,Uttar Pradesh,"10/2018
03/2017",8.9,
760,Uttar Pradesh,"08/2019
03/2017",4.0,
761,Uttar Pradesh,"10/2024
10/2025",2.42,
762,Uttar Pradesh,"10/2023
11/2023",23.8,
763,Uttar Pradesh,"08/2023
01/2025",17.0,
764,Uttar Pradesh,"10/2022
05/2024",0.5,
765,Uttar Pradesh,"03/2023
02/2025",10.5,
766,Uttar Pradesh,"11/2017
07/2019",88.4,
767,Uttar Pradesh,"11/2017
03/2017",70.0,
768,Uttar Pradesh,"03/2017
11/2017",86.0,
769,Uttar Pradesh,"04/2019
10/2020",78.0,
770,Uttar Pradesh,"12/2015
03/2016",71.0,
771,Uttar Pradesh,"04/2019
09/2020",83.0,
772,Uttar Pradesh,"07/2020
04/2021",9.0,
773,Uttar Pradesh,"03/2018
03/2017",96.5,
774,Uttar Pradesh,"01/2019
04/2017",77.0,
775,Uttar Pradesh,"04/2020
02/2021",36.0,
776,Uttarakhand,"11/2016
08/2018",74.0,
777,West Bengal,"07/2015
11/2005",74.5,
778,West Bengal,"03/2001
02/2008",96.9,
779,West Bengal,"03/2010
10/2011",86.6,
780,West Bengal,"12/2010
12/2010",16.0,
781,West Bengal,"03/2024
12/2024",50.0,
782,West Bengal,"03/2010
04/2010",51.0,
783,West Bengal,"11/2010
03/2010",32.0,
784,West Bengal,"03/2010
03/2010",17.0,
785,"Andaman &
Nicobar","02/2018
03/2024",78.01,
786,"Andaman &
Nicobar","02/2018
05/2024",47.28,
787,"Andaman &
Nicobar","03/2015
05/2024",12.64,
788,Andhra Pradesh,"12/2021
09/2022",100.0,
789,Andhra Pradesh,"03/2023
03/2024",100.0,
790,Andhra Pradesh,"03/2022
05/2023",73.46,
791,Andhra Pradesh,"03/2020
11/2021",69.62,
792,Andhra Pradesh,"03/2023
12/2024",82.57,
793,Andhra Pradesh,"10/2024
09/2025",40.49,
794,Andhra Pradesh,"10/2024
07/2025",20.94,
795,Andhra Pradesh,"03/2023
02/2024",95.94,
796,Andhra Pradesh,"11/2016
05/2017",91.9,
797,Andhra Pradesh,"10/2022
11/2023",79.5,
798,Andhra Pradesh,"12/2021
05/2022",82.0,
799,Andhra Pradesh,"10/2024
08/2025",18.72,
800,Andhra Pradesh,"10/2024
08/2025",20.63,
801,Andhra Pradesh,"12/2022
03/2024",99.64,
802,Andhra Pradesh,"10/2024
04/2025",36.82,
803,Andhra Pradesh,"03/2022
10/2024",88.25,
804,Andhra Pradesh,"03/2018
09/2018",100.0,
805,Andhra Pradesh,"03/2022
01/2023",98.63,
806,Andhra Pradesh,"03/2022
09/2023",99.45,
807,Andhra Pradesh,"01/2022
01/2023",99.06,
808,Andhra Pradesh,"03/2021
07/2022",94.65,
809,Andhra Pradesh,"01/2024
04/2025",22.55,
810,Andhra Pradesh,"03/2018
08/2018",98.52,
811,Andhra Pradesh,"02/2016
05/2016",100.0,
812,Andhra Pradesh,"03/2017
09/2017",98.4,
813,Andhra Pradesh,"08/2016
01/2017",98.2,
814,Andhra Pradesh,"03/2016
09/2016",98.6,
815,Andhra Pradesh,"03/2023
01/2025",13.0,
816,Andhra Pradesh,"04/2020
11/2023",43.22,
817,Andhra Pradesh,"08/2020
10/2022",91.25,
818,Andhra Pradesh,"08/2020
07/2022",100.0,
819,Andhra Pradesh,"08/2020
09/2021",91.5,
820,Andhra Pradesh,"08/2020
03/2021",100.0,
821,Andhra Pradesh,"01/2018
10/2020",66.05,
822,Andhra Pradesh,"02/2021
06/2023",92.14,
823,Andhra Pradesh,"11/2020
10/2022",99.46,
824,Andhra Pradesh,"07/2024
03/2025",34.5,
825,Andhra Pradesh,"03/2025
10/2025",8.8,
826,Andhra Pradesh,"10/2018
01/2020",95.73,
827,Andhra Pradesh,"01/2020
07/2021",99.92,
828,Andhra Pradesh,"01/2018
01/2019",100.0,
829,Andhra Pradesh,"11/2017
03/2018",98.47,
830,Andhra Pradesh,"12/2022
03/2026",0.0,
831,Andhra Pradesh,"02/2021
02/2022",99.26,
832,Andhra Pradesh,"03/2020
01/2022",98.6,
833,Andhra Pradesh,"01/2023
02/2024",85.01,
834,Andhra Pradesh,"02/2023
02/2024",38.41,
835,Andhra Pradesh,"02/2022
02/2024",62.02,
836,Andhra Pradesh,"01/2023
02/2024",73.93,
837,Andhra Pradesh,"12/2022
03/2024",73.1,
838,Andhra Pradesh,"01/2023
03/2024",82.18,
839,Andhra Pradesh,"02/2023
02/2025",36.0,
840,Andhra Pradesh,"02/2023
02/2024",56.01,
841,Andhra Pradesh,"02/2023
03/2024",65.77,
842,Andhra Pradesh,"02/2023
02/2024",58.42,
843,Andhra Pradesh,"11/2020
09/2022",100.0,
844,Andhra Pradesh,"12/2020
09/2022",99.66,
845,Andhra Pradesh,"05/2022
09/2023",90.4,
846,Andhra Pradesh,"03/2022
10/2023",98.84,
847,Andhra Pradesh,"02/2022
01/2023",94.9,
848,Andhra Pradesh,"09/2022
08/2023",90.5,
849,Andhra Pradesh,"03/2018
12/2018",77.93,
850,Andhra Pradesh,"12/2024
02/2026",4.0,
851,Andhra Pradesh,"01/2023
02/2024",79.0,
852,Andhra Pradesh,"08/2022
09/2023",78.62,
853,Andhra Pradesh,"10/2022
07/2023",91.4,
854,Andhra Pradesh,"10/2022
08/2023",70.68,
855,Andhra Pradesh,"03/2023
11/2023",99.94,
856,Andhra Pradesh,"03/2024
12/2024",34.98,
857,Andhra Pradesh,"01/2020
02/2021",98.2,
858,Andhra Pradesh,"12/2022
03/2026",0.0,
859,Andhra Pradesh,"02/2021
03/2022",99.32,
860,Andhra Pradesh,"02/2021
10/2022",81.06,
861,Andhra Pradesh,"02/2023
02/2024",61.5,
862,Andhra Pradesh,"02/2023
02/2024",69.6,
863,Andhra Pradesh,"02/2023
02/2024",43.16,
864,Andhra Pradesh,"02/2023
02/2024",73.0,
865,Andhra Pradesh,"08/2022
10/2023",43.4,
866,Andhra Pradesh,"08/2022
12/2023",50.17,
867,Andhra Pradesh,"10/2022
07/2023",100.0,
868,Arunachal Pradesh,"03/2019
11/2020",96.61,
869,Arunachal Pradesh,"06/2020
12/2021",51.37,
870,Arunachal Pradesh,"02/2024
07/2025",1.7,
871,Arunachal Pradesh,"02/2024
03/2025",16.75,
872,Arunachal Pradesh,"02/2024
01/2025",49.23,
873,Arunachal Pradesh,"12/2023
05/2025",21.37,
874,Arunachal Pradesh,"01/2024
01/2025",39.1,
875,Arunachal Pradesh,"02/2017
10/2020",99.52,
876,Arunachal Pradesh,"02/2017
10/2020",99.69,
877,Arunachal Pradesh,"02/2017
03/2018",82.04,
878,Arunachal Pradesh,"08/2020
06/2025",17.91,
879,Arunachal Pradesh,"12/2023
02/2026",0.0,
880,Assam,"03/2022
04/2023",70.71,
881,Assam,"03/2024
04/2025",17.9,
882,Assam,"03/2023
02/2025",20.0,
883,Assam,"02/2024
09/2025",0.0,
884,Assam,"03/2025
12/2025",1.82,
885,Assam,"03/2023
12/2023",56.91,
886,Assam,"03/2023
12/2023",50.92,
887,Assam,"03/2023
12/2023",79.46,
888,Assam,"03/2021
10/2023",100.0,
889,Assam,"09/2021
11/2021",76.47,
890,Assam,"11/2023
12/2024",12.45,
891,Assam,"02/2024
02/2025",28.74,
892,Assam,"03/2020
06/2020",97.76,
893,Assam,"03/2023
08/2024",57.17,
894,Assam,"02/2024
08/2025",14.6,
895,Assam,"02/2024
02/2025",40.4,
896,Assam,"03/2024
03/2025",31.83,
897,Assam,"02/2024
04/2025",11.0,
898,Assam,"03/2024
09/2025",0.0,
899,Assam,"03/2023
02/2024",79.34,
900,Assam,"02/2023
01/2024",55.46,
901,Assam,"11/2021
01/2023",0.0,
902,Assam,"01/2023
11/2023",97.96,
903,Assam,"09/2021
07/2022",0.0,
904,Assam,"03/2018
11/2019",100.0,
905,Assam,"01/2024
01/2025",36.56,
906,Assam,"01/2023
12/2023",20.45,
907,Assam,"01/2023
05/2023",83.39,
908,Assam,"03/2023
08/2023",81.9,
909,Assam,"03/2023
08/2023",87.5,
910,Assam,"03/2023
08/2023",85.2,
911,Assam,"12/2023
03/2024",85.29,
912,Assam,"03/2022
11/2024",78.09,
913,Assam,"03/2022
01/2023",100.0,
914,Assam,"05/2019
12/2020",74.36,
915,Assam,"01/2016
10/2017",97.13,
916,Assam,"03/2015
12/2016",100.0,
917,Assam,"01/2016
09/2024",100.0,
918,Assam,"01/2016
01/2023",100.0,
919,Assam,"01/2024
02/2024",96.79,
920,Assam,"01/2016
10/2024",0.0,
921,Assam,"01/2016
10/2024",0.0,
922,Assam,"01/2024
02/2024",99.05,
923,Assam,"01/2024
02/2024",95.86,
924,Assam,"01/2024
02/2024",94.73,
925,Assam,"02/2020
12/2020",93.23,
926,Assam,"02/2020
09/2020",100.0,
927,Assam,"03/2022
12/2022",99.04,
928,Assam,"08/2024
01/2026",0.0,
929,Assam,"12/2017
05/2018",52.0,
930,Assam,"10/2014
10/2024",47.34,
931,Assam,"02/2023
02/2024",71.09,
932,Assam,"10/2014
10/2024",62.9,
933,Assam,"03/2022
01/2023",93.08,
934,Bihar,"03/2022
07/2023",81.7,
935,Bihar,"03/2021
11/2022",95.0,
936,Bihar,"03/2021
02/2023",95.66,
937,Bihar,"01/2014
11/2016",97.0,
938,Bihar,"01/2014
10/2016",99.74,
939,Bihar,"03/2023
07/2024",58.0,
940,Bihar,"02/2022
01/2025",0.05,
941,Bihar,"02/2016
05/2016",98.65,
942,Bihar,"02/2016
06/2016",98.78,
943,Bihar,"02/2016
05/2016",99.0,
944,Bihar,"02/2024
08/2024",44.0,
945,Bihar,"02/2022
05/2023",91.0,
946,Bihar,"01/2022
09/2024",3.1,
947,Bihar,"09/2022
01/2026",0.0,
948,Bihar,"02/2022
06/2023",93.0,
949,Bihar,"11/2022
12/2024",58.0,
950,Bihar,"01/2022
10/2024",33.0,
951,Bihar,"02/2019
03/2021",72.51,
952,Bihar,"09/2018
06/2021",94.2,
953,Bihar,"07/2020
05/2023",49.78,
954,Bihar,"01/2024
05/2024",10.69,
955,Bihar,"03/2023
09/2025",5.52,
956,Bihar,"11/2021
07/2022",64.05,
957,Bihar,"10/2021
03/2022",99.78,
958,Bihar,"04/2022
12/2023",80.46,
959,Bihar,"01/2021
01/2022",100.0,
960,Bihar,"01/2021
01/2022",100.0,
961,Bihar,"03/2023
09/2025",10.38,
962,Bihar,"03/2023
10/2025",14.08,
963,Bihar,"03/2023
10/2025",16.0,
964,Bihar,"09/2022
09/2023",19.02,
965,Bihar,"02/2022
03/2023",45.35,
966,Bihar,"02/2022
07/2023",43.6,
967,Bihar,"03/2022
02/2023",32.17,
968,Bihar,"01/2025
04/2026",0.0,
969,Bihar,"08/2020
01/2021",100.0,
970,Bihar,"03/2025
10/2025",15.93,
971,Bihar,"09/2022
01/2023",96.5,
972,Bihar,"03/2023
10/2024",41.0,
973,Bihar,"10/2024
01/2026",17.16,
974,Bihar,"01/2017
08/2018",100.0,
975,Bihar,"12/2015
10/2016",97.67,
976,Bihar,"10/2021
06/2022",93.88,
977,Bihar,"09/2020
04/2021",97.85,
978,Bihar,"09/2020
12/2021",99.14,
979,Bihar,"02/2017
12/2019",85.25,
980,Bihar,"03/2017
12/2018",91.03,
981,Bihar,"07/2010
01/2011",89.81,
982,Bihar,"02/2024
08/2024",68.87,
983,Bihar,"10/2022
03/2024",54.99,
984,Bihar,"09/2019
11/2020",89.01,
985,Bihar,"09/2019
11/2020",92.0,
986,Bihar,"07/2023
03/2024",80.83,
987,Bihar,"08/2022
11/2024",10.07,
988,Bihar,"02/2019
02/2020",89.23,
989,Bihar,"08/2022
01/2025",16.41,
990,Bihar,"01/2018
11/2019",99.66,
991,Bihar,"02/2024
10/2024",20.42,
992,Bihar,"03/2022
03/2024",24.67,
993,Bihar,"06/2022
02/2024",99.5,
994,Bihar,"12/2015
06/2017",99.95,
995,Bihar,"10/2022
12/2023",99.4,
996,Bihar,"01/2021
03/2022",78.09,
997,Bihar,"07/2013
12/2018",99.99,
998,Bihar,"01/2021
04/2022",75.04,
999,Bihar,"02/2021
03/2022",93.13,
1000,Bihar,"NA
08/2010",99.45,
1001,Bihar,"NA
05/2011",100.0,
1002,Chhattisgarh,"01/2024
04/2025",32.0,
1003,Chhattisgarh,"03/2018
01/2019",97.9,
1004,Chhattisgarh,"12/2022
03/2025",62.0,
1005,Chhattisgarh,"12/2022
12/2024",0.0,
1006,Chhattisgarh,"11/2017
05/2019",97.0,
1007,Chhattisgarh,"03/2022
05/2025",31.0,
1008,Chhattisgarh,"03/2022
07/2024",55.0,
1009,Chhattisgarh,"03/2022
05/2025",10.22,
1010,Chhattisgarh,"03/2022
07/2024",60.0,
1011,Chhattisgarh,"03/2022
01/2024",10.0,
1012,Chhattisgarh,"03/2020
05/2022",90.0,
1013,Chhattisgarh,"12/2020
03/2022",85.0,
1014,Chhattisgarh,"06/2022
07/2023",69.87,
1015,Chhattisgarh,"06/2022
06/2023",68.7,
1016,Chhattisgarh,"04/2020
03/2022",94.81,
1017,Chhattisgarh,"03/2022
02/2024",72.77,
1018,Chhattisgarh,"11/2021
09/2022",98.39,
1019,Chhattisgarh,"12/2021
01/2023",99.0,
1020,Chhattisgarh,"03/2022
10/2023",63.66,
1021,Chhattisgarh,"05/2022
09/2022",100.0,
1022,Chhattisgarh,"02/2021
01/2022",98.75,
1023,Chhattisgarh,"10/2015
04/2016",100.0,
1024,Chhattisgarh,"12/2019
12/2020",93.1,
1025,"Dadra & Nagar
Haveli and Daman
& Diu","10/2022
02/2024",52.0,
1026,Delhi,"07/2020
10/2021",99.99,
1027,Delhi,"07/2020
01/2022",98.25,
1028,Delhi,"01/2018
10/2019",100.0,
1029,Delhi,"03/2018
09/2020",98.8,
1030,Goa,"07/2024
02/2026",0.0,
1031,Goa,"04/2023
04/2024",90.59,
1032,Goa,"01/2024
08/2024",43.75,
1033,Gujarat,"10/2022
01/2025",35.0,
1034,Gujarat,"03/2024
08/2025",26.0,
1035,Gujarat,"03/2024
08/2025",33.0,
1036,Gujarat,"03/2024
09/2025",24.0,
1037,Gujarat,"03/2022
03/2024",98.0,
1038,Gujarat,"03/2023
06/2024",80.0,
1039,Gujarat,"04/2018
11/2018",99.55,
1040,Gujarat,"12/2022
02/2024",67.0,
1041,Gujarat,"02/2024
12/2025",11.0,
1042,Gujarat,"09/2022
12/2023",63.0,
1043,Gujarat,"09/2020
12/2022",77.2,
1044,Gujarat,"09/2020
11/2021",100.0,
1045,Gujarat,"11/2019
05/2021",100.0,
1046,Gujarat,"02/2018
11/2019",91.34,
1047,Gujarat,"05/2020
12/2021",98.9,
1048,Gujarat,"07/2020
11/2021",97.05,
1049,Gujarat,"07/2023
08/2024",4.85,
1050,Gujarat,"07/2023
04/2024",21.75,
1051,Gujarat,"05/2020
01/2022",100.0,
1052,Gujarat,"05/2020
01/2022",100.0,
1053,Gujarat,"05/2020
07/2021",100.0,
1054,Gujarat,"05/2020
12/2021",97.92,
1055,Gujarat,"06/2024
08/2024",84.15,
1056,Gujarat,"03/2024
01/2025",46.39,
1057,Gujarat,"01/2023
12/2023",57.59,
1058,Gujarat,"02/2020
08/2021",99.0,
1059,Gujarat,"02/2020
03/2021",99.7,
1060,Gujarat,"03/2024
02/2025",26.0,
1061,Gujarat,"03/2018
02/2019",100.0,
1062,Gujarat,"03/2022
01/2023",96.0,
1063,Gujarat,"02/2016
02/2018",98.79,
1064,Gujarat,"03/2022
04/2022",100.0,
1065,Gujarat,"08/2020
03/2021",100.0,
1066,Gujarat,"12/2021
03/2023",84.7,
1067,Gujarat,"03/2023
11/2025",13.98,
1068,Gujarat,"03/2023
11/2025",2.6,
1069,Gujarat,"11/2016
05/2017",100.0,
1070,Gujarat,"03/2022
09/2023",69.66,
1071,Gujarat,"01/2019
02/2020",100.0,
1072,Gujarat,"02/2016
02/2017",100.0,
1073,Gujarat,"02/2016
03/2017",97.93,
1074,Gujarat,"08/2020
03/2021",99.71,
1075,Gujarat,"03/2016
02/2017",100.0,
1076,Gujarat,"09/2020
02/2022",97.0,
1077,Haryana,"12/2020
12/2021",99.91,
1078,Haryana,"12/2020
01/2022",99.89,
1079,Haryana,"12/2020
12/2021",79.08,
1080,Haryana,"01/2021
12/2021",76.13,
1081,Haryana,"05/2024
05/2025",45.02,
1082,Haryana,"01/2019
07/2020",97.86,
1083,Haryana,"03/2022
06/2023",87.05,
1084,Haryana,"11/2022
12/2023",99.5,
1085,Haryana,"03/2022
02/2023",63.0,
1086,Haryana,"02/2023
10/2023",79.34,
1087,Haryana,"01/2019
07/2020",99.97,
1088,Haryana,"05/2020
11/2021",72.5,
1089,Haryana,"11/2022
08/2023",91.61,
1090,Himachal Pradesh,"08/2020
09/2021",98.16,
1091,Himachal Pradesh,"06/2021
06/2024",22.26,
1092,Himachal Pradesh,"03/2021
07/2023",23.24,
1093,Himachal Pradesh,"03/2021
05/2023",60.02,
1094,Himachal Pradesh,"08/2020
10/2022",67.92,
1095,Himachal Pradesh,"08/2020
06/2022",91.49,
1096,Himachal Pradesh,"08/2020
11/2023",55.85,
1097,Himachal Pradesh,"06/2023
03/2026",0.0,
1098,Himachal Pradesh,"03/2016
01/2018",100.0,
1099,Himachal Pradesh,"06/2017
03/2018",95.62,
1100,Himachal Pradesh,"02/2022
06/2022",100.0,
1101,Himachal Pradesh,"03/2022
09/2023",96.6,
1102,Himachal Pradesh,"06/2022
11/2024",92.01,
1103,Himachal Pradesh,"07/2022
03/2024",51.56,
1104,Himachal Pradesh,"02/2023
03/2025",27.8,
1105,Himachal Pradesh,"03/2022
04/2023",91.35,
1106,Himachal Pradesh,"03/2021
12/2022",97.45,
1107,Himachal Pradesh,"08/2022
10/2023",92.57,
1108,Himachal Pradesh,"01/2024
05/2025",20.95,
1109,Himachal Pradesh,"03/2022
04/2023",54.0,
1110,Himachal Pradesh,"04/2022
03/2024",63.17,
1111,Himachal Pradesh,"03/2018
11/2018",90.11,
1112,Himachal Pradesh,"03/2021
05/2022",60.06,
1113,"Jammu and
Kashmir","03/2024
01/2026",3.0,
1114,"Jammu and
Kashmir","09/2023
11/2024",45.0,
1115,"Jammu and
Kashmir","03/2023
09/2024",39.84,
1116,"Jammu and
Kashmir","03/2023
08/2024",50.01,
1117,"Jammu and
Kashmir","11/2021
06/2023",54.89,
1118,"Jammu and
Kashmir","06/2022
08/2023",83.0,
1119,"Jammu and
Kashmir","03/2024
11/2024",36.5,
1120,"Jammu and
Kashmir","03/2021
07/2022",100.0,
1121,"Jammu and
Kashmir","09/2021
07/2024",45.41,
1122,"Jammu and
Kashmir","10/2022
01/2024",70.03,
1123,"Jammu and
Kashmir","03/2020
09/2021",88.94,
1124,"Jammu and
Kashmir","03/2020
08/2021",92.01,
1125,"Jammu and
Kashmir","07/2021
07/2022",89.05,
1126,"Jammu and
Kashmir","07/2020
11/2022",94.0,
1127,"Jammu and
Kashmir","07/2020
10/2020",94.26,
1128,"Jammu and
Kashmir","03/2021
08/2021",53.49,
1129,"Jammu and
Kashmir","02/2021
03/2021",0.0,
1130,"Jammu and
Kashmir","03/2018
11/2018",0.0,
1131,"Jammu and
Kashmir","07/2020
10/2020",96.95,
1132,"Jammu and
Kashmir","03/2021
08/2021",50.05,
1133,"Jammu and
Kashmir","03/2021
07/2021",98.55,
1134,"Jammu and
Kashmir","03/2018
07/2019",0.0,
1135,"Jammu and
Kashmir","03/2018
01/2023",68.07,
1136,"Jammu and
Kashmir","10/2021
09/2022",88.87,
1137,"Jammu and
Kashmir","06/2022
06/2023",62.0,
1138,"Jammu and
Kashmir","09/2021
09/2022",94.14,
1139,"Jammu and
Kashmir","12/2022
11/2023",62.41,
1140,"Jammu and
Kashmir","03/2021
08/2021",87.0,
1141,"Jammu and
Kashmir","07/2021
08/2022",27.0,
1142,"Jammu and
Kashmir","07/2021
02/2022",87.1,
1143,"Jammu and
Kashmir","07/2021
02/2022",42.8,
1144,"Jammu and
Kashmir","11/2022
12/2023",48.8,
1145,"Jammu and
Kashmir","11/2022
06/2023",83.87,
1146,"Jammu and
Kashmir","06/2022
12/2022",74.63,
1147,"Jammu and
Kashmir","03/2024
08/2024",63.8,
1148,"Jammu and
Kashmir","03/2021
08/2021",99.97,
1149,Jharkhand,"01/2022
01/2023",87.0,
1150,Jharkhand,"02/2022
01/2024",3.0,
1151,Jharkhand,"02/2020
08/2021",93.0,
1152,Jharkhand,"03/2022
08/2023",0.0,
1153,Jharkhand,"03/2023
11/2025",8.5,
1154,Jharkhand,"05/2022
01/2024",46.22,
1155,Jharkhand,"01/2025
09/2025",11.8,
1156,Jharkhand,"08/2024
02/2026",1.0,
1157,Jharkhand,"03/2020
04/2022",98.96,
1158,Jharkhand,"02/2022
06/2023",86.57,
1159,Jharkhand,"02/2022
06/2023",78.1,
1160,Jharkhand,"03/2024
09/2024",43.21,
1161,Jharkhand,"01/2025
12/2025",0.0,
1162,Jharkhand,"09/2020
10/2021",93.45,
1163,Jharkhand,"10/2022
11/2023",76.95,
1164,Jharkhand,"03/2023
10/2024",26.6,
1165,Jharkhand,"02/2024
01/2026",5.0,
1166,Jharkhand,"02/2017
11/2019",98.5,
1167,Jharkhand,"03/2022
05/2023",99.5,
1168,Jharkhand,"03/2018
12/2021",91.83,
1169,Jharkhand,"09/2022
12/2023",86.44,
1170,Jharkhand,"11/2024
01/2026",5.02,
1171,Jharkhand,"03/2023
01/2026",12.0,
1172,Karnataka,"08/2020
06/2021",52.0,
1173,Karnataka,"11/2022
07/2025",0.0,
1174,Karnataka,"03/2023
01/2026",0.0,
1175,Karnataka,"03/2022
02/2023",93.25,
1176,Karnataka,"03/2022
03/2023",82.0,
1177,Karnataka,"03/2019
05/2019",68.0,
1178,Karnataka,"03/2022
02/2023",75.0,
1179,Karnataka,"03/2023
09/2024",64.33,
1180,Karnataka,"03/2022
08/2022",92.65,
1181,Karnataka,"02/2023
03/2024",65.0,
1182,Karnataka,"02/2023
06/2025",20.0,
1183,Karnataka,"01/2022
01/2023",78.08,
1184,Karnataka,"02/2022
11/2022",0.0,
1185,Karnataka,"01/2021
12/2021",75.0,
1186,Karnataka,"03/2023
07/2025",40.0,
1187,Karnataka,"03/2022
01/2023",93.0,
1188,Karnataka,"02/2023
09/2024",30.0,
1189,Karnataka,"01/2022
12/2022",76.86,
1190,Karnataka,"03/2019
12/2019",0.0,
1191,Karnataka,"01/2023
03/2024",40.0,
1192,Karnataka,"02/2023
01/2025",0.0,
1193,Karnataka,"01/2023
02/2024",46.52,
1194,Karnataka,"12/2022
08/2025",0.0,
1195,Karnataka,"01/2024
11/2025",0.0,
1196,Karnataka,"12/2021
03/2023",82.89,
1197,Karnataka,"01/2017
01/2018",98.87,
1198,Karnataka,"08/2020
04/2021",99.2,
1199,Karnataka,"02/2022
12/2022",76.12,
1200,Karnataka,"03/2023
11/2024",45.8,
1201,Karnataka,"01/2024
04/2025",19.25,
1202,Karnataka,"02/2024
03/2025",42.04,
1203,Karnataka,"02/2024
08/2024",35.5,
1204,Karnataka,"03/2018
01/2021",99.5,
1205,Karnataka,"12/2020
11/2021",94.21,
1206,Karnataka,"02/2018
05/2019",99.19,
1207,Karnataka,"11/2024
01/2026",5.63,
1208,Karnataka,"03/2023
05/2023",91.45,
1209,Karnataka,"03/2018
12/2020",91.65,
1210,Karnataka,"02/2023
04/2025",20.1,
1211,Karnataka,"02/2023
12/2025",7.18,
1212,Karnataka,"02/2023
04/2025",14.85,
1213,Karnataka,"01/2023
04/2025",13.05,
1214,Karnataka,"01/2019
10/2021",82.88,
1215,Karnataka,"03/2021
10/2022",70.22,
1216,Karnataka,"04/2010
06/2011",100.0,
1217,Karnataka,"03/2021
08/2022",59.83,
1218,Karnataka,"02/2022
02/2023",94.72,
1219,Karnataka,"02/2020
02/2021",99.2,
1220,Karnataka,"07/2012
03/2014",97.8,
1221,Karnataka,"03/2023
11/2024",33.04,
1222,Karnataka,"02/2024
09/2025",8.88,
1223,Karnataka,"02/2024
06/2025",32.57,
1224,Karnataka,"12/2015
03/2017",97.8,
1225,Karnataka,"02/2018
12/2019",99.19,
1226,Karnataka,"07/2016
03/2017",99.65,
1227,Karnataka,"09/2021
03/2022",21.12,
1228,Karnataka,"03/2015
02/2016",100.0,
1229,Karnataka,"04/2016
08/2017",99.7,
1230,Karnataka,"03/2018
03/2019",72.77,
1231,Karnataka,"03/2022
04/2023",73.9,
1232,Karnataka,"04/2020
01/2021",82.34,
1233,Karnataka,"02/2018
10/2019",100.0,
1234,Karnataka,"02/2018
10/2019",99.97,
1235,Karnataka,"02/2018
03/2021",97.3,
1236,Kerala,"02/2017
08/2017",98.0,
1237,Kerala,"06/2020
10/2021",90.18,
1238,Kerala,"08/2020
11/2021",82.87,
1239,Kerala,"10/2020
10/2021",60.07,
1240,Kerala,"03/2020
12/2020",100.0,
1241,Kerala,"01/2021
01/2022",99.75,
1242,Kerala,"02/2021
01/2022",98.84,
1243,Kerala,"06/2021
09/2022",88.2,
1244,Kerala,"06/2021
09/2022",84.18,
1245,Kerala,"11/2021
10/2022",64.93,
1246,Kerala,"08/2022
02/2023",83.93,
1247,Kerala,"09/2021
03/2022",78.28,
1248,Kerala,"12/2021
08/2022",71.2,
1249,Kerala,"06/2021
04/2022",73.89,
1250,Kerala,"09/2022
06/2023",52.71,
1251,Kerala,"02/2018
02/2021",98.75,
1252,Kerala,"06/2020
10/2021",86.65,
1253,Kerala,"06/2021
10/2022",81.8,
1254,Kerala,"12/2021
07/2022",44.34,
1255,Ladakh,"03/2021
07/2021",90.59,
1256,Ladakh,"03/2021
07/2021",82.74,
1257,Ladakh,"03/2021
07/2021",75.38,
1258,Madhya Pradesh,"03/2024
02/2025",50.0,
1259,Madhya Pradesh,"03/2015
08/2015",94.5,
1260,Madhya Pradesh,"03/2022
01/2024",29.09,
1261,Madhya Pradesh,"01/2022
09/2023",93.68,
1262,Madhya Pradesh,"03/2022
05/2023",88.0,
1263,Madhya Pradesh,"03/2022
02/2023",64.71,
1264,Madhya Pradesh,"02/2024
12/2025",19.31,
1265,Madhya Pradesh,"03/2023
11/2024",53.0,
1266,Madhya Pradesh,"03/2023
11/2024",25.3,
1267,Madhya Pradesh,"03/2022
01/2024",87.5,
1268,Madhya Pradesh,"02/2024
03/2026",0.0,
1269,Madhya Pradesh,"03/2022
06/2023",67.0,
1270,Madhya Pradesh,"03/2022
10/2023",60.0,
1271,Madhya Pradesh,"12/2021
04/2023",78.0,
1272,Madhya Pradesh,"03/2023
12/2024",86.03,
1273,Madhya Pradesh,"02/2023
10/2024",69.25,
1274,Madhya Pradesh,"03/2023
12/2024",68.41,
1275,Madhya Pradesh,"03/2023
12/2024",13.11,
1276,Madhya Pradesh,"03/2023
03/2024",40.3,
1277,Madhya Pradesh,"03/2022
01/2024",47.29,
1278,Madhya Pradesh,"03/2025
01/2026",0.0,
1279,Madhya Pradesh,"08/2022
01/2023",76.77,
1280,Madhya Pradesh,"03/2022
01/2023",84.8,
1281,Madhya Pradesh,"01/2021
04/2022",89.0,
1282,Madhya Pradesh,"11/2022
02/2024",86.2,
1283,Madhya Pradesh,"12/2009
08/2010",99.93,
1284,Madhya Pradesh,"11/2022
10/2023",63.62,
1285,Madhya Pradesh,"03/2024
08/2024",85.42,
1286,Madhya Pradesh,"10/2024
11/2025",8.96,
1287,Madhya Pradesh,"10/2024
03/2026",1.7,
1288,Madhya Pradesh,"09/2022
12/2023",83.34,
1289,Madhya Pradesh,"02/2022
11/2022",88.0,
1290,Madhya Pradesh,"03/2021
04/2022",98.64,
1291,Madhya Pradesh,"08/2022
08/2024",87.65,
1292,Madhya Pradesh,"10/2024
10/2025",20.84,
1293,Madhya Pradesh,"03/2025
12/2025",5.08,
1294,Madhya Pradesh,"10/2024
11/2025",25.02,
1295,Madhya Pradesh,"11/2022
03/2024",74.56,
1296,Madhya Pradesh,"09/2022
03/2024",77.0,
1297,Madhya Pradesh,"08/2022
03/2024",76.1,
1298,Madhya Pradesh,"09/2022
03/2023",88.0,
1299,Madhya Pradesh,"10/2024
10/2025",25.12,
1300,Madhya Pradesh,"01/2022
11/2022",91.73,
1301,Madhya Pradesh,"01/2020
10/2021",98.21,
1302,Madhya Pradesh,"01/2021
07/2021",57.14,
1303,Madhya Pradesh,"12/2021
09/2022",99.0,
1304,Madhya Pradesh,"10/2022
09/2023",69.04,
1305,Madhya Pradesh,"08/2017
02/2018",100.0,
1306,Madhya Pradesh,"08/2023
04/2024",84.44,
1307,Madhya Pradesh,"02/2024
01/2026",10.07,
1308,Madhya Pradesh,"03/2024
03/2026",0.0,
1309,Madhya Pradesh,"03/2024
08/2025",18.4,
1310,Madhya Pradesh,"02/2024
03/2025",42.83,
1311,Madhya Pradesh,"03/2025
01/2026",8.02,
1312,Madhya Pradesh,"02/2024
08/2025",15.72,
1313,Madhya Pradesh,"03/2023
01/2026",0.0,
1314,Madhya Pradesh,"01/2020
08/2021",99.8,
1315,Madhya Pradesh,"01/2023
03/2024",40.25,
1316,Maharashtra,"03/2024
10/2025",6.05,
1317,Maharashtra,"03/2021
03/2022",95.0,
1318,Maharashtra,"03/2022
07/2023",70.14,
1319,Maharashtra,"02/2023
03/2024",100.0,
1320,Maharashtra,"07/2017
09/2017",95.84,
1321,Maharashtra,"11/2024
04/2026",0.0,
1322,Maharashtra,"12/2024
09/2025",10.0,
1323,Maharashtra,"09/2018
10/2018",98.37,
1324,Maharashtra,"03/2025
10/2025",52.09,
1325,Maharashtra,"03/2016
02/2018",97.5,
1326,Maharashtra,"03/2016
11/2017",80.06,
1327,Maharashtra,"03/2016
11/2017",90.14,
1328,Maharashtra,"06/2022
01/2023",80.0,
1329,Maharashtra,"03/2024
05/2025",74.54,
1330,Maharashtra,"03/2024
05/2025",68.95,
1331,Maharashtra,"03/2022
11/2023",42.78,
1332,Maharashtra,"03/2022
04/2023",95.88,
1333,Maharashtra,"03/2024
05/2025",72.2,
1334,Maharashtra,"03/2024
01/2025",95.0,
1335,Maharashtra,"02/2023
02/2024",34.15,
1336,Maharashtra,"03/2024
03/2025",56.86,
1337,Maharashtra,"03/2022
03/2024",31.97,
1338,Maharashtra,"09/2024
06/2025",27.0,
1339,Maharashtra,"03/2022
04/2023",65.14,
1340,Maharashtra,"02/2017
06/2017",97.25,
1341,Maharashtra,"03/2018
06/2018",86.3,
1342,Maharashtra,"02/2024
10/2024",87.0,
1343,Maharashtra,"01/2017
06/2017",91.89,
1344,Maharashtra,"03/2021
11/2022",93.75,
1345,Maharashtra,"03/2024
10/2024",100.0,
1346,Maharashtra,"03/2021
06/2022",61.61,
1347,Maharashtra,"02/2023
09/2024",69.15,
1348,Maharashtra,"03/2021
02/2022",91.0,
1349,Maharashtra,"03/2024
05/2025",49.89,
1350,Maharashtra,"03/2024
05/2025",41.13,
1351,Maharashtra,"03/2024
04/2025",43.46,
1352,Maharashtra,"03/2024
05/2025",15.0,
1353,Maharashtra,"01/2017
08/2017",96.19,
1354,Maharashtra,"01/2017
08/2017",98.08,
1355,Maharashtra,"03/2022
01/2023",68.93,
1356,Maharashtra,"03/2024
01/2025",70.8,
1357,Maharashtra,"03/2017
06/2017",82.0,
1358,Maharashtra,"02/2017
06/2017",83.93,
1359,Maharashtra,"03/2024
04/2025",100.0,
1360,Maharashtra,"03/2022
05/2023",93.46,
1361,Maharashtra,"03/2025
01/2026",21.6,
1362,Maharashtra,"03/2018
06/2018",99.15,
1363,Maharashtra,"02/2024
12/2024",72.0,
1364,Maharashtra,"03/2024
08/2024",93.01,
1365,Maharashtra,"03/2018
06/2018",89.08,
1366,Maharashtra,"03/2023
01/2024",98.0,
1367,Maharashtra,"02/2023
11/2023",99.75,
1368,Maharashtra,"03/2018
01/2022",93.0,
1369,Maharashtra,"02/2023
07/2024",48.5,
1370,Maharashtra,"06/2020
05/2022",99.76,
1371,Maharashtra,"06/2020
02/2022",90.86,
1372,Maharashtra,"05/2021
11/2022",86.0,
1373,Maharashtra,"05/2021
11/2022",91.5,
1374,Maharashtra,"06/2021
11/2022",90.7,
1375,Maharashtra,"09/2021
01/2023",84.25,
1376,Maharashtra,"01/2025
06/2025",14.7,
1377,Maharashtra,"11/2017
02/2019",87.27,
1378,Maharashtra,"12/2021
01/2023",49.88,
1379,Maharashtra,"12/2021
12/2022",73.96,
1380,Maharashtra,"03/2023
07/2023",81.77,
1381,Maharashtra,"02/2024
10/2024",31.5,
1382,Maharashtra,"03/2025
06/2025",76.0,
1383,Maharashtra,"02/2021
11/2021",99.79,
1384,Maharashtra,"12/2022
03/2023",96.89,
1385,Maharashtra,"12/2023
10/2024",62.03,
1386,Maharashtra,"01/2025
07/2025",26.37,
1387,Maharashtra,"08/2022
11/2023",48.0,
1388,Maharashtra,"06/2016
01/2019",98.84,
1389,Maharashtra,"03/2018
03/2019",100.0,
1390,Maharashtra,"03/2018
03/2019",96.2,
1391,Maharashtra,"02/2021
01/2022",97.69,
1392,Maharashtra,"03/2025
06/2025",33.37,
1393,Maharashtra,"10/2024
04/2025",36.32,
1394,Maharashtra,"02/2022
05/2023",79.18,
1395,Maharashtra,"02/2022
05/2023",66.45,
1396,Maharashtra,"02/2021
10/2021",81.54,
1397,Maharashtra,"02/2025
07/2025",29.96,
1398,Maharashtra,"03/2025
01/2026",0.0,
1399,Maharashtra,"02/2021
03/2022",80.57,
1400,Maharashtra,"09/2009
10/2010",99.05,
1401,Maharashtra,"06/2022
11/2022",81.63,
1402,Maharashtra,"02/2022
11/2022",93.75,
1403,Maharashtra,"01/2021
09/2021",86.2,
1404,Maharashtra,"08/2020
03/2022",99.38,
1405,Maharashtra,"03/2018
01/2019",76.6,
1406,Maharashtra,"10/2021
05/2022",98.52,
1407,Maharashtra,"01/2021
09/2021",97.4,
1408,Manipur,"03/2021
07/2021",90.96,
1409,Manipur,"09/2020
12/2024",55.15,
1410,Manipur,"09/2020
10/2020",91.31,
1411,Manipur,"09/2020
02/2025",48.16,
1412,Manipur,"03/2020
07/2020",97.12,
1413,Manipur,"03/2020
07/2020",88.85,
1414,Manipur,"03/2023
12/2024",23.56,
1415,Manipur,"03/2023
12/2024",22.55,
1416,Manipur,"03/2023
05/2025",14.08,
1417,Manipur,"01/2023
12/2023",90.52,
1418,Manipur,"12/2021
02/2023",95.0,
1419,Manipur,"12/2021
11/2022",89.95,
1420,Manipur,"09/2021
06/2022",84.86,
1421,Manipur,"03/2021
09/2021",86.33,
1422,Manipur,"03/2021
03/2025",76.18,
1423,Manipur,"03/2021
08/2021",82.93,
1424,Manipur,"06/2020
08/2020",85.09,
1425,Manipur,"04/2020
07/2020",96.35,
1426,Manipur,"04/2020
07/2020",96.54,
1427,Manipur,"06/2020
11/2025",0.97,
1428,Manipur,"04/2020
08/2025",21.39,
1429,Manipur,"07/2021
09/2021",95.28,
1430,Manipur,"03/2021
06/2021",100.0,
1431,Manipur,"09/2021
11/2021",84.87,
1432,Manipur,"09/2021
11/2021",86.73,
1433,Manipur,"03/2023
03/2024",79.5,
1434,Manipur,"09/2021
07/2023",90.91,
1435,Manipur,"09/2021
08/2022",96.8,
1436,Manipur,"02/2021
06/2021",100.0,
1437,Manipur,"02/2021
06/2021",74.58,
1438,Meghalaya,"08/2020
02/2022",99.1,
1439,Meghalaya,"12/2023
05/2025",2.5,
1440,Meghalaya,"03/2023
09/2025",24.13,
1441,Meghalaya,"03/2023
03/2025",38.75,
1442,Meghalaya,"07/2020
05/2024",38.77,
1443,Meghalaya,"07/2020
04/2024",49.05,
1444,Meghalaya,"07/2020
02/2024",49.31,
1445,Meghalaya,"07/2020
10/2023",93.06,
1446,Meghalaya,"09/2021
05/2022",80.49,
1447,Meghalaya,"03/2023
09/2024",50.91,
1448,Meghalaya,"03/2023
09/2024",46.51,
1449,Meghalaya,"03/2023
09/2024",68.85,
1450,Mizoram,"12/2021
07/2025",17.86,
1451,Mizoram,"12/2021
07/2025",17.12,
1452,Mizoram,"11/2021
07/2025",11.86,
1453,Mizoram,"12/2021
07/2025",6.72,
1454,Mizoram,"02/2024
10/2025",18.9,
1455,Mizoram,"02/2024
11/2025",13.95,
1456,Mizoram,"01/2024
12/2025",0.0,
1457,Mizoram,"02/2023
10/2025",15.1,
1458,Mizoram,"09/2021
09/2023",95.31,
1459,Mizoram,"03/2020
07/2020",0.0,
1460,Mizoram,"03/2020
07/2020",0.0,
1461,Mizoram,"03/2021
06/2021",64.78,
1462,Mizoram,"06/2021
07/2021",61.34,
1463,Mizoram,"09/2019
10/2019",95.35,
1464,Mizoram,"09/2019
10/2019",97.51,
1465,Mizoram,"09/2019
12/2019",98.73,
1466,Mizoram,"09/2019
10/2020",100.0,
1467,Mizoram,"09/2019
03/2020",99.82,
1468,Mizoram,"09/2019
10/2019",99.88,
1469,Mizoram,"02/2023
12/2024",4.71,
1470,Mizoram,"12/2021
11/2023",75.35,
1471,"Multi-States
(Andhra Pradesh,
Karnataka)","12/2020
10/2022",98.47,
1472,"Multi-States
(Andhra Pradesh,
Odisha)","02/2021
03/2022",96.23,
1473,"Multi-States
(Andhra Pradesh,
Tamil Nadu)","10/2020
05/2022",99.02,
1474,"Multi-States
(Andhra Pradesh,
Tamil Nadu)","03/2021
01/2023",98.89,
1475,"Multi-States
(Andhra Pradesh,
Tamil Nadu)","12/2024
09/2025",10.07,
1476,"Multi-States
(Andhra Pradesh,
Tamil Nadu)","02/2021
12/2022",99.19,
1477,"Multi-States
(Andhra Pradesh,
Tamil Nadu)","02/2021
10/2023",97.75,
1478,"Multi-States
(Andhra Pradesh,
Tamil Nadu)","12/2017
03/2018",100.0,
1479,"Multi-States
(Andhra Pradesh,
Telangana)","01/2021
09/2022",98.82,
1480,"Multi-States
(Andhra Pradesh,
Telangana)","03/2023
05/2025",2.8,
1481,"Multi-States
(Andhra Pradesh,
Telangana)","03/2023
03/2025",22.08,
1482,"Multi-States
(Andhra Pradesh,
Telangana)","01/2022
01/2023",65.24,
1483,"Multi-States
(Arunachal
Pradesh, Assam)","03/2023
09/2024",96.7,
1484,"Multi-States
(Bihar, Jharkhand)","02/2021
12/2024",20.88,
1485,"Multi-States
(Bihar, Jharkhand)","06/2021
03/2022",97.92,
1486,"Multi-States
(Bihar, Jharkhand)","03/2023
07/2025",17.1,
1487,"Multi-States
(Bihar, Jharkhand)","09/2020
03/2022",91.3,
1488,"Multi-States
(Bihar, Jharkhand)","10/2016
11/2020",85.17,
1489,"Multi-States
(Bihar, Jharkhand)","12/2017
06/2019",78.0,
1490,"Multi-States
(Bihar, Jharkhand)","02/2021
08/2022",91.16,
1491,"Multi-States
(Bihar, Uttar
Pradesh)","02/2009
09/2011",95.58,
1492,"Multi-States
(Bihar, Uttar
Pradesh)","03/2023
11/2024",38.92,
1493,"Multi-States
(Bihar, Uttar
Pradesh)","03/2024
08/2025",15.51,
1494,"Multi-States
(Bihar, Uttar
Pradesh)","10/2022
08/2023",78.15,
1495,"Multi-States
(Bihar, West
Bengal)","01/2025
12/2025",9.21,
1496,"Multi-States
(Chhattisgarh,
Odisha)","02/2021
03/2022",99.95,
1497,"Multi-States
(Dadra & Nagar
Haveli and Daman
& Diu, Gujarat,
Maharashtra)","10/2020
03/2022",36.23,
1498,"Multi-States (Delhi,
Haryana)","01/2018
11/2018",100.0,
1499,"Multi-States (Delhi,
Uttar Pradesh)","09/2020
06/2022",100.0,
1500,"Multi-States (Goa,
Karnataka)","01/2022
11/2022",82.45,
1501,"Multi-States
(Gujarat,
Maharashtra)","12/2019
09/2020",97.66,
1502,"Multi-States
(Haryana, Punjab)","01/2021
05/2022",98.7,
1503,"Multi-States
(Haryana, Punjab)","11/2021
12/2022",98.0,
1504,"Multi-States
(Haryana, Punjab)","10/2022
06/2023",100.0,
1505,"Multi-States
(Haryana, Punjab)","02/2023
12/2023",70.83,
1506,"Multi-States
(Haryana, Punjab)","03/2022
10/2023",80.65,
1507,"Multi-States
(Haryana, Punjab)","05/2022
05/2023",71.11,
1508,"Multi-States
(Haryana,
Rajasthan)","08/2022
12/2022",87.14,
1509,"Multi-States
(Haryana, Uttar
Pradesh)","03/2024
08/2025",7.5,
1510,"Multi-States
(Haryana, Uttar
Pradesh)","06/2022
05/2023",74.5,
1511,"Multi-States
(Haryana, Uttar
Pradesh)","07/2022
06/2023",69.77,
1512,"Multi-States
(Himachal
Pradesh, Punjab)","03/2023
05/2025",24.87,
1513,"Multi-States
(Himachal
Pradesh,
Uttarakhand)","03/2022
05/2023",94.25,
1514,"Multi-States
(Jammu and
Kashmir, Punjab)","10/2021
09/2022",83.6,
1515,"Multi-States
(Jharkhand, Uttar
Pradesh)","03/2022
09/2023",92.02,
1516,"Multi-States
(Jharkhand, West
Bengal)","08/2010
04/2014",100.0,
1517,"Multi-States
(Jharkhand, West
Bengal)","03/2023
09/2025",17.22,
1518,"Multi-States
(Jharkhand, West
Bengal)","03/2018
12/2019",97.4,
1519,"Multi-States
(Jharkhand, West
Bengal)","02/2025
02/2026",4.3,
1520,"Multi-States
(Jharkhand, West
Bengal)","03/2016
12/2017",99.84,
1521,"Multi-States
(Karnataka,
Kerala)","05/2020
11/2021",99.2,
1522,"Multi-States
(Karnataka,
Maharashtra)","11/2021
10/2022",100.0,
1523,"Multi-States
(Karnataka,
Maharashtra)","01/2022
10/2022",83.5,
1524,"Multi-States
(Karnataka,
Maharashtra)","03/2023
10/2024",47.0,
1525,"Multi-States
(Karnataka, Tamil
Nadu)","03/2022
05/2023",75.76,
1526,"Multi-States
(Karnataka, Tamil
Nadu)","10/2021
10/2022",78.7,
1527,"Multi-States
(Karnataka,
Telangana)","03/2022
11/2022",99.51,
1528,"Multi-States
(Karnataka,
Telangana)","02/2022
01/2023",90.13,
1529,"Multi-States
(Kerala,
Puducherry)","09/2017
12/2017",100.0,
1530,"Multi-States
(Madhya Pradesh,
Maharashtra)","12/2022
03/2024",64.0,
1531,"Multi-States
(Madhya Pradesh,
Uttar Pradesh)","02/2023
03/2024",95.19,
1532,"Multi-States
(Madhya Pradesh,
Uttar Pradesh)","10/2024
09/2025",30.89,
1533,"Multi-States
(Maharashtra,
Telangana)","03/2018
04/2019",96.02,
1534,"Multi-States
(Maharashtra,
Telangana)","03/2022
10/2022",100.0,
1535,"Multi-States
(Maharashtra,
Telangana)","03/2022
03/2024",68.15,
1536,"Multi-States
(Puducherry, Tamil
Nadu)","03/2018
11/2021",98.32,
1537,"Multi-States
(Puducherry, Tamil
Nadu)","03/2018
11/2021",98.75,
1538,"Multi-States
(Puducherry, Tamil
Nadu)","03/2018
10/2020",82.3,
1539,"Multi-States
(Rajasthan, Uttar
Pradesh)","03/2024
04/2025",100.0,
1540,"Multi-States (Uttar
Pradesh,
Uttarakhand)","04/2022
11/2022",99.29,
1541,"Multi-States (Uttar
Pradesh,
Uttarakhand)","01/2023
03/2024",35.2,
1542,"Multi-States (Uttar
Pradesh,
Uttarakhand)","04/2025
10/2025",11.12,
1543,"Multi-States (Uttar
Pradesh,
Uttarakhand)","03/2023
01/2024",99.1,
1544,"Multi-States (Uttar
Pradesh,
Uttarakhand)","02/2023
03/2024",44.14,
1545,"Multi-States (Uttar
Pradesh,
Uttarakhand)","11/2021
02/2023",91.5,
1546,"Multi-States (Uttar
Pradesh,
Uttarakhand)","12/2015
01/2018",97.64,
1547,Nagaland,"06/2020
06/2024",44.46,
1548,Nagaland,"02/2021
06/2023",0.0,
1549,Nagaland,"03/2021
07/2022",100.0,
1550,Nagaland,"07/2020
10/2020",45.52,
1551,Nagaland,"07/2020
06/2023",37.38,
1552,Nagaland,"07/2020
10/2020",69.82,
1553,Nagaland,"07/2020
11/2023",25.61,
1554,Nagaland,"03/2020
11/2023",93.04,
1555,Nagaland,"03/2020
01/2024",40.88,
1556,Nagaland,"03/2016
09/2023",82.59,
1557,Nagaland,"02/2017
09/2017",0.0,
1558,Nagaland,"12/2022
08/2023",87.0,
1559,Nagaland,"12/2022
08/2023",85.67,
1560,Nagaland,"12/2022
08/2023",54.66,
1561,Nagaland,"02/2021
06/2023",93.37,
1562,Nagaland,"01/2021
09/2023",96.53,
1563,Nagaland,"03/2021
09/2023",99.5,
1564,Nagaland,"03/2018
08/2023",100.0,
1565,Nagaland,"03/2018
09/2023",75.05,
1566,Odisha,"03/2023
04/2025",0.0,
1567,Odisha,"03/2022
02/2024",56.11,
1568,Odisha,"03/2023
12/2024",21.0,
1569,Odisha,"02/2022
04/2023",55.0,
1570,Odisha,"12/2021
05/2023",70.09,
1571,Odisha,"01/2022
06/2025",3.0,
1572,Odisha,"03/2022
06/2023",60.65,
1573,Odisha,"09/2021
01/2025",21.0,
1574,Odisha,"02/2023
05/2025",20.0,
1575,Odisha,"01/2022
05/2023",100.0,
1576,Odisha,"02/2022
05/2023",82.0,
1577,Odisha,"03/2021
03/2022",75.0,
1578,Odisha,"11/2021
06/2023",72.0,
1579,Odisha,"03/2022
02/2024",60.0,
1580,Odisha,"03/2023
04/2025",15.0,
1581,Odisha,"03/2022
10/2024",20.25,
1582,Odisha,"11/2014
03/2019",91.32,
1583,Odisha,"03/2024
06/2024",50.0,
1584,Odisha,"09/2023
11/2024",18.0,
1585,Odisha,"03/2025
05/2025",8.8,
1586,Odisha,"09/2021
05/2022",94.81,
1587,Odisha,"08/2021
06/2022",98.96,
1588,Odisha,"12/2021
10/2022",97.47,
1589,Odisha,"09/2023
06/2024",99.98,
1590,Odisha,"12/2024
02/2026",1.5,
1591,Odisha,"09/2020
03/2021",99.0,
1592,Odisha,"03/2023
12/2023",91.0,
1593,Odisha,"03/2023
12/2023",91.0,
1594,Odisha,"03/2023
12/2023",92.3,
1595,Odisha,"04/2022
08/2022",38.0,
1596,Odisha,"10/2017
12/2018",96.52,
1597,Odisha,"01/2009
12/2011",97.48,
1598,Odisha,"03/2021
04/2022",99.7,
1599,Odisha,"09/2016
03/2017",99.98,
1600,Odisha,"10/2017
01/2018",99.0,
1601,Odisha,"01/2018
02/2019",99.0,
1602,Odisha,"01/2018
02/2020",86.0,
1603,Odisha,"03/2023
11/2024",32.0,
1604,Odisha,"02/2021
03/2022",99.95,
1605,Odisha,"10/2017
03/2018",99.66,
1606,Punjab,"03/2023
05/2025",45.0,
1607,Punjab,"03/2022
10/2023",100.0,
1608,Punjab,"03/2021
10/2023",83.0,
1609,Punjab,"12/2020
07/2022",95.8,
1610,Punjab,"12/2020
03/2023",31.08,
1611,Punjab,"12/2020
07/2022",73.26,
1612,Punjab,"12/2020
07/2022",62.99,
1613,Punjab,"03/2021
11/2022",43.45,
1614,Punjab,"03/2021
01/2024",27.05,
1615,Punjab,"12/2021
04/2023",31.77,
1616,Punjab,"11/2024
07/2025",24.75,
1617,Punjab,"03/2021
01/2023",48.2,
1618,Punjab,"05/2020
08/2023",99.0,
1619,Punjab,"03/2021
11/2022",70.28,
1620,Punjab,"03/2021
06/2024",72.0,
1621,Punjab,"06/2021
09/2023",81.5,
1622,Punjab,"05/2020
12/2022",76.0,
1623,Punjab,"03/2022
05/2023",88.82,
1624,Punjab,"07/2021
02/2023",78.6,
1625,Punjab,"11/2022
03/2025",13.97,
1626,Punjab,"03/2023
04/2024",60.0,
1627,Punjab,"12/2020
03/2022",96.0,
1628,Punjab,"02/2021
08/2022",81.05,
1629,Punjab,"08/2021
06/2023",65.99,
1630,Punjab,"10/2021
06/2023",78.99,
1631,Punjab,"12/2020
06/2022",67.1,
1632,Punjab,"03/2021
06/2024",64.2,
1633,Punjab,"07/2021
09/2025",20.09,
1634,Punjab,"03/2021
11/2022",32.47,
1635,Punjab,"05/2021
12/2022",15.31,
1636,Rajasthan,"12/2020
10/2021",99.0,
1637,Rajasthan,"03/2022
02/2023",100.0,
1638,Rajasthan,"12/2021
09/2022",97.0,
1639,Rajasthan,"01/2022
12/2022",98.58,
1640,Rajasthan,"12/2021
05/2022",87.6,
1641,Rajasthan,"03/2022
10/2024",68.0,
1642,Rajasthan,"02/2023
10/2024",52.5,
1643,Rajasthan,"02/2022
09/2023",0.0,
1644,Rajasthan,"02/2024
11/2024",23.0,
1645,Rajasthan,"03/2022
02/2023",100.0,
1646,Rajasthan,"03/2022
10/2023",36.87,
1647,Rajasthan,"01/2025
06/2025",37.16,
1648,Rajasthan,"11/2019
05/2021",99.8,
1649,Rajasthan,"11/2019
05/2021",95.25,
1650,Rajasthan,"07/2020
07/2021",93.44,
1651,Rajasthan,"02/2019
06/2021",100.0,
1652,Rajasthan,"10/2019
08/2021",100.0,
1653,Rajasthan,"10/2019
07/2021",99.2,
1654,Rajasthan,"09/2022
03/2024",37.24,
1655,Rajasthan,"09/2022
09/2024",36.82,
1656,Rajasthan,"02/2018
04/2019",100.0,
1657,Rajasthan,"03/2025
12/2025",5.6,
1658,Rajasthan,"11/2021
08/2022",99.0,
1659,Rajasthan,"01/2024
07/2024",80.94,
1660,Rajasthan,"03/2022
11/2022",100.0,
1661,Rajasthan,"03/2025
03/2026",0.0,
1662,Sikkim,"10/2021
05/2022",90.0,
1663,Sikkim,"03/2018
01/2023",85.15,
1664,Sikkim,"01/2021
04/2021",97.57,
1665,Sikkim,"10/2020
05/2021",77.07,
1666,Sikkim,"01/2021
02/2021",81.83,
1667,Sikkim,"10/2020
12/2020",60.88,
1668,Sikkim,"07/2020
10/2020",80.46,
1669,Sikkim,"07/2020
10/2020",65.1,
1670,Tamil Nadu,"03/2022
09/2024",93.0,
1671,Tamil Nadu,"01/2021
07/2022",93.04,
1672,Tamil Nadu,"12/2020
08/2022",53.56,
1673,Tamil Nadu,"05/2023
02/2024",24.13,
1674,Tamil Nadu,"02/2021
07/2022",83.45,
1675,Tamil Nadu,"08/2018
02/2019",93.55,
1676,Tamil Nadu,"06/2024
01/2025",31.16,
1677,Tamil Nadu,"03/2024
03/2025",35.62,
1678,Tamil Nadu,"06/2005
07/2006",100.0,
1679,Tamil Nadu,"12/2018
03/2020",97.8,
1680,Tamil Nadu,"11/2022
08/2023",76.1,
1681,Tamil Nadu,"02/2021
01/2023",37.44,
1682,Tamil Nadu,"12/2006
07/2007",100.0,
1683,Tamil Nadu,"03/2022
02/2023",95.41,
1684,Tamil Nadu,"02/2022
04/2023",99.98,
1685,Tamil Nadu,"12/2018
03/2020",92.15,
1686,Tamil Nadu,"11/2009
04/2010",100.0,
1687,Tamil Nadu,"03/2023
11/2023",17.54,
1688,Tamil Nadu,"03/2023
11/2023",21.93,
1689,Tamil Nadu,"03/2018
01/2022",99.8,
1690,Tamil Nadu,"12/2006
01/2008",100.0,
1691,Tamil Nadu,"01/2019
12/2020",91.84,
1692,Tamil Nadu,"01/2019
01/2021",91.93,
1693,Tamil Nadu,"03/2017
08/2018",100.0,
1694,Tamil Nadu,"01/2025
06/2025",26.7,
1695,Tamil Nadu,"02/2018
04/2019",100.0,
1696,Tamil Nadu,"12/2006
01/2008",100.0,
1697,Tamil Nadu,"03/2023
11/2023",7.91,
1698,Tamil Nadu,"12/2009
06/2011",99.99,
1699,Tamil Nadu,"06/2005
08/2006",100.0,
1700,Tamil Nadu,"08/2005
10/2006",100.0,
1701,Tamil Nadu,"10/2009
09/2010",100.0,
1702,Tamil Nadu,"02/2019
12/2021",82.56,
1703,Tamil Nadu,"02/2019
05/2022",58.65,
1704,Tamil Nadu,"02/2019
12/2023",53.41,
1705,Tamil Nadu,"03/2018
11/2018",99.75,
1706,Tamil Nadu,"03/2023
11/2023",16.88,
1707,Tamil Nadu,"03/2024
12/2024",34.5,
1708,Tamil Nadu,"03/2022
09/2022",97.92,
1709,Telangana,"01/2018
05/2018",92.62,
1710,Telangana,"10/2016
03/2017",100.0,
1711,Telangana,"03/2023
07/2024",37.5,
1712,Telangana,"03/2021
07/2022",80.59,
1713,Telangana,"03/2018
07/2018",51.7,
1714,Telangana,"03/2017
05/2017",99.92,
1715,Telangana,"01/2018
06/2018",0.0,
1716,Telangana,"03/2021
07/2022",87.0,
1717,Telangana,"03/2018
09/2018",98.14,
1718,Telangana,"02/2018
05/2018",97.74,
1719,Telangana,"02/2018
06/2018",88.22,
1720,Telangana,"01/2017
05/2017",99.2,
1721,Telangana,"10/2016
02/2017",95.6,
1722,Telangana,"05/2018
06/2021",92.1,
1723,Telangana,"03/2018
06/2018",96.0,
1724,Telangana,"06/2017
11/2017",99.9,
1725,Telangana,"03/2022
02/2024",41.8,
1726,Telangana,"03/2022
07/2023",85.66,
1727,Telangana,"03/2022
10/2023",30.8,
1728,Telangana,"01/2022
01/2023",90.69,
1729,Telangana,"10/2022
05/2024",75.38,
1730,Telangana,"02/2018
06/2018",98.57,
1731,Telangana,"10/2022
02/2025",10.8,
1732,Telangana,"01/2022
12/2022",76.92,
1733,Telangana,"01/2017
05/2017",99.96,
1734,Telangana,"03/2017
11/2017",92.74,
1735,Telangana,"10/2022
07/2024",63.44,
1736,Telangana,"10/2022
08/2024",66.04,
1737,Telangana,"01/2022
12/2022",94.01,
1738,Telangana,"03/2022
03/2023",98.6,
1739,Telangana,"01/2022
12/2022",85.0,
1740,Telangana,"01/2022
01/2023",74.06,
1741,Telangana,"03/2022
01/2023",35.96,
1742,Telangana,"12/2021
08/2022",50.5,
1743,Telangana,"03/2022
03/2023",17.05,
1744,Telangana,"01/2021
10/2022",95.8,
1745,Telangana,"03/2022
07/2023",92.4,
1746,Telangana,"03/2023
06/2025",0.0,
1747,Telangana,"01/2023
06/2025",6.3,
1748,Telangana,"03/2023
12/2024",9.0,
1749,Telangana,"03/2023
06/2025",0.0,
1750,Telangana,"03/2023
04/2024",65.68,
1751,Telangana,"03/2023
03/2025",42.15,
1752,Telangana,"10/2021
11/2024",15.78,
1753,Telangana,"01/2021
01/2022",99.98,
1754,Telangana,"11/2022
05/2026",0.0,
1755,Telangana,"01/2021
09/2022",98.02,
1756,Telangana,"11/2013
03/2014",100.0,
1757,Telangana,"01/2015
02/2015",82.76,
1758,Telangana,"10/2024
10/2025",43.13,
1759,Tripura,"12/2023
09/2024",43.8,
1760,Tripura,"01/2024
12/2024",8.65,
1761,Tripura,"01/2024
09/2024",14.0,
1762,Tripura,"01/2024
09/2024",57.95,
1763,Tripura,"01/2024
07/2024",58.12,
1764,Tripura,"02/2020
09/2024",41.9,
1765,Tripura,"02/2020
07/2020",0.0,
1766,Tripura,"01/2023
05/2023",69.78,
1767,Tripura,"03/2023
03/2024",9.2,
1768,Uttar Pradesh,"02/2023
03/2024",91.85,
1769,Uttar Pradesh,"01/2022
01/2025",35.0,
1770,Uttar Pradesh,"12/2022
11/2024",25.0,
1771,Uttar Pradesh,"03/2021
03/2022",100.0,
1772,Uttar Pradesh,"12/2019
10/2020",95.0,
1773,Uttar Pradesh,"12/2022
08/2024",46.0,
1774,Uttar Pradesh,"10/2022
01/2024",73.0,
1775,Uttar Pradesh,"01/2022
03/2024",56.0,
1776,Uttar Pradesh,"10/2022
11/2023",49.22,
1777,Uttar Pradesh,"03/2020
03/2023",92.0,
1778,Uttar Pradesh,"12/2022
02/2025",43.0,
1779,Uttar Pradesh,"05/2023
11/2025",4.0,
1780,Uttar Pradesh,"12/2021
02/2024",64.0,
1781,Uttar Pradesh,"03/2023
02/2024",52.0,
1782,Uttar Pradesh,"03/2021
11/2022",94.0,
1783,Uttar Pradesh,"11/2021
11/2022",0.0,
1784,Uttar Pradesh,"08/2021
12/2023",94.0,
1785,Uttar Pradesh,"03/2022
05/2025",3.0,
1786,Uttar Pradesh,"03/2022
05/2025",28.0,
1787,Uttar Pradesh,"03/2023
02/2026",0.0,
1788,Uttar Pradesh,"11/2022
01/2026",25.4,
1789,Uttar Pradesh,"01/2022
02/2024",65.0,
1790,Uttar Pradesh,"05/2023
01/2026",5.0,
1791,Uttar Pradesh,"03/2023
06/2024",58.0,
1792,Uttar Pradesh,"03/2022
06/2024",85.0,
1793,Uttar Pradesh,"01/2022
02/2024",98.0,
1794,Uttar Pradesh,"01/2022
10/2023",99.0,
1795,Uttar Pradesh,"03/2021
08/2022",93.0,
1796,Uttar Pradesh,"03/2022
01/2024",56.0,
1797,Uttar Pradesh,"03/2022
11/2023",95.98,
1798,Uttar Pradesh,"05/2023
10/2025",4.0,
1799,Uttar Pradesh,"04/2020
08/2022",100.0,
1800,Uttar Pradesh,"07/2018
02/2021",87.91,
1801,Uttar Pradesh,"04/2020
09/2022",90.0,
1802,Uttar Pradesh,"12/2022
06/2025",27.0,
1803,Uttar Pradesh,"03/2022
05/2025",44.37,
1804,Uttar Pradesh,"03/2024
01/2026",2.0,
1805,Uttar Pradesh,"05/2023
01/2026",10.0,
1806,Uttar Pradesh,"03/2023
03/2025",32.0,
1807,Uttar Pradesh,"01/2022
11/2024",48.0,
1808,Uttar Pradesh,"03/2022
11/2025",25.0,
1809,Uttar Pradesh,"03/2023
08/2025",10.0,
1810,Uttar Pradesh,"03/2023
01/2025",81.18,
1811,Uttar Pradesh,"05/2023
12/2025",25.0,
1812,Uttar Pradesh,"04/2020
07/2022",89.0,
1813,Uttar Pradesh,"04/2020
11/2022",98.0,
1814,Uttar Pradesh,"12/2021
11/2022",99.8,
1815,Uttar Pradesh,"12/2021
02/2023",94.14,
1816,Uttar Pradesh,"09/2021
03/2022",76.0,
1817,Uttar Pradesh,"12/2017
02/2019",94.79,
1818,Uttar Pradesh,"02/2023
12/2024",32.83,
1819,Uttar Pradesh,"01/2023
12/2023",55.72,
1820,Uttar Pradesh,"09/2023
01/2025",22.81,
1821,Uttar Pradesh,"08/2024
03/2025",13.67,
1822,Uttar Pradesh,"08/2024
11/2025",42.85,
1823,Uttar Pradesh,"01/2022
02/2023",99.7,
1824,Uttar Pradesh,"07/2022
03/2023",91.7,
1825,Uttar Pradesh,"03/2023
09/2023",81.85,
1826,Uttar Pradesh,"02/2023
01/2024",68.95,
1827,Uttar Pradesh,"08/2024
07/2025",26.13,
1828,Uttar Pradesh,"08/2024
03/2025",35.14,
1829,Uttar Pradesh,"10/2022
02/2025",50.25,
1830,Uttar Pradesh,"03/2024
03/2025",15.75,
1831,Uttar Pradesh,"03/2018
02/2019",100.0,
1832,Uttar Pradesh,"09/2020
05/2021",100.0,
1833,Uttar Pradesh,"06/2022
05/2023",58.9,
1834,Uttar Pradesh,"10/2021
02/2023",95.22,
1835,Uttar Pradesh,"06/2024
03/2026",0.0,
1836,Uttar Pradesh,"10/2021
10/2022",74.23,
1837,Uttar Pradesh,"02/2023
03/2024",58.86,
1838,Uttar Pradesh,"12/2021
03/2023",84.0,
1839,Uttar Pradesh,"02/2025
09/2025",12.39,
1840,Uttar Pradesh,"02/2025
09/2025",6.6,
1841,Uttar Pradesh,"02/2021
01/2022",97.2,
1842,Uttar Pradesh,"03/2022
02/2023",99.2,
1843,Uttar Pradesh,"09/2022
11/2023",63.51,
1844,Uttar Pradesh,"09/2022
01/2024",64.2,
1845,Uttar Pradesh,"09/2021
10/2022",99.33,
1846,Uttar Pradesh,"01/2022
03/2023",99.9,
1847,Uttar Pradesh,"12/2021
01/2023",99.99,
1848,Uttar Pradesh,"12/2024
11/2025",16.01,
1849,Uttar Pradesh,"03/2023
05/2025",28.21,
1850,Uttar Pradesh,"03/2023
06/2024",62.48,
1851,Uttar Pradesh,"12/2024
12/2025",10.21,
1852,Uttar Pradesh,"10/2022
07/2023",99.11,
1853,Uttar Pradesh,"10/2022
10/2023",95.5,
1854,Uttar Pradesh,"10/2022
06/2023",83.88,
1855,Uttar Pradesh,"04/2015
04/2017",97.35,
1856,Uttar Pradesh,"12/2021
05/2023",63.79,
1857,Uttar Pradesh,"03/2023
05/2024",65.21,
1858,Uttar Pradesh,"10/2021
03/2024",50.44,
1859,Uttar Pradesh,"02/2021
11/2021",96.53,
1860,Uttar Pradesh,"10/2022
03/2024",47.51,
1861,Uttar Pradesh,"11/2022
09/2023",76.9,
1862,Uttar Pradesh,"08/2023
12/2023",100.0,
1863,Uttar Pradesh,"08/2023
12/2023",42.26,
1864,Uttar Pradesh,"02/2025
12/2025",4.44,
1865,Uttar Pradesh,"03/2021
09/2022",97.5,
1866,Uttar Pradesh,"03/2021
09/2022",92.89,
1867,Uttar Pradesh,"01/2022
12/2022",100.0,
1868,Uttar Pradesh,"03/2021
09/2022",99.11,
1869,Uttar Pradesh,"11/2020
10/2021",98.92,
1870,Uttarakhand,"01/2023
02/2024",99.0,
1871,Uttarakhand,"11/2022
06/2023",97.0,
1872,Uttarakhand,"02/2025
01/2026",5.0,
1873,Uttarakhand,"02/2018
05/2018",73.5,
1874,Uttarakhand,"02/2021
01/2023",99.0,
1875,Uttarakhand,"03/2017
02/2018",95.0,
1876,Uttarakhand,"10/2016
06/2017",100.0,
1877,Uttarakhand,"05/2025
10/2025",17.78,
1878,Uttarakhand,"03/2017
11/2017",100.0,
1879,Uttarakhand,"01/2024
10/2025",29.64,
1880,Uttarakhand,"03/2022
01/2025",42.0,
1881,Uttarakhand,"02/2022
12/2025",2.0,
1882,Uttarakhand,"03/2022
08/2024",60.0,
1883,Uttarakhand,"10/2022
10/2023",20.78,
1884,Uttarakhand,"02/2019
11/2019",95.0,
1885,Uttarakhand,"03/2022
09/2022",35.6,
1886,Uttarakhand,"09/2020
12/2021",81.17,
1887,Uttarakhand,"05/2022
11/2024",29.72,
1888,Uttarakhand,"01/2024
10/2025",15.06,
1889,Uttarakhand,"03/2018
01/2019",96.46,
1890,Uttarakhand,"03/2018
01/2019",100.0,
1891,Uttarakhand,"10/2022
05/2023",78.2,
1892,Uttarakhand,"10/2022
05/2024",72.5,
1893,Uttarakhand,"03/2018
07/2018",70.64,
1894,Uttarakhand,"12/2023
06/2024",82.25,
1895,Uttarakhand,"12/2023
12/2024",59.75,
1896,Uttarakhand,"12/2023
06/2024",96.0,
1897,Uttarakhand,"11/2021
08/2022",70.42,
1898,Uttarakhand,"06/2022
03/2023",75.24,
1899,Uttarakhand,"11/2021
10/2022",76.74,
1900,Uttarakhand,"03/2022
02/2023",93.9,
1901,Uttarakhand,"12/2023
04/2025",47.84,
1902,Uttarakhand,"05/2025
02/2026",1.0,
1903,Uttarakhand,"02/2023
12/2025",0.0,
1904,West Bengal,"11/2023
11/2025",0.0,
1905,West Bengal,"03/2023
03/2024",65.11,
1906,West Bengal,"03/2016
08/2023",15.7,
1907,West Bengal,"08/2016
11/2016",84.6,
1908,West Bengal,"03/2022
03/2023",71.03,
1909,West Bengal,"06/2020
10/2020",95.6,
1910,West Bengal,"06/2020
10/2020",94.71,
1911,West Bengal,"03/2018
10/2019",98.54,
1912,West Bengal,"03/2018
10/2020",96.91,
1913,West Bengal,"03/2025
11/2025",1.07,
1914,West Bengal,"11/2023
12/2024",55.2,
1915,West Bengal,"03/2023
06/2024",37.35,
1916,West Bengal,"02/2024
08/2024",35.78,
1917,West Bengal,"03/2024
07/2024",48.82,
1918,West Bengal,"08/2018
12/2018",96.17,
1919,West Bengal,"01/2021
02/2022",94.12,
1920,West Bengal,"03/2023
12/2025",3.5,
1921,West Bengal,"02/2024
06/2025",27.3,
1922,Delhi,"10/2014
04/2018",98.0,
1923,Meghalaya,"09/2019
09/2020",99.84,
1924,"Multi-States
(Andhra Pradesh,
Bihar,
Chhattisgarh,
Jharkhand,
Madhya Pradesh,
Maharashtra,
Odisha,
Telangana, Uttar
Pradesh, West
Bengal)","04/2022
05/2024",98.0,
1925,"Multi-States
(Andhra Pradesh,
Bihar,
Chhattisgarh,
Jharkhand,
Madhya Pradesh,
Maharashtra,
Odisha,
Telangana, Uttar
Pradesh, West
Bengal)","05/2018
09/2021",88.0,
1926,"Multi-States
(Andhra Pradesh,
Chhattisgarh,
Jharkhand,
Maharashtra,
Odisha)","11/2021
05/2022",83.0,
1927,"Multi-States
(Arunachal
Pradesh, Assam)","12/2020
10/2021",99.43,
1928,"Multi-States
(Bihar, Madhya
Pradesh,
Rajasthan, Uttar
Pradesh)","12/2019
03/2021",99.0,
1929,PAN India,"07/2022
07/2022",84.0,
1930,PAN India,"11/2020
11/2020",98.23,
1931,PAN India,"07/2017
10/2011",82.4,
1932,PAN India,"05/2023
05/2023",92.1,
1933,PAN India,"05/2023
06/2023",98.23,
1934,Bihar,"10/2017
03/2022",97.0,
1935,Bihar,"08/2017
07/2019",57.0,
1936,Bihar,"08/2017
07/2019",54.0,
1937,Bihar,"03/2010
03/2018",97.0,
1938,Bihar,"03/2010
03/2018",95.0,
1939,Uttar Pradesh,"05/2020
04/2023",80.0,
1940,Uttar Pradesh,"05/2020
11/2024",51.0,
1941,West Bengal,"05/2018
12/2021",93.0,
1942,Andhra Pradesh,"04/2005
01/2006",95.88,
1943,Andhra Pradesh,"04/2005
04/2005",98.3,
1944,Andhra Pradesh,"01/2009
11/2009",86.14,
1945,Assam,"04/1996
12/1996",55.44,
1946,Chhattisgarh,"04/2008
04/2008",72.0,
1947,Chhattisgarh,"04/2009
12/2009",86.31,
1948,Gujarat,"04/2017
04/2017",90.3,
1949,Gujarat,"04/1996
04/1996",93.7,
1950,Jharkhand,"04/2011
01/2012",70.0,
1951,Karnataka,"04/2014
04/2014",99.32,
1952,Madhya Pradesh,"04/2017
04/2017",49.78,
1953,Madhya Pradesh,"04/2008
01/2009",75.0,
1954,Madhya Pradesh,"04/2007
04/2007",81.42,
1955,Maharashtra,"04/2017
04/2017",53.93,
1956,Maharashtra,"04/2017
04/2018",76.22,
1957,Maharashtra,"04/2017
02/2019",80.54,
1958,Maharashtra,"04/2017
04/2018",69.63,
1959,Maharashtra,"04/2017
04/2018",92.0,
1960,Maharashtra,"05/2002
01/2017",49.5,
1961,Maharashtra,"04/1996
04/1996",89.57,
1962,Maharashtra,"04/2008
04/2008",72.65,
1963,Maharashtra,"04/2009
01/2010",98.1,
1964,Maharashtra,"04/2008
04/2008",65.0,
1965,Maharashtra,"04/2009
04/2009",72.59,
1966,Manipur,"04/1997
04/1997",98.9,
1967,"Multi-States
(Bihar, Jharkhand)","08/2017
01/2021",38.0,
1968,"Multi-States
(Madhya Pradesh,
Uttar Pradesh)","NA
03/2022",0.0,
1969,Odisha,"04/1997
01/1998",62.85,
1970,Odisha,"12/1995
01/1998",95.5,
1971,Odisha,"04/2003
01/2004",79.5,
1972,Punjab,"02/2016
04/2018",90.0,
1973,Punjab,"02/2010
04/2018",88.0,
1974,Telangana,"04/1996
04/2005",97.0,
1975,Telangana,"04/1996
01/2006",92.0,
1976,Telangana,"04/2006
04/2006",87.7,
1977,Telangana,"04/2007
01/2008",100.0,
1978,Uttar Pradesh,"04/2017
04/2017",1.76,
1979,Uttar Pradesh,"04/2007
12/2007",31.5,
1980,Uttar Pradesh,"04/2008
04/2008",82.39,
1981,Uttarakhand,"10/2023
11/2023",25.08,
1,,,,FlashReport_February 2026
2,,,,FlashReport_February 2026
3,,,,FlashReport_February 2026
4,,,,FlashReport_February 2026
5,,,,FlashReport_February 2026
6,,,,FlashReport_February 2026
7,,,,FlashReport_February 2026
8,,,,FlashReport_February 2026
9,,,,FlashReport_February 2026
10,,,,FlashReport_February 2026
11,,,,FlashReport_February 2026
12,,,,FlashReport_February 2026
13,,,,FlashReport_February 2026
14,,,,FlashReport_February 2026
15,,,,FlashReport_February 2026
16,,,,FlashReport_February 2026
17,,,,FlashReport_February 2026
Total,,,,FlashReport_February 2026
1,,,,FlashReport_February 2026
2,,,,FlashReport_February 2026
3,,,,FlashReport_February 2026
4,,,,FlashReport_February 2026
5,,,,FlashReport_February 2026
6,,,,FlashReport_February 2026
6,,,,FlashReport_February 2026
7,,,,FlashReport_February 2026
8,,,,FlashReport_February 2026
9,,,,FlashReport_February 2026
10,,,,FlashReport_February 2026
11,,,,FlashReport_February 2026
12,,,,FlashReport_February 2026
13,,,,FlashReport_February 2026
14,,,,FlashReport_February 2026
15,,,,FlashReport_February 2026
15,,,,FlashReport_February 2026
16,,,,FlashReport_February 2026
17,,,,FlashReport_February 2026
18,,,,FlashReport_February 2026
19,,,,FlashReport_February 2026
19,,,,FlashReport_February 2026
20,,,,FlashReport_February 2026
21,,,,FlashReport_February 2026
22,,,,FlashReport_February 2026
23,,,,FlashReport_February 2026
24,,,,FlashReport_February 2026
25,,,,FlashReport_February 2026
26,,,,FlashReport_February 2026
27,,,,FlashReport_February 2026
28,,,,FlashReport_February 2026
29,,,,FlashReport_February 2026
29,,,,FlashReport_February 2026
30,,,,FlashReport_February 2026
31,,,,FlashReport_February 2026
32,,,,FlashReport_February 2026
33,,,,FlashReport_February 2026
33,,,,FlashReport_February 2026
34,,,,FlashReport_February 2026
35,,,,FlashReport_February 2026
1,Uttar Pradesh,"03/2017
08/2019",,FlashReport_February 2026
2,Kerala,"03/2023
03/2023",,FlashReport_February 2026
3,Maharashtra,"03/2023
03/2023",,FlashReport_February 2026
4,Uttar Pradesh,"03/2019
03/2019",,FlashReport_February 2026
5,Rajasthan,"09/2023
09/2023",,FlashReport_February 2026
6,Andhra Pradesh,"06/2018
12/2018",,FlashReport_February 2026
7,Gujarat,"02/2023
02/2023",,FlashReport_February 2026
8,"Multi-States (Kerala,
Tamil Nadu)","08/2017
03/2016",,FlashReport_February 2026
9,Arunachal Pradesh,"01/2017
05/2021",,FlashReport_February 2026
1,"Multi-States (Madhya
Pradesh, Uttar Pradesh)",03/2022,,FlashReport_February 2026
2,Odisha,01/1998,,FlashReport_February 2026
3,Chhattisgarh,"09/2025
09/2025",,FlashReport_February 2026
4,Chhattisgarh,"12/2024
12/2024",,FlashReport_February 2026
5,Andhra Pradesh,"09/2025
09/2025",,FlashReport_February 2026
6,Haryana,"05/2025
05/2025",,FlashReport_February 2026
7,Maharashtra,"05/2025
05/2025",,FlashReport_February 2026
8,Maharashtra,"06/2025
06/2025",,FlashReport_February 2026
9,Maharashtra,"04/2025
04/2025",,FlashReport_February 2026
10,Uttar Pradesh,"09/2025
09/2025",,FlashReport_February 2026
11,Andaman & Nicobar,"02/2018
03/2024",,FlashReport_February 2026
12,Andaman & Nicobar,"02/2018
05/2024",,FlashReport_February 2026
13,Andaman & Nicobar,"03/2015
05/2024",,FlashReport_February 2026
14,Andhra Pradesh,"12/2024
02/2026",,FlashReport_February 2026
15,Andhra Pradesh,"01/2023
02/2024",,FlashReport_February 2026
16,Andhra Pradesh,"03/2024
12/2024",,FlashReport_February 2026
17,Andhra Pradesh,"10/2022
11/2023",,FlashReport_February 2026
18,Andhra Pradesh,"10/2024
04/2025",,FlashReport_February 2026
19,Andhra Pradesh,"03/2022
10/2024",,FlashReport_February 2026
20,Andhra Pradesh,"01/2024
04/2025",,FlashReport_February 2026
21,Andhra Pradesh,"02/2016
05/2016",,FlashReport_February 2026
22,Andhra Pradesh,"03/2016
09/2016",,FlashReport_February 2026
23,Andhra Pradesh,"07/2024
03/2025",,FlashReport_February 2026
24,Andhra Pradesh,"10/2018
01/2020",,FlashReport_February 2026
25,Andhra Pradesh,"11/2017
03/2018",,FlashReport_February 2026
26,Andhra Pradesh,"02/2021
02/2022",,FlashReport_February 2026
27,Arunachal Pradesh,"08/2020
06/2025",,FlashReport_February 2026
28,Arunachal Pradesh,"12/2023
05/2025",,FlashReport_February 2026
29,Assam,"12/2017
05/2018",,FlashReport_February 2026
30,Bihar,"08/2022
01/2025",,FlashReport_February 2026
31,Bihar,"02/2024
10/2024",,FlashReport_February 2026
32,Bihar,"08/2022
11/2024",,FlashReport_February 2026
33,Bihar,"02/2024
08/2024",,FlashReport_February 2026
34,Bihar,"10/2022
03/2024",,FlashReport_February 2026
35,Bihar,"07/2023
03/2024",,FlashReport_February 2026
36,Bihar,"09/2020
12/2021",,FlashReport_February 2026
37,Bihar,"01/2021
01/2022",,FlashReport_February 2026
38,Bihar,"01/2021
01/2022",,FlashReport_February 2026
39,Bihar,"11/2022
12/2024",,FlashReport_February 2026
40,Chhattisgarh,"03/2022
05/2025",,FlashReport_February 2026
41,Chhattisgarh,"03/2022
07/2024",,FlashReport_February 2026
42,Chhattisgarh,"03/2022
05/2025",,FlashReport_February 2026
43,Chhattisgarh,"03/2022
07/2024",,FlashReport_February 2026
44,Chhattisgarh,"03/2022
01/2024",,FlashReport_February 2026
45,Chhattisgarh,"12/2022
12/2024",,FlashReport_February 2026
46,Chhattisgarh,"01/2024
04/2025",,FlashReport_February 2026
47,Chhattisgarh,"03/2022
02/2024",,FlashReport_February 2026
48,Chhattisgarh,"02/2021
01/2022",,FlashReport_February 2026
49,"Dadra & Nagar Haveli and
Daman & Diu","10/2022
02/2024",,FlashReport_February 2026
50,Delhi,"03/2018
09/2020",,FlashReport_February 2026
51,Goa,"01/2024
08/2024",,FlashReport_February 2026
52,Goa,"07/2024
02/2026",,FlashReport_February 2026
53,Gujarat,"04/2018
11/2018",,FlashReport_February 2026
54,Gujarat,"01/2023
12/2023",,FlashReport_February 2026
55,Gujarat,"05/2020
12/2021",,FlashReport_February 2026
56,Gujarat,"07/2023
08/2024",,FlashReport_February 2026
57,Gujarat,"07/2023
04/2024",,FlashReport_February 2026
58,Gujarat,"06/2024
08/2024",,FlashReport_February 2026
59,Gujarat,"03/2024
01/2025",,FlashReport_February 2026
60,Gujarat,"09/2020
02/2022",,FlashReport_February 2026
61,Gujarat,"12/2021
03/2023",,FlashReport_February 2026
62,Gujarat,"03/2018
02/2019",,FlashReport_February 2026
63,Haryana,"11/2022
08/2023",,FlashReport_February 2026
64,Haryana,"12/2020
12/2021",,FlashReport_February 2026
65,Haryana,"12/2020
01/2022",,FlashReport_February 2026
66,Haryana,"05/2024
05/2025",,FlashReport_February 2026
67,Himachal Pradesh,"06/2021
06/2024",,FlashReport_February 2026
68,Himachal Pradesh,"08/2020
11/2023",,FlashReport_February 2026
69,Himachal Pradesh,"06/2017
03/2018",,FlashReport_February 2026
70,Himachal Pradesh,"04/2022
03/2024",,FlashReport_February 2026
71,Himachal Pradesh,"06/2022
11/2024",,FlashReport_February 2026
72,Himachal Pradesh,"07/2022
03/2024",,FlashReport_February 2026
73,Himachal Pradesh,"01/2024
05/2025",,FlashReport_February 2026
74,Jammu and Kashmir,"09/2023
11/2024",,FlashReport_February 2026
75,Jammu and Kashmir,"03/2024
11/2024",,FlashReport_February 2026
76,Jammu and Kashmir,"03/2018
11/2018",,FlashReport_February 2026
77,Jharkhand,"08/2024
02/2026",,FlashReport_February 2026
78,Jharkhand,"05/2022
01/2024",,FlashReport_February 2026
79,Jharkhand,"02/2022
01/2024",,FlashReport_February 2026
80,Jharkhand,"02/2017
11/2019",,FlashReport_February 2026
81,Jharkhand,"03/2023
10/2024",,FlashReport_February 2026
82,Jharkhand,"02/2024
01/2026",,FlashReport_February 2026
83,Jharkhand,"03/2024
09/2024",,FlashReport_February 2026
84,Karnataka,"02/2018
05/2019",,FlashReport_February 2026
85,Karnataka,"02/2023
04/2025",,FlashReport_February 2026
86,Karnataka,"02/2023
04/2025",,FlashReport_February 2026
87,Karnataka,"01/2023
04/2025",,FlashReport_February 2026
88,Karnataka,"03/2022
04/2023",,FlashReport_February 2026
89,Karnataka,"04/2020
01/2021",,FlashReport_February 2026
90,Karnataka,"02/2018
10/2019",,FlashReport_February 2026
91,Karnataka,"02/2018
10/2019",,FlashReport_February 2026
92,Karnataka,"02/2018
03/2021",,FlashReport_February 2026
93,Karnataka,"02/2023
09/2024",,FlashReport_February 2026
94,Karnataka,"01/2024
11/2025",,FlashReport_February 2026
95,Karnataka,"01/2023
03/2024",,FlashReport_February 2026
96,Karnataka,"02/2023
01/2025",,FlashReport_February 2026
97,Karnataka,"03/2023
09/2024",,FlashReport_February 2026
98,Karnataka,"02/2023
03/2024",,FlashReport_February 2026
99,Karnataka,"02/2023
06/2025",,FlashReport_February 2026
100,Karnataka,01/2018,,FlashReport_February 2026
101,Karnataka,"08/2020
04/2021",,FlashReport_February 2026
102,Karnataka,"03/2023
11/2024",,FlashReport_February 2026
103,Karnataka,"01/2024
04/2025",,FlashReport_February 2026
104,Karnataka,"03/2018
01/2021",,FlashReport_February 2026
105,Kerala,"06/2020
10/2021",,FlashReport_February 2026
106,Kerala,"06/2021
10/2022",,FlashReport_February 2026
107,Kerala,"12/2021
07/2022",,FlashReport_February 2026
108,Madhya Pradesh,"03/2024
03/2026",,FlashReport_February 2026
109,Madhya Pradesh,"02/2024
03/2025",,FlashReport_February 2026
110,Madhya Pradesh,"03/2023
01/2026",,FlashReport_February 2026
111,Madhya Pradesh,"08/2017
02/2018",,FlashReport_February 2026
112,Madhya Pradesh,"08/2023
04/2024",,FlashReport_February 2026
113,Madhya Pradesh,"03/2024
08/2024",,FlashReport_February 2026
114,Madhya Pradesh,"08/2022
08/2024",,FlashReport_February 2026
115,Madhya Pradesh,"11/2022
03/2024",,FlashReport_February 2026
116,Madhya Pradesh,"09/2022
03/2024",,FlashReport_February 2026
117,Madhya Pradesh,"08/2022
03/2024",,FlashReport_February 2026
118,Madhya Pradesh,"08/2022
01/2023",,FlashReport_February 2026
119,Madhya Pradesh,"11/2022
02/2024",,FlashReport_February 2026
120,Madhya Pradesh,08/2010,,FlashReport_February 2026
121,Madhya Pradesh,"03/2023
11/2024",,FlashReport_February 2026
122,Madhya Pradesh,"03/2023
11/2024",,FlashReport_February 2026
123,Madhya Pradesh,"03/2024
02/2025",,FlashReport_February 2026
124,Madhya Pradesh,"03/2023
12/2024",,FlashReport_February 2026
125,Madhya Pradesh,"03/2023
12/2024",,FlashReport_February 2026
126,Madhya Pradesh,"03/2023
12/2024",,FlashReport_February 2026
127,Madhya Pradesh,"03/2023
03/2024",,FlashReport_February 2026
128,Madhya Pradesh,"03/2022
01/2024",,FlashReport_February 2026
129,Madhya Pradesh,"03/2022
01/2024",,FlashReport_February 2026
172,"Multi-States (Karnataka,
Telangana)","03/2022
11/2022",,FlashReport_February 2026
173,"Multi-States (Madhya
Pradesh, Uttar Pradesh)","02/2023
03/2024",,FlashReport_February 2026
174,"Multi-States (Maharashtra,
Telangana)","03/2018
04/2019",,FlashReport_February 2026
175,"Multi-States (Maharashtra,
Telangana)","03/2022
03/2024",,FlashReport_February 2026
176,"Multi-States (Puducherry,
Tamil Nadu)","03/2018
11/2021",,FlashReport_February 2026
177,"Multi-States (Rajasthan, Uttar
Pradesh)","03/2024
04/2025",,FlashReport_February 2026
178,"Multi-States (Uttar Pradesh,
Uttarakhand)","03/2023
01/2024",,FlashReport_February 2026
179,"Multi-States (Uttar Pradesh,
Uttarakhand)","01/2023
03/2024",,FlashReport_February 2026
180,"Multi-States (Uttar Pradesh,
Uttarakhand)","01/2015
10/2017",,FlashReport_February 2026
181,"Multi-States (Uttar Pradesh,
Uttarakhand)",01/2018,,FlashReport_February 2026
182,Odisha,"02/2021
03/2022",,FlashReport_February 2026
183,Odisha,"10/2017
03/2018",,FlashReport_February 2026
184,Odisha,"03/2023
11/2024",,FlashReport_February 2026
185,Odisha,"09/2023
06/2024",,FlashReport_February 2026
186,Odisha,"03/2023
12/2023",,FlashReport_February 2026
187,Odisha,"03/2024
06/2024",,FlashReport_February 2026
188,Odisha,"03/2025
05/2025",,FlashReport_February 2026
189,Odisha,"01/2022
06/2025",,FlashReport_February 2026
190,Odisha,"09/2021
01/2025",,FlashReport_February 2026
191,Odisha,"03/2023
04/2025",,FlashReport_February 2026
192,Odisha,"03/2023
12/2024",,FlashReport_February 2026
193,Odisha,"03/2022
10/2024",,FlashReport_February 2026
194,Odisha,"03/2023
04/2025",,FlashReport_February 2026
195,Punjab,"03/2023
05/2025",,FlashReport_February 2026
196,Punjab,"11/2022
03/2025",,FlashReport_February 2026
197,Punjab,"03/2023
04/2024",,FlashReport_February 2026
198,Punjab,"03/2022
05/2023",,FlashReport_February 2026
199,Punjab,"03/2021
11/2022",,FlashReport_February 2026
200,Rajasthan,"09/2022
03/2024",,FlashReport_February 2026
201,Rajasthan,"09/2022
09/2024",,FlashReport_February 2026
202,Rajasthan,"01/2024
07/2024",,FlashReport_February 2026
203,Rajasthan,"02/2024
11/2024",,FlashReport_February 2026
204,Rajasthan,"02/2019
06/2021",,FlashReport_February 2026
205,Rajasthan,"01/2025
06/2025",,FlashReport_February 2026
206,Sikkim,"03/2018
01/2023",,FlashReport_February 2026
207,Sikkim,"01/2021
04/2021",,FlashReport_February 2026
208,Tamil Nadu,"05/2023
02/2024",,FlashReport_February 2026
209,Tamil Nadu,"06/2024
01/2025",,FlashReport_February 2026
210,Tamil Nadu,"03/2024
03/2025",,FlashReport_February 2026
211,Tamil Nadu,07/2006,,FlashReport_February 2026
212,Tamil Nadu,"03/2018
01/2022",,FlashReport_February 2026
213,Tamil Nadu,04/2010,,FlashReport_February 2026
214,Tamil Nadu,07/2007,,FlashReport_February 2026
215,Tamil Nadu,"03/2023
11/2023",,FlashReport_February 2026
216,Tamil Nadu,"01/2025
06/2025",,FlashReport_February 2026
217,Tamil Nadu,"02/2018
04/2019",,FlashReport_February 2026
218,Tamil Nadu,01/2008,,FlashReport_February 2026
219,Tamil Nadu,"03/2022
09/2022",,FlashReport_February 2026
220,Telangana,"01/2015
02/2015",,FlashReport_February 2026
221,Telangana,"10/2021
11/2024",,FlashReport_February 2026
222,Telangana,"01/2023
06/2025",,FlashReport_February 2026
223,Telangana,"03/2023
12/2024",,FlashReport_February 2026
224,Telangana,"03/2023
04/2024",,FlashReport_February 2026
225,Telangana,"10/2022
02/2025",,FlashReport_February 2026
226,Telangana,"03/2022
02/2024",,FlashReport_February 2026
227,Telangana,"10/2022
05/2024",,FlashReport_February 2026
228,Telangana,"10/2022
07/2024",,FlashReport_February 2026
229,Telangana,"10/2022
08/2024",,FlashReport_February 2026
230,Telangana,"03/2017
05/2017",,FlashReport_February 2026
231,Telangana,"02/2018
05/2018",,FlashReport_February 2026
232,Telangana,"03/2023
07/2024",,FlashReport_February 2026
233,Uttar Pradesh,"08/2024
03/2025",,FlashReport_February 2026
234,Uttar Pradesh,"10/2022
02/2025",,FlashReport_February 2026
235,Uttar Pradesh,"03/2024
03/2025",,FlashReport_February 2026
236,Uttar Pradesh,"03/2018
02/2019",,FlashReport_February 2026
237,Uttar Pradesh,"09/2023
01/2025",,FlashReport_February 2026
238,Uttar Pradesh,"08/2024
03/2025",,FlashReport_February 2026
239,Uttar Pradesh,"09/2022
01/2024",,FlashReport_February 2026
240,Uttar Pradesh,"03/2023
06/2024",,FlashReport_February 2026
241,Uttar Pradesh,"02/2023
03/2024",,FlashReport_February 2026
242,Uttar Pradesh,"10/2022
03/2024",,FlashReport_February 2026
243,Uttar Pradesh,"11/2022
09/2023",,FlashReport_February 2026
244,Uttar Pradesh,"03/2023
05/2024",,FlashReport_February 2026
245,Uttar Pradesh,"10/2021
03/2024",,FlashReport_February 2026
246,Uttar Pradesh,"04/2015
04/2017",,FlashReport_February 2026
247,Uttarakhand,"11/2021
08/2022",,FlashReport_February 2026
248,Uttarakhand,"10/2022
05/2023",,FlashReport_February 2026
249,Uttarakhand,"10/2022
05/2024",,FlashReport_February 2026
250,Uttarakhand,"10/2022
10/2023",,FlashReport_February 2026
251,Uttarakhand,"02/2019
11/2019",,FlashReport_February 2026
252,Uttarakhand,"03/2022
09/2022",,FlashReport_February 2026
253,Uttarakhand,"09/2020
12/2021",,FlashReport_February 2026
254,Uttarakhand,"05/2022
11/2024",,FlashReport_February 2026
255,Uttarakhand,"03/2018
01/2019",,FlashReport_February 2026
256,Uttarakhand,"03/2018
01/2019",,FlashReport_February 2026
257,Uttarakhand,"01/2023
02/2024",,FlashReport_February 2026
258,Uttarakhand,"11/2022
06/2023",,FlashReport_February 2026
259,Uttarakhand,"02/2021
01/2023",,FlashReport_February 2026
260,Uttarakhand,"03/2022
01/2025",,FlashReport_February 2026
261,Uttarakhand,"03/2022
08/2024",,FlashReport_February 2026
262,West Bengal,"03/2023
03/2024",,FlashReport_February 2026
263,West Bengal,"03/2016
08/2023",,FlashReport_February 2026
264,West Bengal,"11/2023
12/2024",,FlashReport_February 2026
265,West Bengal,"03/2023
06/2024",,FlashReport_February 2026
266,West Bengal,"02/2024
08/2024",,FlashReport_February 2026
267,West Bengal,"03/2024
07/2024",,FlashReport_February 2026
268,West Bengal,06/2025,,FlashReport_February 2026
1,Assam,"12/2016
03/2018",97.0,FlashReport_February 2026
2,Manipur,"11/2021
07/2022",46.0,FlashReport_February 2026
3,Sikkim,"11/2023
12/2023",28.0,FlashReport_February 2026
4,Assam,"07/2022
07/2022",88.0,FlashReport_February 2026
5,Assam,"11/2022
11/2022",3.0,FlashReport_February 2026
6,Arunachal Pradesh,"09/2009
03/2013",80.0,FlashReport_February 2026
7,Assam,"05/2019
06/2021",97.0,FlashReport_February 2026
8,Mizoram,"09/2009
06/2014",4.0,FlashReport_February 2026
9,Nagaland,"09/2009
12/2014",98.0,FlashReport_February 2026
10,Sikkim,"08/2020
01/2022",90.0,FlashReport_February 2026
11,Sikkim,"02/2024
03/2024",27.0,FlashReport_February 2026
12,Manipur,"NA
01/2022",96.0,FlashReport_February 2026
13,Arunachal Pradesh,"02/2023
02/2023",17.0,FlashReport_February 2026
14,Arunachal Pradesh,"12/2024
05/2025",3.0,FlashReport_February 2026
15,Arunachal Pradesh,"12/2024
05/2025",2.0,FlashReport_February 2026
16,"Multi-States (Arunachal
Pradesh, Assam)","09/2003
01/2005",97.0,FlashReport_February 2026
17,Sikkim,"03/2019
03/2020",71.0,FlashReport_February 2026
18,Sikkim,"03/2021
08/2021",95.0,FlashReport_February 2026
19,Arunachal Pradesh,"08/2025
08/2025",1.0,FlashReport_February 2026
20,"Multi-States (Arunachal
Pradesh, Sikkim)","10/2014
10/2014",83.0,FlashReport_February 2026
21,"Multi-States (Tripura,
Nagaland, Mizoram,
Assam, Meghalaya,
Manipur)","12/2014
03/2016",96.0,FlashReport_February 2026
22,Assam,"03/2023
03/2023",76.0,FlashReport_February 2026
23,Assam,"03/2023
03/2023",67.0,FlashReport_February 2026
24,Assam,"01/2019
01/2019",91.0,FlashReport_February 2026
25,Mizoram,"07/2024
07/2024",28.0,FlashReport_February 2026
26,Tripura,"06/2022
06/2022",96.0,FlashReport_February 2026
27,Assam,"04/2023
04/2023",99.0,FlashReport_February 2026
28,Assam,"08/2021
08/2021",72.0,FlashReport_February 2026
29,Assam,"09/2023
09/2023",51.0,FlashReport_February 2026
30,Assam,"01/2023
01/2023",52.0,FlashReport_February 2026
31,Assam,"07/2020
07/2020",82.0,FlashReport_February 2026
32,Assam,"01/2018
01/2018",94.0,FlashReport_February 2026
33,Assam,"06/2022
06/2022",51.0,FlashReport_February 2026
34,Assam,"05/2021
05/2021",91.0,FlashReport_February 2026
35,Assam,"04/2022
04/2022",78.0,FlashReport_February 2026
36,Assam,"12/2020
12/2020",91.0,FlashReport_February 2026
37,Assam,"12/2024
12/2024",18.0,FlashReport_February 2026
38,Assam,"12/2022
12/2022",55.0,FlashReport_February 2026
39,Assam,"06/2021
06/2021",99.0,FlashReport_February 2026
40,"Multi-States (Arunachal
Pradesh, Assam,
Meghalaya, Sikkim,
Mizoram, Manipur,
Tripura, Nagaland)","04/2020
04/2020",87.0,FlashReport_February 2026
41,Nagaland,"08/2023
08/2023",36.0,FlashReport_February 2026
42,Tripura,"03/2022
03/2022",67.0,FlashReport_February 2026
43,Sikkim,"10/2018
12/2018",92.0,FlashReport_February 2026
44,Assam,"12/2017
10/2021",98.0,FlashReport_February 2026
45,Assam,"09/2025
09/2025",0.0,FlashReport_February 2026
46,Assam,"09/2016
09/2016",93.0,FlashReport_February 2026
47,Assam,"09/2018
01/2022",0.0,FlashReport_February 2026
48,Assam,"09/2018
01/2022",0.0,FlashReport_February 2026
49,Assam,"09/2020
09/2018",89.0,FlashReport_February 2026
50,Manipur,"03/2013
12/2007",71.0,FlashReport_February 2026
51,"Multi-States (Assam,
Arunachal Pradesh)","02/2011
03/2023",66.0,FlashReport_February 2026
52,"Multi-States (Assam,
Nagaland)","02/2024
01/2025",1.0,FlashReport_February 2026
53,"Multi-States (Nagaland,
Assam)","08/2015
02/2016",41.0,FlashReport_February 2026
54,Sikkim,"10/2009
05/2010",92.0,FlashReport_February 2026
55,Arunachal Pradesh,"08/2020
06/2025",15.0,FlashReport_February 2026
56,Arunachal Pradesh,"06/2020
12/2021",50.0,FlashReport_February 2026
57,Arunachal Pradesh,"03/2019
11/2020",96.0,FlashReport_February 2026
58,Arunachal Pradesh,"02/2017
03/2018",80.0,FlashReport_February 2026
59,Arunachal Pradesh,"02/2017
10/2020",99.0,FlashReport_February 2026
60,Arunachal Pradesh,"02/2017
10/2020",99.0,FlashReport_February 2026
61,Arunachal Pradesh,"01/2024
01/2025",31.0,FlashReport_February 2026
62,Arunachal Pradesh,"12/2023
05/2025",17.0,FlashReport_February 2026
63,Arunachal Pradesh,"02/2024
01/2025",40.0,FlashReport_February 2026
64,Arunachal Pradesh,"02/2024
03/2025",12.0,FlashReport_February 2026
65,Arunachal Pradesh,"02/2024
07/2025",1.0,FlashReport_February 2026
66,Assam,"01/2016
10/2017",95.0,FlashReport_February 2026
67,Assam,"03/2015
12/2016",100.0,FlashReport_February 2026
68,Assam,"01/2016
09/2024",100.0,FlashReport_February 2026
69,Assam,"12/2023
03/2024",71.0,FlashReport_February 2026
70,Assam,"03/2023
08/2023",87.0,FlashReport_February 2026
71,Assam,"03/2023
08/2023",81.0,FlashReport_February 2026
72,Assam,"01/2016
01/2023",0.0,FlashReport_February 2026
73,Assam,"01/2024
02/2024",96.0,FlashReport_February 2026
74,Assam,"01/2016
10/2024",0.0,FlashReport_February 2026
75,Assam,"03/2022
11/2024",56.0,FlashReport_February 2026
76,Assam,"01/2016
10/2024",0.0,FlashReport_February 2026
77,Assam,"01/2024
02/2024",99.0,FlashReport_February 2026
78,Assam,"01/2024
02/2024",95.0,FlashReport_February 2026
79,Assam,"01/2024
02/2024",94.0,FlashReport_February 2026
80,Assam,"03/2022
01/2023",100.0,FlashReport_February 2026
81,Assam,"01/2023
05/2023",80.0,FlashReport_February 2026
82,Assam,"01/2023
12/2023",20.0,FlashReport_February 2026
83,Assam,"02/2020
12/2020",93.0,FlashReport_February 2026
84,Assam,"05/2019
12/2020",72.0,FlashReport_February 2026
85,Assam,"02/2020
09/2020",100.0,FlashReport_February 2026
86,Assam,"03/2022
01/2023",100.0,FlashReport_February 2026
87,Assam,"03/2022
12/2022",99.0,FlashReport_February 2026
88,Assam,"08/2024
01/2026",0.0,FlashReport_February 2026
89,Assam,"12/2017
05/2018",52.0,FlashReport_February 2026
90,Assam,"01/2024
01/2025",36.0,FlashReport_February 2026
91,Assam,"03/2018
11/2019",100.0,FlashReport_February 2026
92,Assam,"10/2014
10/2024",47.0,FlashReport_February 2026
93,Assam,"09/2021
07/2022",0.0,FlashReport_February 2026
94,Assam,"01/2023
11/2023",95.0,FlashReport_February 2026
95,Assam,"11/2021
01/2023",0.0,FlashReport_February 2026
96,Assam,"02/2023
02/2024",63.0,FlashReport_February 2026
97,Assam,"10/2014
10/2024",62.0,FlashReport_February 2026
98,Assam,"03/2022
01/2023",89.0,FlashReport_February 2026
99,Assam,"03/2023
02/2025",20.0,FlashReport_February 2026
117,Assam,"03/2023
12/2023",52.0,FlashReport_February 2026
118,Assam,"03/2025
12/2025",0.0,FlashReport_February 2026
119,Assam,"02/2024
09/2025",0.0,FlashReport_February 2026
120,Manipur,"02/2021
06/2021",74.0,FlashReport_February 2026
121,Manipur,"02/2021
06/2021",100.0,FlashReport_February 2026
122,Manipur,"09/2021
08/2022",96.0,FlashReport_February 2026
123,Manipur,"09/2021
07/2023",90.0,FlashReport_February 2026
124,Manipur,"03/2023
03/2024",77.0,FlashReport_February 2026
125,Manipur,"03/2021
07/2021",81.0,FlashReport_February 2026
126,Manipur,"09/2020
12/2024",47.0,FlashReport_February 2026
127,Manipur,"09/2020
10/2020",83.0,FlashReport_February 2026
128,Manipur,"09/2020
02/2025",40.0,FlashReport_February 2026
129,Manipur,"03/2020
07/2020",92.0,FlashReport_February 2026
130,Manipur,"03/2020
07/2020",85.0,FlashReport_February 2026
131,Manipur,"03/2023
12/2024",21.0,FlashReport_February 2026
132,Manipur,"03/2023
12/2024",20.0,FlashReport_February 2026
133,Manipur,"03/2023
05/2025",11.0,FlashReport_February 2026
134,Manipur,"01/2023
12/2023",85.0,FlashReport_February 2026
135,Manipur,"12/2021
02/2023",91.0,FlashReport_February 2026
136,Manipur,"12/2021
11/2022",86.0,FlashReport_February 2026
137,Manipur,"09/2021
06/2022",82.0,FlashReport_February 2026
138,Manipur,"03/2021
09/2021",86.0,FlashReport_February 2026
139,Manipur,"03/2021
03/2025",69.0,FlashReport_February 2026
140,Manipur,"04/2020
07/2020",93.0,FlashReport_February 2026
141,Manipur,"04/2020
07/2020",96.0,FlashReport_February 2026
142,Manipur,"06/2020
11/2025",0.0,FlashReport_February 2026
143,Manipur,"04/2020
08/2025",19.0,FlashReport_February 2026
144,Manipur,"07/2021
09/2021",93.0,FlashReport_February 2026
145,Manipur,"03/2021
06/2021",100.0,FlashReport_February 2026
146,Manipur,"09/2021
11/2021",84.0,FlashReport_February 2026
147,Manipur,"09/2021
11/2021",85.0,FlashReport_February 2026
148,Meghalaya,"12/2023
05/2025",0.0,FlashReport_February 2026
149,Meghalaya,"03/2023
09/2025",10.0,FlashReport_February 2026
150,Meghalaya,"03/2023
03/2025",13.0,FlashReport_February 2026
151,Meghalaya,"08/2020
02/2022",98.0,FlashReport_February 2026
152,Meghalaya,"03/2023
09/2024",62.0,FlashReport_February 2026
153,Meghalaya,"07/2020
02/2024",46.0,FlashReport_February 2026
154,Meghalaya,"03/2023
09/2024",44.0,FlashReport_February 2026
155,Meghalaya,"03/2023
09/2024",45.0,FlashReport_February 2026
156,Meghalaya,"09/2021
05/2022",79.0,FlashReport_February 2026
157,Meghalaya,"07/2020
10/2023",88.0,FlashReport_February 2026
158,Meghalaya,"07/2020
04/2024",47.0,FlashReport_February 2026
159,Meghalaya,"07/2020
05/2024",37.0,FlashReport_February 2026
160,Mizoram,"03/2021
06/2021",64.0,FlashReport_February 2026
161,Mizoram,"06/2021
07/2021",61.0,FlashReport_February 2026
162,Mizoram,"09/2019
10/2019",95.0,FlashReport_February 2026
163,Mizoram,"03/2020
07/2020",0.0,FlashReport_February 2026
164,Mizoram,"03/2020
07/2020",0.0,FlashReport_February 2026
165,Mizoram,"09/2021
09/2023",95.0,FlashReport_February 2026
166,Mizoram,"09/2019
10/2019",97.0,FlashReport_February 2026
167,Mizoram,"09/2019
12/2019",98.0,FlashReport_February 2026
168,Mizoram,"09/2019
10/2020",100.0,FlashReport_February 2026
169,Mizoram,"09/2019
03/2020",99.0,FlashReport_February 2026
170,Mizoram,"02/2023
12/2024",4.0,FlashReport_February 2026
188,Nagaland,"03/2020
01/2024",29.0,FlashReport_February 2026
189,Nagaland,"06/2020
06/2024",42.0,FlashReport_February 2026
190,Nagaland,"02/2021
06/2023",0.0,FlashReport_February 2026
191,Nagaland,"03/2018
09/2023",70.0,FlashReport_February 2026
192,Nagaland,"03/2016
09/2023",82.0,FlashReport_February 2026
193,Nagaland,"02/2017
09/2017",0.0,FlashReport_February 2026
194,Nagaland,"12/2022
08/2023",49.0,FlashReport_February 2026
195,Nagaland,"12/2022
08/2023",85.0,FlashReport_February 2026
196,Nagaland,"02/2021
06/2023",86.0,FlashReport_February 2026
197,Nagaland,"01/2021
09/2023",89.0,FlashReport_February 2026
198,Nagaland,"12/2022
08/2023",78.0,FlashReport_February 2026
199,Nagaland,"03/2018
08/2023",99.0,FlashReport_February 2026
200,Nagaland,"03/2021
09/2023",95.0,FlashReport_February 2026
201,Sikkim,"07/2020
10/2020",64.0,FlashReport_February 2026
202,Sikkim,"07/2020
10/2020",78.0,FlashReport_February 2026
203,Sikkim,"10/2020
12/2020",57.0,FlashReport_February 2026
204,Sikkim,"01/2021
02/2021",81.0,FlashReport_February 2026
205,Sikkim,"10/2020
05/2021",76.0,FlashReport_February 2026
206,Sikkim,"01/2021
04/2021",95.0,FlashReport_February 2026
207,Sikkim,"03/2018
01/2023",82.0,FlashReport_February 2026
208,Sikkim,"10/2021
05/2022",88.0,FlashReport_February 2026
209,Tripura,"01/2024
09/2024",50.0,FlashReport_February 2026
210,Tripura,"01/2024
09/2024",10.0,FlashReport_February 2026
211,Tripura,"01/2024
12/2024",6.0,FlashReport_February 2026
212,Tripura,"01/2024
07/2024",47.0,FlashReport_February 2026
213,Tripura,"02/2020
07/2020",0.0,FlashReport_February 2026
214,Tripura,"02/2020
09/2024",0.0,FlashReport_February 2026
215,Tripura,"01/2023
05/2023",65.0,FlashReport_February 2026
216,Tripura,"12/2023
09/2024",41.0,FlashReport_February 2026
217,Tripura,"03/2023
03/2024",0.0,FlashReport_February 2026
218,Meghalaya,"09/2019
09/2020",99.0,FlashReport_February 2026
219,"Multi-States (Arunachal
Pradesh, Assam)","12/2020
10/2021",99.0,FlashReport_February 2026
220,Assam,"04/1996
12/1996",55.0,FlashReport_February 2026
221,Manipur,"04/1997
04/1997",98.0,FlashReport_February 2026
1,Andhra Pradesh,"03/2023
01/2024",53.0,FlashReport_February 2026
2,Andhra Pradesh,"06/2020
09/2020",87.0,FlashReport_February 2026
3,Andhra Pradesh,"12/2022
08/2023",76.0,FlashReport_February 2026
4,Assam,"12/2016
03/2018",97.0,FlashReport_February 2026
5,Bihar,"08/2024
04/2025",1.0,FlashReport_February 2026
6,Bihar,"07/2024
07/2024",57.0,FlashReport_February 2026
7,Bihar,"12/2018
10/2018",97.0,FlashReport_February 2026
8,Goa,"11/2017
12/2019",99.0,FlashReport_February 2026
9,Gujarat,"NA
07/2025",21.0,FlashReport_February 2026
10,Gujarat,"06/2022
07/2022",79.0,FlashReport_February 2026
11,"Jammu and
Kashmir","10/2023
12/2023",48.0,FlashReport_February 2026
12,Karnataka,"06/2023
01/2024",68.0,FlashReport_February 2026
13,Karnataka,"06/2023
02/2024",78.0,FlashReport_February 2026
14,Kerala,"06/2023
02/2024",46.0,FlashReport_February 2026
15,Ladakh,"07/2018
09/2018",78.0,FlashReport_February 2026
16,Manipur,"11/2021
07/2022",46.0,FlashReport_February 2026
17,"Multi-States
(Karnataka,
Maharashtra,
Telangana, Uttar
Pradesh)","12/2020
10/2022",78.0,FlashReport_February 2026
18,Rajasthan,"08/2025
10/2025",7.0,FlashReport_February 2026
19,Rajasthan,"06/2022
05/2023",95.0,FlashReport_February 2026
20,Rajasthan,"06/2023
11/2023",61.0,FlashReport_February 2026
21,Sikkim,"11/2023
12/2023",28.0,FlashReport_February 2026
22,Tamil Nadu,"05/2018
06/2023",32.0,FlashReport_February 2026
23,Uttar Pradesh,"07/2024
07/2024",23.0,FlashReport_February 2026
24,Uttar Pradesh,"06/2024
07/2024",36.0,FlashReport_February 2026
25,West Bengal,"08/2024
09/2024",19.0,FlashReport_February 2026
26,West Bengal,"03/2023
12/2023",49.0,FlashReport_February 2026
27,Assam,"07/2022
07/2022",88.0,FlashReport_February 2026
28,Assam,"11/2022
11/2022",3.0,FlashReport_February 2026
29,Chhattisgarh,"12/2020
12/2020",10.0,FlashReport_February 2026
30,Chhattisgarh,"08/2020
08/2020",55.0,FlashReport_February 2026
31,Chhattisgarh,"12/2020
12/2020",37.0,FlashReport_February 2026
32,Chhattisgarh,"03/2016
03/2016",78.0,FlashReport_February 2026
33,Chhattisgarh,"02/2015
02/2015",42.0,FlashReport_February 2026
34,Chhattisgarh,"07/2015
07/2015",78.0,FlashReport_February 2026
35,Chhattisgarh,"07/2016
07/2016",96.0,FlashReport_February 2026
36,Chhattisgarh,"05/2018
05/2018",54.0,FlashReport_February 2026
37,Chhattisgarh,"01/2023
01/2023",2.0,FlashReport_February 2026
38,Chhattisgarh,"10/2022
10/2022",40.0,FlashReport_February 2026
39,Chhattisgarh,"11/2024
11/2024",21.0,FlashReport_February 2026
40,Chhattisgarh,"01/2025
01/2025",21.0,FlashReport_February 2026
41,Chhattisgarh,"09/2025
09/2025",0.0,FlashReport_February 2026
42,Chhattisgarh,"12/2024
12/2024",0.0,FlashReport_February 2026
43,Jharkhand,"08/2022
08/2022",63.0,FlashReport_February 2026
44,Jharkhand,"01/2022
01/2022",46.0,FlashReport_February 2026
45,Jharkhand,"01/2022
01/2022",22.0,FlashReport_February 2026
46,Jharkhand,"03/2024
03/2024",16.0,FlashReport_February 2026
47,Jharkhand,"08/2020
08/2020",24.0,FlashReport_February 2026
48,Jharkhand,"08/2020
08/2020",42.0,FlashReport_February 2026
49,Jharkhand,"03/2016
11/2019",87.0,FlashReport_February 2026
50,Jharkhand,"08/2020
08/2020",38.0,FlashReport_February 2026
51,Jharkhand,"07/2021
07/2021",68.0,FlashReport_February 2026
52,Jharkhand,"01/2021
01/2021",21.0,FlashReport_February 2026
53,Jharkhand,"11/2020
11/2020",10.0,FlashReport_February 2026
54,Jharkhand,"05/2021
05/2021",26.0,FlashReport_February 2026
55,Jharkhand,"02/2020
02/2020",42.0,FlashReport_February 2026
56,Jharkhand,"12/2009
12/2009",77.0,FlashReport_February 2026
57,Jharkhand,"08/2018
08/2018",53.0,FlashReport_February 2026
58,Jharkhand,"08/2020
08/2020",29.0,FlashReport_February 2026
59,Jharkhand,"08/2011
08/2011",82.0,FlashReport_February 2026
60,Jharkhand,"10/2015
04/2016",51.0,FlashReport_February 2026
61,Jharkhand,"01/2023
01/2023",28.0,FlashReport_February 2026
62,Jharkhand,"02/2011
02/2011",70.0,FlashReport_February 2026
63,Jharkhand,"11/2020
11/2020",21.0,FlashReport_February 2026
64,Jharkhand,"05/2020
05/2020",53.0,FlashReport_February 2026
65,Jharkhand,"11/2019
11/2019",30.0,FlashReport_February 2026
66,Jharkhand,"12/2023
12/2023",0.0,FlashReport_February 2026
67,Jharkhand,"02/2020
02/2020",33.0,FlashReport_February 2026
68,Jharkhand,"03/2024
03/2024",4.0,FlashReport_February 2026
69,Jharkhand,"06/2025
07/2025",22.0,FlashReport_February 2026
70,Madhya Pradesh,"03/2016
03/2016",75.0,FlashReport_February 2026
71,Madhya Pradesh,"07/2019
07/2019",44.0,FlashReport_February 2026
72,Madhya Pradesh,"07/2019
07/2019",48.0,FlashReport_February 2026
73,Madhya Pradesh,"11/2020
11/2020",48.0,FlashReport_February 2026
74,Madhya Pradesh,"12/2014
12/2014",58.0,FlashReport_February 2026
75,Madhya Pradesh,"01/2024
01/2024",41.0,FlashReport_February 2026
76,Madhya Pradesh,"12/2021
12/2021",17.0,FlashReport_February 2026
77,Madhya Pradesh,"09/2022
09/2022",67.0,FlashReport_February 2026
78,Madhya Pradesh,"11/2022
11/2022",11.0,FlashReport_February 2026
79,Madhya Pradesh,"07/2022
01/2023",2.0,FlashReport_February 2026
80,Madhya Pradesh,"07/2022
09/2023",9.0,FlashReport_February 2026
81,Madhya Pradesh,"08/2019
08/2019",56.0,FlashReport_February 2026
82,Madhya Pradesh,"02/2025
02/2025",0.0,FlashReport_February 2026
83,Madhya Pradesh,"05/2025
05/2025",0.0,FlashReport_February 2026
84,Maharashtra,"02/2020
05/2022",33.0,FlashReport_February 2026
85,Maharashtra,"08/2015
08/2015",80.0,FlashReport_February 2026
86,Maharashtra,"02/2020
02/2020",37.0,FlashReport_February 2026
87,Maharashtra,"02/2019
10/2021",19.0,FlashReport_February 2026
88,Maharashtra,"01/2022
01/2022",68.0,FlashReport_February 2026
89,Maharashtra,"08/2020
08/2020",20.0,FlashReport_February 2026
90,Maharashtra,"05/2019
09/2022",24.0,FlashReport_February 2026
91,Maharashtra,"06/2022
06/2022",12.0,FlashReport_February 2026
92,Maharashtra,"05/2022
05/2022",6.0,FlashReport_February 2026
93,Maharashtra,"04/2021
04/2021",8.0,FlashReport_February 2026
94,Maharashtra,"01/2023
09/2023",2.0,FlashReport_February 2026
95,Maharashtra,"12/2022
12/2022",5.0,FlashReport_February 2026
96,Maharashtra,"10/2023
10/2023",2.0,FlashReport_February 2026
97,Maharashtra,"03/2021
03/2021",12.0,FlashReport_February 2026
98,Maharashtra,"04/2024
04/2024",3.0,FlashReport_February 2026
99,Maharashtra,"08/2023
06/2024",2.0,FlashReport_February 2026
100,Maharashtra,"02/2017
09/2022",9.0,FlashReport_February 2026
101,Maharashtra,"06/2024
06/2024",0.0,FlashReport_February 2026
102,Maharashtra,"08/2016
08/2016",79.0,FlashReport_February 2026
103,Maharashtra,"11/2018
01/2019",93.0,FlashReport_February 2026
104,Maharashtra,"09/2018
09/2018",98.0,FlashReport_February 2026
105,Maharashtra,"11/2018
11/2018",86.0,FlashReport_February 2026
106,Maharashtra,"09/2024
09/2024",0.0,FlashReport_February 2026
107,Maharashtra,"01/2024
01/2025",0.0,FlashReport_February 2026
108,Maharashtra,"06/2024
02/2025",0.0,FlashReport_February 2026
109,Maharashtra,"08/2025
08/2025",0.0,FlashReport_February 2026
110,"Multi-States
(Jharkhand, West
Bengal)","08/2009
08/2009",43.0,FlashReport_February 2026
111,"Multi-States
(Madhya Pradesh,
Uttar Pradesh)","08/2020
08/2020",89.0,FlashReport_February 2026
112,"Multi-States
(Madhya Pradesh,
Uttar Pradesh)","06/2021
06/2021",54.0,FlashReport_February 2026
113,Odisha,"05/2021
05/2021",44.0,FlashReport_February 2026
114,Odisha,"02/2021
02/2021",57.0,FlashReport_February 2026
115,Odisha,"08/2020
08/2020",55.0,FlashReport_February 2026
116,Odisha,"04/2022
04/2022",31.0,FlashReport_February 2026
117,Odisha,"05/2018
05/2018",74.0,FlashReport_February 2026
118,Odisha,"11/2018
11/2018",48.0,FlashReport_February 2026
119,Odisha,"05/2014
05/2014",66.0,FlashReport_February 2026
120,Odisha,"03/2020
03/2020",80.0,FlashReport_February 2026
121,Odisha,"04/2023
04/2023",4.0,FlashReport_February 2026
122,Odisha,"03/2024
03/2024",30.0,FlashReport_February 2026
123,Odisha,"11/2022
11/2022",27.0,FlashReport_February 2026
124,Odisha,"04/2023
04/2023",14.0,FlashReport_February 2026
125,Odisha,"10/2022
05/2023",71.0,FlashReport_February 2026
126,Telangana,"12/2021
12/2021",20.0,FlashReport_February 2026
127,Telangana,"03/2016
05/2017",75.0,FlashReport_February 2026
128,Telangana,"07/2019
05/2019",71.0,FlashReport_February 2026
129,Telangana,"08/2017
12/2022",80.0,FlashReport_February 2026
130,Telangana,"07/2021
08/2021",29.0,FlashReport_February 2026
131,Telangana,"10/2020
06/2020",97.0,FlashReport_February 2026
132,Telangana,"08/2017
09/2017",63.0,FlashReport_February 2026
133,West Bengal,"11/2020
11/2020",31.0,FlashReport_February 2026
134,West Bengal,"08/2021
08/2021",17.0,FlashReport_February 2026
135,West Bengal,"08/2018
08/2018",27.0,FlashReport_February 2026
136,West Bengal,"05/2018
05/2018",14.0,FlashReport_February 2026
137,West Bengal,"01/2023
01/2023",11.0,FlashReport_February 2026
138,West Bengal,"04/2020
04/2020",45.0,FlashReport_February 2026
139,West Bengal,"07/2021
07/2021",18.0,FlashReport_February 2026
140,West Bengal,"12/2015
03/2019",97.0,FlashReport_February 2026
141,West Bengal,"12/2023
12/2023",8.0,FlashReport_February 2026
142,West Bengal,"04/2020
04/2020",16.0,FlashReport_February 2026
143,West Bengal,"01/2023
01/2023",22.0,FlashReport_February 2026
144,West Bengal,"11/2024
11/2024",0.0,FlashReport_February 2026
145,Gujarat,"07/2022
01/2024",51.0,FlashReport_February 2026
146,Gujarat,"08/2023
06/2024",30.0,FlashReport_February 2026
147,Gujarat,"07/2022
03/2024",0.0,FlashReport_February 2026
148,Gujarat,"07/2022
04/2024",1.0,FlashReport_February 2026
149,Odisha,"01/2017
01/2024",1.0,FlashReport_February 2026
150,Rajasthan,"07/2022
03/2023",100.0,FlashReport_February 2026
151,Tamil Nadu,"08/2023
02/2024",100.0,FlashReport_February 2026
152,Uttar Pradesh,"07/2016
08/2016",94.0,FlashReport_February 2026
153,Chhattisgarh,"05/2018
03/2017",43.0,FlashReport_February 2026
154,Jharkhand,"02/2018
05/2022",66.0,FlashReport_February 2026
155,Jharkhand,"07/2016
10/2016",36.0,FlashReport_February 2026
156,Jharkhand,"02/2019
09/2019",59.0,FlashReport_February 2026
157,Arunachal Pradesh,"02/2023
02/2023",17.0,FlashReport_February 2026
158,Arunachal Pradesh,"12/2024
05/2025",3.0,FlashReport_February 2026
159,Arunachal Pradesh,"12/2024
05/2025",2.0,FlashReport_February 2026
160,Bihar,"03/2019
06/2019",93.0,FlashReport_February 2026
161,Bihar,"11/2024
03/2025",7.0,FlashReport_February 2026
162,Chhattisgarh,"08/2023
08/2023",25.0,FlashReport_February 2026
163,Chhattisgarh,"09/2024
09/2024",10.0,FlashReport_February 2026
164,Gujarat,"03/2021
05/2021",51.0,FlashReport_February 2026
165,Himachal Pradesh,"10/2020
05/2021",74.0,FlashReport_February 2026
166,Himachal Pradesh,"11/2020
11/2020",51.0,FlashReport_February 2026
167,Himachal Pradesh,"NA
04/2018",0.5,FlashReport_February 2026
168,Himachal Pradesh,"01/2023
01/2023",33.0,FlashReport_February 2026
169,"Jammu and
Kashmir","10/2014
02/2018",79.0,FlashReport_February 2026
170,"Jammu and
Kashmir","03/2019
02/2020",80.0,FlashReport_February 2026
171,"Jammu and
Kashmir","02/2021
01/2022",27.0,FlashReport_February 2026
172,"Jammu and
Kashmir","05/2022
11/2022",29.0,FlashReport_February 2026
173,Jharkhand,"11/2017
11/2017",88.0,FlashReport_February 2026
174,Jharkhand,"04/2023
11/2024",10.0,FlashReport_February 2026
175,Madhya Pradesh,"11/2024
05/2025",5.0,FlashReport_February 2026
176,"Multi-States
(Arunachal
Pradesh, Assam)","09/2003
01/2005",97.0,FlashReport_February 2026
177,Odisha,"08/2022
09/2022",46.0,FlashReport_February 2026
178,Sikkim,"03/2019
03/2020",71.0,FlashReport_February 2026
179,Sikkim,"03/2021
08/2021",95.0,FlashReport_February 2026
180,Uttar Pradesh,"03/2024
03/2024",16.0,FlashReport_February 2026
181,Uttarakhand,"11/2006
11/2006",77.0,FlashReport_February 2026
182,Uttarakhand,"07/2006
06/2011",99.0,FlashReport_February 2026
183,Uttarakhand,"08/2008
01/2014",77.0,FlashReport_February 2026
184,West Bengal,"01/2023
02/2025",8.0,FlashReport_February 2026
185,West Bengal,"09/2014
09/2014",53.0,FlashReport_February 2026
186,West Bengal,"06/2019
02/2021",95.0,FlashReport_February 2026
187,Andhra Pradesh,"09/2023
09/2023",96.0,FlashReport_February 2026
188,Andhra Pradesh,"05/2023
12/2023",91.0,FlashReport_February 2026
189,Andhra Pradesh,"03/2025
03/2025",17.0,FlashReport_February 2026
190,Arunachal Pradesh,"08/2025
08/2025",1.0,FlashReport_February 2026
191,Gujarat,"12/2023
12/2023",50.0,FlashReport_February 2026
192,Gujarat,"07/2023
07/2023",93.0,FlashReport_February 2026
193,Gujarat,"05/2024
05/2024",38.0,FlashReport_February 2026
194,Gujarat,"10/2024
10/2024",6.0,FlashReport_February 2026
195,Gujarat,"11/2024
11/2024",4.0,FlashReport_February 2026
196,Gujarat,"10/2024
10/2024",19.0,FlashReport_February 2026
197,Gujarat,"02/2025
02/2025",10.0,FlashReport_February 2026
198,Gujarat,"03/2025
03/2025",27.0,FlashReport_February 2026
199,Gujarat,"02/2025
02/2025",1.0,FlashReport_February 2026
200,Gujarat,"NA
10/2024",16.0,FlashReport_February 2026
201,Gujarat,"03/2025
03/2025",1.0,FlashReport_February 2026
202,Gujarat,"NA
12/2025",0.0,FlashReport_February 2026
203,Gujarat,"09/2024
09/2024",9.0,FlashReport_February 2026
204,Gujarat,"08/2024
08/2024",55.0,FlashReport_February 2026
205,Haryana,"06/2024
06/2024",24.0,FlashReport_February 2026
206,"Jammu and
Kashmir","07/2024
07/2024",1.0,FlashReport_February 2026
207,Jharkhand,"02/2012
02/2012",95.0,FlashReport_February 2026
208,Karnataka,"12/2023
12/2023",76.0,FlashReport_February 2026
209,Karnataka,"01/2025
01/2025",13.0,FlashReport_February 2026
210,Karnataka,"02/2025
02/2025",4.0,FlashReport_February 2026
211,Karnataka,"03/2025
03/2025",9.0,FlashReport_February 2026
212,Karnataka,"09/2025
09/2025",2.0,FlashReport_February 2026
213,Kerala,"08/2025
08/2025",1.0,FlashReport_February 2026
214,Madhya Pradesh,"10/2024
10/2024",31.0,FlashReport_February 2026
215,Madhya Pradesh,"08/2024
08/2024",52.0,FlashReport_February 2026
216,Madhya Pradesh,"06/2025
06/2025",4.0,FlashReport_February 2026
217,Madhya Pradesh,"10/2025
10/2025",2.0,FlashReport_February 2026
218,Madhya Pradesh,"03/2025
03/2025",12.0,FlashReport_February 2026
219,Maharashtra,"11/2023
11/2023",74.0,FlashReport_February 2026
220,Maharashtra,"NA
05/2025",5.0,FlashReport_February 2026
221,"Multi-States
(Andhra Pradesh,
Karnataka)","03/2025
03/2025",12.0,FlashReport_February 2026
222,"Multi-States
(Andhra Pradesh,
Karnataka)","08/2024
03/2025",40.0,FlashReport_February 2026
223,"Multi-States
(Andhra Pradesh,
Odisha)","02/2026
02/2026",0.0,FlashReport_February 2026
224,"Multi-States
(Andhra Pradesh,
Telangana)","11/2022
03/2023",99.0,FlashReport_February 2026
225,"Multi-States
(Arunachal
Pradesh, Sikkim)","10/2014
10/2014",83.0,FlashReport_February 2026
226,"Multi-States
(Assam, Manipur,
Meghalaya,
Mizoram,
Nagaland, Tripura)","12/2014
03/2016",96.0,FlashReport_February 2026
227,"Multi-States
(Bihar, Odisha,
West Bengal)","09/2024
09/2024",21.0,FlashReport_February 2026
228,"Multi-States
(Bihar, Uttar
Pradesh)","10/2025
10/2025",1.0,FlashReport_February 2026
229,"Multi-States
(Bihar, West
Bengal)","11/2024
11/2024",1.0,FlashReport_February 2026
230,"Multi-States
(Dadra & Nagar
Haveli and Daman
& Diu, Gujarat,
Maharashtra)","01/2022
07/2022",98.0,FlashReport_February 2026
231,"Multi-States (Delhi,
Rajasthan)","12/2022
12/2022",43.0,FlashReport_February 2026
232,"Multi-States (Delhi,
Rajasthan)","02/2024
02/2024",82.0,FlashReport_February 2026
233,"Multi-States
(Gujarat,
Maharashtra)","11/2024
11/2024",7.0,FlashReport_February 2026
234,"Multi-States
(Haryana, Punjab,
Rajasthan)","11/2024
11/2024",19.0,FlashReport_February 2026
235,"Multi-States
(Haryana,
Rajasthan)","11/2024
11/2024",24.0,FlashReport_February 2026
236,"Multi-States
(Karnataka,
Maharashtra)","10/2025
10/2025",2.0,FlashReport_February 2026
237,"Multi-States
(Karnataka,
Telangana)","02/2024
02/2024",84.0,FlashReport_February 2026
238,"Multi-States
(Madhya Pradesh,
Rajasthan)","08/2024
08/2024",34.0,FlashReport_February 2026
239,"Multi-States
(Madhya Pradesh,
Rajasthan)","08/2024
08/2024",35.0,FlashReport_February 2026
240,"Multi-States
(Madhya Pradesh,
Rajasthan)","03/2025
03/2025",14.0,FlashReport_February 2026
241,"Multi-States
(Madhya Pradesh,
Rajasthan, Uttar
Pradesh)","01/2025
01/2025",0.0,FlashReport_February 2026
242,"Multi-States
(Rajasthan, Uttar
Pradesh)","12/2023
12/2023",70.0,FlashReport_February 2026
243,"Multi-States
(Rajasthan, Uttar
Pradesh)","12/2024
12/2024",23.0,FlashReport_February 2026
244,Rajasthan,"11/2023
11/2023",89.0,FlashReport_February 2026
245,Rajasthan,"10/2023
10/2023",96.0,FlashReport_February 2026
246,Rajasthan,"10/2023
10/2023",96.0,FlashReport_February 2026
247,Rajasthan,"12/2021
08/2023",99.0,FlashReport_February 2026
248,Rajasthan,"12/2023
12/2023",65.0,FlashReport_February 2026
249,Rajasthan,"08/2024
08/2024",42.0,FlashReport_February 2026
250,Rajasthan,"08/2024
08/2024",36.0,FlashReport_February 2026
251,Rajasthan,"08/2024
08/2024",53.0,FlashReport_February 2026
252,Rajasthan,"11/2024
11/2024",28.0,FlashReport_February 2026
253,Rajasthan,"03/2025
03/2025",6.0,FlashReport_February 2026
254,Tamil Nadu,"01/2025
01/2025",15.0,FlashReport_February 2026
255,Uttar Pradesh,"12/2024
12/2024",3.0,FlashReport_February 2026
256,Telangana,"03/2024
11/2024",16.0,FlashReport_February 2026
257,"Andaman &
Nicobar","07/2021
11/2021",70.0,FlashReport_February 2026
258,Delhi,"07/2016
05/2018",45.0,FlashReport_February 2026
259,Gujarat,"02/2016
06/2016",50.0,FlashReport_February 2026
260,Uttarakhand,"11/2019
08/2019",31.0,FlashReport_February 2026
261,Bihar,"02/2019
02/2019",49.0,FlashReport_February 2026
262,Delhi,"03/2024
03/2024",1.0,FlashReport_February 2026
263,Delhi,"01/2026
01/2026",0.0,FlashReport_February 2026
264,Delhi,"07/2019
07/2019",78.0,FlashReport_February 2026
265,Gujarat,"03/2019
04/2019",77.0,FlashReport_February 2026
266,Gujarat,"03/2019
03/2019",100.0,FlashReport_February 2026
267,Gujarat,"11/2014
02/2015",99.0,FlashReport_February 2026
268,Haryana,"07/2023
08/2024",0.0,FlashReport_February 2026
269,Karnataka,"02/2014
02/2016",95.0,FlashReport_February 2026
270,Karnataka,"06/2021
01/2019",63.0,FlashReport_February 2026
271,Kerala,"11/2022
11/2022",28.0,FlashReport_February 2026
272,Madhya Pradesh,"11/2018
11/2018",55.0,FlashReport_February 2026
273,Madhya Pradesh,"11/2018
11/2018",62.0,FlashReport_February 2026
274,Maharashtra,"10/2023
10/2023",37.0,FlashReport_February 2026
275,Maharashtra,"09/2024
09/2024",4.0,FlashReport_February 2026
276,Maharashtra,"09/2024
09/2024",6.0,FlashReport_February 2026
277,Maharashtra,"07/2025
07/2025",1.0,FlashReport_February 2026
278,Maharashtra,"12/2025
12/2025",0.0,FlashReport_February 2026
279,Maharashtra,"04/2018
03/2019",6.0,FlashReport_February 2026
280,Maharashtra,"04/2018
07/2020",70.0,FlashReport_February 2026
281,Maharashtra,"07/2013
06/2016",97.0,FlashReport_February 2026
282,Maharashtra,"12/2022
12/2022",34.0,FlashReport_February 2026
283,"Multi-States (Delhi,
Haryana)","01/2025
01/2025",0.0,FlashReport_February 2026
284,"Multi-States (Delhi,
Uttar Pradesh)","03/2019
03/2019",96.0,FlashReport_February 2026
285,Tamil Nadu,"10/2024
11/2020",49.0,FlashReport_February 2026
286,Uttar Pradesh,"09/2025
05/2026",0.0,FlashReport_February 2026
287,Uttar Pradesh,"05/2019
11/2019",80.0,FlashReport_February 2026
288,Uttar Pradesh,"05/2019
12/2020",68.0,FlashReport_February 2026
289,Andhra Pradesh,"02/2017
07/2018",82.0,FlashReport_February 2026
290,Bihar,"11/2016
02/2019",84.0,FlashReport_February 2026
291,"Dadra & Nagar
Haveli and Daman
& Diu","08/2020
12/2021",20.0,FlashReport_February 2026
292,Gujarat,"07/2020
03/2021",10.0,FlashReport_February 2026
293,Haryana,"03/2017
11/2017",88.0,FlashReport_February 2026
294,Haryana,"03/2017
10/2018",91.0,FlashReport_February 2026
295,Jharkhand,"02/2017
12/2018",75.0,FlashReport_February 2026
296,Jharkhand,"02/2017
12/2018",66.0,FlashReport_February 2026
318,,"09/2009
09/2014",92.0,FlashReport_February 2026
319,Andhra Pradesh,"09/2019
12/2023",41.0,FlashReport_February 2026
320,Arunachal Pradesh,"09/2009
03/2013",80.0,FlashReport_February 2026
321,Assam,"05/2019
06/2021",97.0,FlashReport_February 2026
322,Bihar,"07/2022
08/2022",98.0,FlashReport_February 2026
323,Chhattisgarh,"05/2025
01/2026",0.0,FlashReport_February 2026
324,Delhi,"09/2009
11/2022",99.0,FlashReport_February 2026
325,Delhi,"09/2024
03/2025",10.0,FlashReport_February 2026
326,Gujarat,"12/2020
02/2021",84.0,FlashReport_February 2026
327,Himachal Pradesh,"09/2018
08/2020",96.0,FlashReport_February 2026
328,Himachal Pradesh,"03/2023
03/2024",80.0,FlashReport_February 2026
329,Himachal Pradesh,"03/2021
08/2022",85.0,FlashReport_February 2026
330,"Jammu and
Kashmir","03/2019
10/2020",96.0,FlashReport_February 2026
331,Kerala,"07/2017
03/2020",83.0,FlashReport_February 2026
332,Kerala,"05/2025
01/2026",0.0,FlashReport_February 2026
333,Madhya Pradesh,"12/2023
04/2024",52.0,FlashReport_February 2026
334,Mizoram,"09/2009
06/2014",4.0,FlashReport_February 2026
335,Nagaland,"09/2009
12/2014",98.0,FlashReport_February 2026
336,Odisha,"10/2018
09/2019",98.0,FlashReport_February 2026
337,Odisha,"09/2023
01/2024",36.0,FlashReport_February 2026
338,Puducherry,"09/2009
07/2013",98.0,FlashReport_February 2026
339,Punjab,"10/2019
07/2020",91.0,FlashReport_February 2026
340,Punjab,"08/2024
04/2025",29.0,FlashReport_February 2026
341,Sikkim,"08/2020
01/2022",90.0,FlashReport_February 2026
342,Sikkim,"02/2024
03/2024",27.0,FlashReport_February 2026
343,Telangana,"09/2022
11/2022",85.0,FlashReport_February 2026
344,Uttar Pradesh,"06/2020
06/2020",98.0,FlashReport_February 2026
345,Uttarakhand,"06/2020
04/2024",47.0,FlashReport_February 2026
346,West Bengal,"06/2018
04/2019",93.0,FlashReport_February 2026
347,Manipur,"NA
01/2022",96.0,FlashReport_February 2026
348,Andhra Pradesh,"08/2024
08/2024",95.0,FlashReport_February 2026
349,Assam,"03/2023
03/2023",67.0,FlashReport_February 2026
350,Assam,"03/2023
03/2023",76.0,FlashReport_February 2026
351,Gujarat,"05/2023
05/2023",63.0,FlashReport_February 2026
352,Maharashtra,"06/2017
06/2017",69.0,FlashReport_February 2026
353,Mizoram,"07/2024
07/2024",28.0,FlashReport_February 2026
354,"Multi-States
(Andhra Pradesh,
Odisha)","09/2019
09/2019",96.0,FlashReport_February 2026
355,"Multi-States
(Assam, Bihar,
Jharkhand,
Odisha, West
Bengal)","01/2019
01/2019",91.0,FlashReport_February 2026
356,"Multi-States
(Gujarat, Haryana,
Rajasthan)","12/2021
12/2021",90.0,FlashReport_February 2026
357,"Multi-States
(Gujarat, Madhya
Pradesh, Uttar
Pradesh)","12/2018
12/2018",94.0,FlashReport_February 2026
358,"Multi-States
(Karnataka, Tamil
Nadu)","11/2012
11/2012",80.0,FlashReport_February 2026
359,Rajasthan,"10/2017
10/2017",91.0,FlashReport_February 2026
360,Rajasthan,"12/2023
12/2023",81.0,FlashReport_February 2026
361,Tamil Nadu,"01/2022
01/2022",74.0,FlashReport_February 2026
362,Tamil Nadu,"01/2022
01/2022",93.0,FlashReport_February 2026
363,Tripura,"06/2022
06/2022",96.0,FlashReport_February 2026
364,Uttar Pradesh,"09/2022
09/2022",68.0,FlashReport_February 2026
365,Andhra Pradesh,"03/2016
03/2016",96.0,FlashReport_February 2026
366,Andhra Pradesh,"09/2025
09/2025",7.0,FlashReport_February 2026
367,Andhra Pradesh,"09/2021
09/2021",90.0,FlashReport_February 2026
368,Andhra Pradesh,"03/2022
03/2022",6.0,FlashReport_February 2026
369,Assam,"07/2020
07/2020",82.0,FlashReport_February 2026
370,Assam,"01/2018
01/2018",94.0,FlashReport_February 2026
371,Assam,"05/2021
05/2021",91.0,FlashReport_February 2026
372,Assam,"12/2020
12/2020",91.0,FlashReport_February 2026
373,Assam,"12/2022
12/2022",55.0,FlashReport_February 2026
374,Assam,"04/2022
04/2022",78.0,FlashReport_February 2026
375,Assam,"06/2022
06/2022",51.0,FlashReport_February 2026
376,Assam,"01/2023
01/2023",52.0,FlashReport_February 2026
377,Assam,"09/2023
09/2023",51.0,FlashReport_February 2026
378,Assam,"08/2021
08/2021",72.0,FlashReport_February 2026
379,Assam,"04/2023
04/2023",99.0,FlashReport_February 2026
380,Bihar,"10/2023
10/2023",42.0,FlashReport_February 2026
381,Bihar,"01/2020
01/2020",90.0,FlashReport_February 2026
382,Bihar,"01/2022
01/2022",56.0,FlashReport_February 2026
383,Bihar,"12/2022
12/2022",31.0,FlashReport_February 2026
384,Bihar,"12/2022
12/2022",28.0,FlashReport_February 2026
385,Chhattisgarh,"06/2022
06/2022",2.0,FlashReport_February 2026
386,Gujarat,"08/2021
08/2021",85.0,FlashReport_February 2026
387,Gujarat,"02/2017
02/2017",95.0,FlashReport_February 2026
388,Gujarat,"04/2021
04/2021",89.0,FlashReport_February 2026
389,Gujarat,"09/2020
09/2020",87.0,FlashReport_February 2026
390,Gujarat,"01/2022
01/2022",79.0,FlashReport_February 2026
391,Gujarat,"01/2022
01/2022",31.0,FlashReport_February 2026
392,Gujarat,"05/2022
05/2022",96.0,FlashReport_February 2026
393,Gujarat,"07/2021
07/2021",92.0,FlashReport_February 2026
394,Gujarat,"08/2022
08/2022",63.0,FlashReport_February 2026
395,Gujarat,"11/2022
11/2022",63.0,FlashReport_February 2026
396,Haryana,"06/2019
06/2019",64.0,FlashReport_February 2026
397,Haryana,"03/2022
03/2022",83.0,FlashReport_February 2026
398,Haryana,"05/2025
05/2025",24.0,FlashReport_February 2026
399,Haryana,"02/2021
02/2021",92.0,FlashReport_February 2026
400,Haryana,"12/2020
12/2020",83.0,FlashReport_February 2026
401,"Jammu and
Kashmir","03/2022
03/2022",0.0,FlashReport_February 2026
402,Jharkhand,"11/2019
11/2019",63.0,FlashReport_February 2026
403,Jharkhand,"02/2023
02/2023",50.0,FlashReport_February 2026
404,Karnataka,"10/2023
10/2023",77.0,FlashReport_February 2026
405,Karnataka,"03/2024
03/2024",40.0,FlashReport_February 2026
406,Karnataka,"01/2022
01/2022",81.0,FlashReport_February 2026
407,Kerala,"09/2024
09/2024",29.0,FlashReport_February 2026
408,Kerala,"12/2023
12/2023",25.0,FlashReport_February 2026
409,Madhya Pradesh,"05/2024
05/2024",55.0,FlashReport_February 2026
410,Madhya Pradesh,"05/2023
05/2023",21.0,FlashReport_February 2026
411,Maharashtra,"04/2021
04/2021",89.0,FlashReport_February 2026
412,Maharashtra,"12/2024
12/2024",9.0,FlashReport_February 2026
413,Maharashtra,"05/2025
05/2025",3.0,FlashReport_February 2026
414,Maharashtra,"06/2025
06/2025",0.0,FlashReport_February 2026
415,Maharashtra,"04/2025
04/2025",0.0,FlashReport_February 2026
416,Maharashtra,"06/2024
06/2024",75.0,FlashReport_February 2026
417,Maharashtra,"03/2022
03/2022",3.0,FlashReport_February 2026
418,Maharashtra,"04/2022
04/2022",65.0,FlashReport_February 2026
419,Maharashtra,"08/2022
08/2022",94.0,FlashReport_February 2026
420,Maharashtra,"05/2023
05/2023",77.0,FlashReport_February 2026
421,Maharashtra,"11/2022
11/2022",97.0,FlashReport_February 2026
422,"Multi-States
(Andhra Pradesh,
Chhattisgarh,
Odisha)","09/2024
09/2024",29.0,FlashReport_February 2026
423,"Multi-States
(Arunachal
Pradesh, Assam,
Manipur,
Meghalaya,
Mizoram,
Nagaland, Sikkim,
Tripura, West
Bengal)","04/2020
04/2020",87.0,FlashReport_February 2026
424,"Multi-States
(Assam, Bihar,
West Bengal)","12/2024
12/2024",18.0,FlashReport_February 2026
425,"Multi-States
(Assam, West
Bengal)","06/2021
06/2021",99.0,FlashReport_February 2026
426,"Multi-States
(Bihar, Jharkhand)","06/2022
06/2022",34.0,FlashReport_February 2026
427,"Multi-States
(Chhattisgarh,
Madhya Pradesh,
Maharashtra,
Odisha)","06/2020
06/2020",98.0,FlashReport_February 2026
428,"Multi-States
(Gujarat, Haryana,
Punjab,
Rajasthan)","07/2011
07/2011",90.0,FlashReport_February 2026
429,"Multi-States
(Jammu and
Kashmir, Punjab)","07/2023
07/2023",44.0,FlashReport_February 2026
430,"Multi-States
(Karnataka,
Kerala, Tamil
Nadu)","06/2009
06/2009",96.0,FlashReport_February 2026
431,"Multi-States
(Karnataka,
Maharashtra)","01/2006
01/2006",47.0,FlashReport_February 2026
432,"Multi-States
(Odisha, West
Bengal)","03/2020
03/2020",93.0,FlashReport_February 2026
433,"Multi-States
(Punjab,
Rajasthan)","12/2022
12/2022",28.0,FlashReport_February 2026
434,Nagaland,"08/2023
08/2023",36.0,FlashReport_February 2026
435,Odisha,"07/2020
07/2020",93.0,FlashReport_February 2026
436,Odisha,"02/2022
02/2022",5.0,FlashReport_February 2026
437,Odisha,"04/2021
04/2021",72.0,FlashReport_February 2026
438,Offshore,"12/2015
12/2015",90.0,FlashReport_February 2026
439,Offshore,"09/2024
09/2024",40.0,FlashReport_February 2026
440,Offshore,"06/2022
06/2022",95.0,FlashReport_February 2026
441,Offshore,"06/2022
06/2022",78.0,FlashReport_February 2026
442,Offshore,"06/2024
06/2024",93.0,FlashReport_February 2026
443,Offshore,"05/2023
05/2023",34.0,FlashReport_February 2026
444,Punjab,"05/2020
05/2020",95.0,FlashReport_February 2026
445,Punjab,"03/2022
03/2022",2.0,FlashReport_February 2026
446,Tamil Nadu,"09/2021
09/2021",10.0,FlashReport_February 2026
447,Tamil Nadu,"01/2024
01/2024",58.0,FlashReport_February 2026
448,Tamil Nadu,"12/2022
12/2022",24.0,FlashReport_February 2026
449,Telangana,"03/2025
03/2025",22.0,FlashReport_February 2026
450,Tripura,"03/2022
03/2022",67.0,FlashReport_February 2026
451,Uttar Pradesh,"09/2025
09/2025",44.0,FlashReport_February 2026
452,Uttar Pradesh,"04/2022
04/2022",45.0,FlashReport_February 2026
453,Uttar Pradesh,"12/2022
12/2022",15.0,FlashReport_February 2026
454,West Bengal,"03/2017
03/2017",94.0,FlashReport_February 2026
455,West Bengal,"09/2024
09/2024",9.0,FlashReport_February 2026
456,West Bengal,"11/2021
11/2021",85.0,FlashReport_February 2026
457,West Bengal,"11/2022
11/2022",93.0,FlashReport_February 2026
458,West Bengal,"06/2022
06/2022",34.0,FlashReport_February 2026
459,West Bengal,"03/2022
03/2022",2.0,FlashReport_February 2026
460,West Bengal,"12/2022
12/2022",42.0,FlashReport_February 2026
461,Bihar,"NA
09/2020",0.0,FlashReport_February 2026
462,Bihar,"03/2019
10/2022",32.0,FlashReport_February 2026
463,Chhattisgarh,"02/2023
10/2023",52.0,FlashReport_February 2026
464,Chhattisgarh,"10/2023
10/2023",75.0,FlashReport_February 2026
465,Chhattisgarh,"02/2020
09/2024",50.0,FlashReport_February 2026
466,Delhi,"09/2025
09/2025",0.0,FlashReport_February 2026
467,Delhi,"10/2016
06/2022",61.0,FlashReport_February 2026
468,Gujarat,"01/2019
01/2019",93.0,FlashReport_February 2026
469,Gujarat,"09/2022
09/2022",36.0,FlashReport_February 2026
470,Gujarat,"04/2022
10/2022",66.0,FlashReport_February 2026
471,Haryana,"02/2019
02/2019",55.0,FlashReport_February 2026
472,"Jammu and
Kashmir","01/2019
03/2019",74.0,FlashReport_February 2026
473,Jharkhand,"09/2023
02/2024",30.0,FlashReport_February 2026
474,Jharkhand,"06/2018
03/2023",46.0,FlashReport_February 2026
475,Madhya Pradesh,"12/2021
11/2022",67.0,FlashReport_February 2026
476,Madhya Pradesh,"08/2023
10/2023",40.0,FlashReport_February 2026
477,Punjab,"11/2019
07/2027",0.0,FlashReport_February 2026
478,Punjab,"01/2020
03/2026",0.0,FlashReport_February 2026
479,Sikkim,"10/2018
12/2018",92.0,FlashReport_February 2026
480,Tamil Nadu,"12/2018
12/2018",48.0,FlashReport_February 2026
481,Telangana,"12/2018
07/2022",86.0,FlashReport_February 2026
482,Uttarakhand,"10/2022
02/2024",35.0,FlashReport_February 2026
483,Uttarakhand,"08/2021
04/2023",72.0,FlashReport_February 2026
484,Andhra Pradesh,"02/2021
04/2023",80.0,FlashReport_February 2026
485,Assam,"12/2017
10/2021",98.0,FlashReport_February 2026
486,Gujarat,"06/2019
03/2021",100.0,FlashReport_February 2026
487,Gujarat,"06/2022
04/2023",11.0,FlashReport_February 2026
488,Gujarat,"08/2022
10/2023",22.0,FlashReport_February 2026
489,Karnataka,"02/2015
10/2024",23.0,FlashReport_February 2026
490,Karnataka,"07/2019
03/2025",10.0,FlashReport_February 2026
491,Maharashtra,"05/2018
03/2023",74.0,FlashReport_February 2026
492,Maharashtra,"10/2013
08/2022",65.0,FlashReport_February 2026
493,Maharashtra,"12/2008
06/2009",89.0,FlashReport_February 2026
494,Odisha,"12/2010
02/2025",7.0,FlashReport_February 2026
495,Tamil Nadu,"02/2015
03/2023",99.0,FlashReport_February 2026
496,Uttarakhand,"02/2021
12/2021",81.0,FlashReport_February 2026
497,Maharashtra,"08/2019
01/2022",11.0,FlashReport_February 2026
498,"Multi-States
(Bihar, Jharkhand,
Uttar Pradesh,
West Bengal)","01/2018
02/2018",77.0,FlashReport_February 2026
499,Offshore,"01/2018
08/2018",100.0,FlashReport_February 2026
500,Gujarat,"10/2022
03/2024",40.0,FlashReport_February 2026
501,Gujarat,"02/2018
02/2021",90.0,FlashReport_February 2026
502,Gujarat,"09/2021
09/2021",71.0,FlashReport_February 2026
503,Karnataka,"12/2023
06/2024",40.0,FlashReport_February 2026
504,Maharashtra,"12/2019
01/2020",88.0,FlashReport_February 2026
505,Maharashtra,"11/2020
04/2021",0.0,FlashReport_February 2026
506,Odisha,"05/2022
01/2023",50.0,FlashReport_February 2026
507,West Bengal,"11/2022
03/2023",100.0,FlashReport_February 2026
508,West Bengal,"01/2022
08/2022",0.0,FlashReport_February 2026
509,Gujarat,"02/2019
01/2022",73.0,FlashReport_February 2026
510,Haryana,"05/2018
12/2021",60.0,FlashReport_February 2026
511,Andhra Pradesh,"12/2020
02/2024",33.0,FlashReport_February 2026
512,Karnataka,"12/2020
02/2023",19.0,FlashReport_February 2026
513,Chhattisgarh,"08/2021
07/2022",12.0,FlashReport_February 2026
514,Chhattisgarh,"07/2024
08/2024",44.0,FlashReport_February 2026
515,Chhattisgarh,"10/2023
12/2023",58.0,FlashReport_February 2026
516,Chhattisgarh,"11/2023
01/2024",86.0,FlashReport_February 2026
517,Chhattisgarh,"11/2015
09/2020",93.0,FlashReport_February 2026
518,Chhattisgarh,"01/2009
10/2021",81.0,FlashReport_February 2026
519,Chhattisgarh,"07/2021
10/2022",100.0,FlashReport_February 2026
520,Jharkhand,"03/2015
10/2015",53.0,FlashReport_February 2026
521,Jharkhand,"01/2025
02/2025",30.0,FlashReport_February 2026
522,Jharkhand,"01/2025
02/2025",17.0,FlashReport_February 2026
523,Jharkhand,"08/2023
10/2023",84.0,FlashReport_February 2026
524,Jharkhand,"03/2024
04/2024",32.0,FlashReport_February 2026
525,Jharkhand,"11/2023
12/2023",56.0,FlashReport_February 2026
526,Karnataka,"11/2014
06/2024",54.0,FlashReport_February 2026
527,West Bengal,"09/2023
09/2023",36.0,FlashReport_February 2026
528,West Bengal,"07/2024
08/2024",50.0,FlashReport_February 2026
529,West Bengal,"09/2024
10/2024",24.0,FlashReport_February 2026
530,West Bengal,"11/2024
12/2024",49.0,FlashReport_February 2026
531,West Bengal,"07/2024
12/2024",19.0,FlashReport_February 2026
532,West Bengal,"01/2025
02/2025",18.0,FlashReport_February 2026
533,Andhra Pradesh,"03/2012
12/2016",54.0,FlashReport_February 2026
534,Andhra Pradesh,"03/2023
06/2023",3.0,FlashReport_February 2026
535,Andhra Pradesh,"07/2023
07/2023",0.0,FlashReport_February 2026
536,Andhra Pradesh,"01/2014
10/2017",65.0,FlashReport_February 2026
537,Andhra Pradesh,"04/2023
05/2024",13.0,FlashReport_February 2026
538,Andhra Pradesh,"04/2023
03/2024",65.0,FlashReport_February 2026
539,Andhra Pradesh,"04/2025
04/2025",0.0,FlashReport_February 2026
540,Andhra Pradesh,"10/2024
10/2024",0.0,FlashReport_February 2026
541,Andhra Pradesh,"05/2016
07/2014",0.0,FlashReport_February 2026
542,Andhra Pradesh,"03/2009
09/2013",29.0,FlashReport_February 2026
543,Andhra Pradesh,"03/2017
11/2017",93.0,FlashReport_February 2026
544,Andhra Pradesh,"08/2016
04/2018",95.0,FlashReport_February 2026
545,Assam,"09/2025
09/2025",0.0,FlashReport_February 2026
546,Assam,"09/2016
09/2016",93.0,FlashReport_February 2026
547,Assam,"09/2020
09/2018",89.0,FlashReport_February 2026
548,Assam,"09/2018
01/2022",0.0,FlashReport_February 2026
549,Assam,"09/2018
01/2022",0.0,FlashReport_February 2026
550,Bihar,"12/2023
08/1997",84.0,FlashReport_February 2026
551,Bihar,"06/2024
06/2024",0.0,FlashReport_February 2026
552,Bihar,"04/2019
12/1998",55.0,FlashReport_February 2026
553,Bihar,"10/2007
10/2004",74.0,FlashReport_February 2026
554,Bihar,"06/2018
03/2009",46.0,FlashReport_February 2026
555,Bihar,"08/2002
03/2002",97.0,FlashReport_February 2026
556,Bihar,"06/2010
01/2011",86.0,FlashReport_February 2026
557,Bihar,"11/2015
12/2015",95.0,FlashReport_February 2026
558,Bihar,"03/2018
03/2017",92.0,FlashReport_February 2026
559,Bihar,"03/2018
03/2017",99.0,FlashReport_February 2026
560,Bihar,"03/2016
05/2017",98.0,FlashReport_February 2026
561,Bihar,"10/2022
08/2025",56.0,FlashReport_February 2026
562,Bihar,"03/2023
03/2023",0.0,FlashReport_February 2026
563,Chhattisgarh,"03/2016
01/2014",94.0,FlashReport_February 2026
564,Chhattisgarh,"02/2013
03/2013",96.0,FlashReport_February 2026
565,Chhattisgarh,"07/2011
05/2021",100.0,FlashReport_February 2026
566,Chhattisgarh,"12/2022
05/2024",7.0,FlashReport_February 2026
567,Chhattisgarh,"04/2025
04/2025",0.0,FlashReport_February 2026
568,Chhattisgarh,"NA
11/2009",97.0,FlashReport_February 2026
569,Chhattisgarh,"07/2009
12/2009",82.0,FlashReport_February 2026
570,Chhattisgarh,"04/2014
04/2014",78.0,FlashReport_February 2026
571,Chhattisgarh,"06/2022
04/2022",25.0,FlashReport_February 2026
572,Chhattisgarh,"09/2022
05/2024",5.0,FlashReport_February 2026
573,Chhattisgarh,"09/2022
05/2024",7.0,FlashReport_February 2026
574,Chhattisgarh,"09/2022
05/2024",64.0,FlashReport_February 2026
575,Chhattisgarh,"09/2022
05/2024",32.0,FlashReport_February 2026
576,Chhattisgarh,"09/2022
05/2025",8.0,FlashReport_February 2026
577,Delhi,"01/2023
06/2024",2.0,FlashReport_February 2026
578,Delhi,"02/2008
03/2013",82.0,FlashReport_February 2026
579,Delhi,"03/2013
03/2013",64.0,FlashReport_February 2026
580,Gujarat,"07/2023
07/2022",8.0,FlashReport_February 2026
581,Gujarat,"02/2023
02/2023",5.0,FlashReport_February 2026
582,Gujarat,"05/2022
05/2022",17.0,FlashReport_February 2026
583,Gujarat,"02/2023
02/2023",12.0,FlashReport_February 2026
584,Gujarat,"05/2022
05/2022",31.0,FlashReport_February 2026
585,Gujarat,"08/2023
08/2023",35.0,FlashReport_February 2026
586,Gujarat,"05/2022
02/2023",53.0,FlashReport_February 2026
587,Gujarat,"11/2022
03/2023",10.0,FlashReport_February 2026
588,Gujarat,"01/2023
04/2023",76.0,FlashReport_February 2026
589,Gujarat,"02/2023
02/2023",21.0,FlashReport_February 2026
590,Gujarat,"01/2023
11/2023",25.0,FlashReport_February 2026
591,Gujarat,"12/2025
12/2025",0.0,FlashReport_February 2026
592,Gujarat,"01/2017
01/2017",42.0,FlashReport_February 2026
593,Gujarat,"09/2012
04/2008",64.0,FlashReport_February 2026
594,Gujarat,"10/2021
12/2021",80.0,FlashReport_February 2026
595,Gujarat,"05/2022
10/2023",8.0,FlashReport_February 2026
596,Gujarat,"10/2022
07/2025",20.0,FlashReport_February 2026
597,Haryana,"02/2023
02/2023",68.0,FlashReport_February 2026
598,Jharkhand,"11/2022
11/2022",71.0,FlashReport_February 2026
599,Jharkhand,"06/2025
06/2025",0.0,FlashReport_February 2026
600,Jharkhand,"01/2018
01/2018",65.0,FlashReport_February 2026
601,Jharkhand,"08/2021
03/2019",5.0,FlashReport_February 2026
602,Jharkhand,"11/2022
11/2022",71.0,FlashReport_February 2026
603,Karnataka,"03/2019
12/2025",0.0,FlashReport_February 2026
604,Karnataka,"04/2019
10/2019",55.0,FlashReport_February 2026
605,Karnataka,"03/2008
05/2009",66.0,FlashReport_February 2026
606,Karnataka,"04/2013
08/2017",33.0,FlashReport_February 2026
607,Karnataka,"01/2014
11/2016",83.0,FlashReport_February 2026
608,Karnataka,"10/2013
11/2012",35.0,FlashReport_February 2026
609,Karnataka,"10/2013
01/2017",14.0,FlashReport_February 2026
610,Karnataka,"02/2018
06/2022",84.0,FlashReport_February 2026
611,Karnataka,"09/2019
02/2023",12.0,FlashReport_February 2026
612,Karnataka,"10/2020
10/2020",19.0,FlashReport_February 2026
613,Karnataka,"09/2020
03/2025",0.0,FlashReport_February 2026
614,Kerala,"04/2023
04/2023",25.0,FlashReport_February 2026
615,Kerala,"04/2023
04/2023",22.0,FlashReport_February 2026
616,Madhya Pradesh,"01/2007
03/1998",74.0,FlashReport_February 2026
617,Madhya Pradesh,"06/2016
01/2017",100.0,FlashReport_February 2026
618,Madhya Pradesh,"11/2015
08/2017",86.0,FlashReport_February 2026
619,Madhya Pradesh,"03/2016
03/2017",100.0,FlashReport_February 2026
620,Madhya Pradesh,"03/2016
09/2017",95.0,FlashReport_February 2026
621,Madhya Pradesh,"08/2019
10/2020",30.0,FlashReport_February 2026
622,Madhya Pradesh,"10/2021
10/2021",94.0,FlashReport_February 2026
623,Maharashtra,"01/2019
04/2023",25.0,FlashReport_February 2026
624,Maharashtra,"12/2017
04/2008",50.0,FlashReport_February 2026
625,Maharashtra,"05/2023
05/2023",2.0,FlashReport_February 2026
626,Maharashtra,"04/2023
07/2023",20.0,FlashReport_February 2026
627,Maharashtra,"04/2025
04/2025",1.0,FlashReport_February 2026
628,Maharashtra,"12/2023
12/2023",0.0,FlashReport_February 2026
629,Maharashtra,"10/2024
10/2024",0.0,FlashReport_February 2026
630,Maharashtra,"01/2025
01/2025",24.0,FlashReport_February 2026
631,Maharashtra,"01/1999
10/2002",98.0,FlashReport_February 2026
632,Maharashtra,"03/2016
03/1999",60.0,FlashReport_February 2026
633,Maharashtra,"05/2017
03/2012",55.0,FlashReport_February 2026
634,Maharashtra,"09/2015
09/2015",71.0,FlashReport_February 2026
635,Maharashtra,"09/2015
05/2016",88.0,FlashReport_February 2026
636,Maharashtra,"03/2016
12/2016",98.0,FlashReport_February 2026
637,Maharashtra,"06/2016
06/2016",100.0,FlashReport_February 2026
638,Maharashtra,"10/2017
03/2017",92.0,FlashReport_February 2026
639,Maharashtra,"04/2017
05/2018",88.0,FlashReport_February 2026
640,Maharashtra,"05/2017
04/2018",100.0,FlashReport_February 2026
641,Maharashtra,"08/2018
12/2023",12.0,FlashReport_February 2026
642,Maharashtra,"10/2019
04/2020",80.0,FlashReport_February 2026
643,Maharashtra,"05/2008
04/2008",88.0,FlashReport_February 2026
644,Maharashtra,"04/2019
04/2019",20.0,FlashReport_February 2026
645,Maharashtra,"11/2016
12/2016",70.0,FlashReport_February 2026
646,Manipur,"03/2013
12/2007",71.0,FlashReport_February 2026
647,"Multi-States
(Andhra Pradesh,
Karnataka)","04/2012
10/2018",21.0,FlashReport_February 2026
648,"Multi-States
(Andhra Pradesh,
Karnataka)","03/2008
07/2010",71.0,FlashReport_February 2026
649,"Multi-States
(Andhra Pradesh,
Karnataka)","04/2016
04/2016",89.0,FlashReport_February 2026
650,"Multi-States
(Andhra Pradesh,
Maharashtra,
Telangana)","08/2023
08/2023",2.0,FlashReport_February 2026
651,"Multi-States
(Andhra Pradesh,
Odisha)","06/2016
11/2016",95.0,FlashReport_February 2026
652,"Multi-States
(Andhra Pradesh,
Odisha)","12/2015
01/2016",72.0,FlashReport_February 2026
653,"Multi-States
(Andhra Pradesh,
Tamil Nadu)","07/2008
10/2008",16.0,FlashReport_February 2026
654,"Multi-States
(Andhra Pradesh,
Telangana)","02/2024
03/2025",2.0,FlashReport_February 2026
655,"Multi-States
(Andhra Pradesh,
Telangana)","08/2023
08/2023",2.0,FlashReport_February 2026
656,"Multi-States
(Andhra Pradesh,
Telangana)","11/2024
11/2024",0.0,FlashReport_February 2026
657,"Multi-States
(Andhra Pradesh,
Telangana)","03/2013
08/2014",94.0,FlashReport_February 2026
658,"Multi-States
(Andhra Pradesh,
Telangana)","04/2016
04/2016",93.0,FlashReport_February 2026
659,"Multi-States
(Arunachal
Pradesh, Assam)","02/2011
03/2023",66.0,FlashReport_February 2026
660,"Multi-States
(Assam,
Nagaland)","02/2024
01/2025",1.0,FlashReport_February 2026
661,"Multi-States
(Assam,
Nagaland)","08/2015
02/2016",41.0,FlashReport_February 2026
662,"Multi-States
(Bihar, Delhi,
Jharkhand, Uttar
Pradesh, West
Bengal)","09/2019
09/2019",0.0,FlashReport_February 2026
663,"Multi-States
(Bihar, Jharkhand)","08/2023
08/2023",16.0,FlashReport_February 2026
687,"Multi-States
(Himachal
Pradesh, Punjab)","03/2009
04/2015",62.0,FlashReport_February 2026
688,"Multi-States
(Jharkhand,
Odisha)","03/2016
02/2017",90.0,FlashReport_February 2026
689,"Multi-States
(Jharkhand,
Odisha, West
Bengal)","08/2024
12/2024",0.0,FlashReport_February 2026
690,"Multi-States
(Jharkhand, West
Bengal)","09/2024
07/2025",0.0,FlashReport_February 2026
691,"Multi-States
(Jharkhand, West
Bengal)","09/2016
01/2018",97.0,FlashReport_February 2026
692,"Multi-States
(Karnataka,
Maharashtra)","04/2014
01/2016",93.0,FlashReport_February 2026
693,"Multi-States
(Karnataka, Tamil
Nadu)","04/2019
02/2019",87.0,FlashReport_February 2026
694,"Multi-States
(Madhya Pradesh,
Maharashtra)","04/2008
03/2010",83.0,FlashReport_February 2026
695,"Multi-States
(Madhya Pradesh,
Maharashtra)","09/2016
09/2016",55.0,FlashReport_February 2026
696,"Multi-States
(Madhya Pradesh,
Rajasthan)","10/2015
05/2023",8.0,FlashReport_February 2026
697,"Multi-States
(Madhya Pradesh,
Rajasthan)","03/2011
07/2018",88.0,FlashReport_February 2026
698,"Multi-States
(Madhya Pradesh,
Rajasthan)","03/2001
10/2004",80.0,FlashReport_February 2026
699,"Multi-States
(Madhya Pradesh,
Rajasthan)","04/2017
09/2021",61.0,FlashReport_February 2026
700,"Multi-States
(Madhya Pradesh,
Rajasthan, Uttar
Pradesh)","12/2015
03/2018",94.0,FlashReport_February 2026
701,"Multi-States
(Madhya Pradesh,
Uttar Pradesh)","09/2016
03/2018",95.0,FlashReport_February 2026
702,"Multi-States
(Madhya Pradesh,
Uttar Pradesh)","03/2018
04/2019",65.0,FlashReport_February 2026
703,"Multi-States
(Maharashtra,
Telangana)","09/2016
10/2016",94.0,FlashReport_February 2026
704,"Multi-States
(Odisha, West
Bengal)","03/2019
03/2017",68.0,FlashReport_February 2026
705,"Multi-States
(Puducherry, Tamil
Nadu)","07/2008
01/2019",80.0,FlashReport_February 2026
706,"Multi-States
(Sikkim, West
Bengal)","10/2009
05/2010",92.0,FlashReport_February 2026
707,"Multi-States (Uttar
Pradesh, West
Bengal)","08/2017
12/2017",20.0,FlashReport_February 2026
708,Odisha,"10/2021
10/2021",34.0,FlashReport_February 2026
709,Odisha,"08/2022
07/2022",82.0,FlashReport_February 2026
710,Odisha,"08/2022
06/2022",50.0,FlashReport_February 2026
711,Odisha,"09/2022
06/2022",87.0,FlashReport_February 2026
712,Odisha,"01/2014
01/2014",49.0,FlashReport_February 2026
713,Odisha,"04/2023
04/2023",75.0,FlashReport_February 2026
714,Odisha,"08/2024
09/2025",0.0,FlashReport_February 2026
715,Odisha,"08/2024
09/2025",0.0,FlashReport_February 2026
716,Odisha,"04/2023
10/2025",2.0,FlashReport_February 2026
717,Odisha,"08/2023
04/2025",5.0,FlashReport_February 2026
718,Odisha,"08/2024
08/2025",0.0,FlashReport_February 2026
719,Odisha,"03/1994
03/2001",91.0,FlashReport_February 2026
720,Odisha,"03/2004
12/2004",52.0,FlashReport_February 2026
721,Odisha,"10/2015
04/2015",92.0,FlashReport_February 2026
722,Odisha,"12/2015
12/2015",73.0,FlashReport_February 2026
723,Odisha,"11/2015
12/2015",59.0,FlashReport_February 2026
724,Odisha,"07/2013
12/2015",86.0,FlashReport_February 2026
725,Odisha,"07/2017
04/2023",1.0,FlashReport_February 2026
726,Odisha,"02/2018
12/2023",20.0,FlashReport_February 2026
727,Odisha,"09/2018
09/2019",0.0,FlashReport_February 2026
728,Odisha,"09/2022
05/2025",0.0,FlashReport_February 2026
729,Offshore,"08/2015
03/2011",75.0,FlashReport_February 2026
730,PAN India,"06/2020
04/2023",48.0,FlashReport_February 2026
731,Punjab,"03/2019
12/2022",57.0,FlashReport_February 2026
732,Rajasthan,"01/2023
01/2023",65.0,FlashReport_February 2026
733,Rajasthan,"NA
01/2023",65.0,FlashReport_February 2026
734,Rajasthan,"09/2022
06/2023",0.0,FlashReport_February 2026
735,Rajasthan,"02/2024
02/2024",7.0,FlashReport_February 2026
736,Rajasthan,"02/2024
02/2024",12.0,FlashReport_February 2026
737,Rajasthan,"01/2024
01/2024",70.0,FlashReport_February 2026
738,Rajasthan,"04/2025
04/2025",0.0,FlashReport_February 2026
739,Rajasthan,"03/2019
04/2024",13.0,FlashReport_February 2026
740,Rajasthan,"03/2022
04/2020",48.0,FlashReport_February 2026
741,Rajasthan,"04/2019
04/2019",99.0,FlashReport_February 2026
742,Rajasthan,"02/2024
04/2023",14.0,FlashReport_February 2026
743,Rajasthan,"06/2022
02/2021",63.0,FlashReport_February 2026
744,Rajasthan,"12/2022
01/2023",75.0,FlashReport_February 2026
745,Tamil Nadu,"11/2007
11/2008",99.0,FlashReport_February 2026
746,Tamil Nadu,"05/2022
10/2022",0.0,FlashReport_February 2026
747,Tamil Nadu,"12/2017
07/2018",0.0,FlashReport_February 2026
748,Telangana,"08/2023
04/2025",0.0,FlashReport_February 2026
749,Telangana,"07/2016
02/2023",83.0,FlashReport_February 2026
750,Telangana,"09/2017
07/2017",0.0,FlashReport_February 2026
751,Telangana,"07/2016
01/2017",71.0,FlashReport_February 2026
752,Uttar Pradesh,"10/2018
03/2017",8.0,FlashReport_February 2026
753,Uttar Pradesh,"08/2019
03/2017",3.0,FlashReport_February 2026
754,Uttar Pradesh,"10/2024
10/2025",0.0,FlashReport_February 2026
755,Uttar Pradesh,"10/2023
11/2023",23.0,FlashReport_February 2026
756,Uttar Pradesh,"08/2023
01/2025",14.0,FlashReport_February 2026
757,Uttar Pradesh,"10/2022
05/2024",0.0,FlashReport_February 2026
758,Uttar Pradesh,"03/2023
02/2025",15.0,FlashReport_February 2026
759,Uttar Pradesh,"11/2017
07/2019",88.0,FlashReport_February 2026
760,Uttar Pradesh,"11/2017
03/2017",70.0,FlashReport_February 2026
761,Uttar Pradesh,"03/2017
11/2017",83.0,FlashReport_February 2026
762,Uttar Pradesh,"04/2019
10/2020",70.0,FlashReport_February 2026
763,Uttar Pradesh,"12/2015
03/2016",68.0,FlashReport_February 2026
764,Uttar Pradesh,"04/2019
09/2020",82.0,FlashReport_February 2026
765,Uttar Pradesh,"07/2020
04/2021",8.0,FlashReport_February 2026
766,Uttar Pradesh,"03/2018
03/2017",94.0,FlashReport_February 2026
767,Uttar Pradesh,"01/2019
04/2017",77.0,FlashReport_February 2026
768,Uttar Pradesh,"04/2020
02/2021",14.0,FlashReport_February 2026
769,Uttarakhand,"11/2016
08/2018",73.0,FlashReport_February 2026
770,West Bengal,"07/2015
11/2005",70.0,FlashReport_February 2026
771,West Bengal,"03/2001
02/2008",96.0,FlashReport_February 2026
772,West Bengal,"03/2010
10/2011",86.0,FlashReport_February 2026
773,West Bengal,"12/2010
12/2010",15.0,FlashReport_February 2026
774,West Bengal,"03/2024
12/2024",45.0,FlashReport_February 2026
775,West Bengal,"03/2010
04/2010",51.0,FlashReport_February 2026
776,West Bengal,"11/2010
03/2010",32.0,FlashReport_February 2026
777,West Bengal,"03/2010
03/2010",17.0,FlashReport_February 2026
778,"Andaman &
Nicobar","02/2018
03/2024",54.0,FlashReport_February 2026
779,"Andaman &
Nicobar","02/2018
05/2024",43.0,FlashReport_February 2026
780,"Andaman &
Nicobar","03/2015
05/2024",9.0,FlashReport_February 2026
781,Andhra Pradesh,"12/2021
09/2022",89.0,FlashReport_February 2026
782,Andhra Pradesh,"03/2023
03/2024",69.0,FlashReport_February 2026
783,Andhra Pradesh,"03/2022
05/2023",67.0,FlashReport_February 2026
784,Andhra Pradesh,"03/2020
11/2021",67.0,FlashReport_February 2026
785,Andhra Pradesh,"03/2023
12/2024",40.0,FlashReport_February 2026
786,Andhra Pradesh,"10/2024
09/2025",14.0,FlashReport_February 2026
787,Andhra Pradesh,"10/2024
07/2025",3.0,FlashReport_February 2026
788,Andhra Pradesh,"03/2023
02/2024",95.0,FlashReport_February 2026
789,Andhra Pradesh,"11/2016
05/2017",92.0,FlashReport_February 2026
790,Andhra Pradesh,"10/2022
11/2023",79.0,FlashReport_February 2026
791,Andhra Pradesh,"12/2021
05/2022",74.0,FlashReport_February 2026
792,Andhra Pradesh,"10/2024
08/2025",5.0,FlashReport_February 2026
793,Andhra Pradesh,"10/2024
08/2025",0.0,FlashReport_February 2026
794,Andhra Pradesh,"12/2022
03/2024",84.0,FlashReport_February 2026
795,Andhra Pradesh,"10/2024
04/2025",25.0,FlashReport_February 2026
796,Andhra Pradesh,"03/2022
10/2024",41.0,FlashReport_February 2026
797,Andhra Pradesh,"03/2018
09/2018",100.0,FlashReport_February 2026
798,Andhra Pradesh,"03/2022
01/2023",92.0,FlashReport_February 2026
799,Andhra Pradesh,"03/2022
09/2023",99.0,FlashReport_February 2026
800,Andhra Pradesh,"01/2022
01/2023",98.0,FlashReport_February 2026
801,Andhra Pradesh,"03/2021
07/2022",81.0,FlashReport_February 2026
802,Andhra Pradesh,"01/2024
04/2025",10.0,FlashReport_February 2026
803,Andhra Pradesh,"03/2018
08/2018",98.0,FlashReport_February 2026
804,Andhra Pradesh,"02/2016
05/2016",100.0,FlashReport_February 2026
805,Andhra Pradesh,"03/2017
09/2017",98.0,FlashReport_February 2026
806,Andhra Pradesh,"08/2016
01/2017",98.0,FlashReport_February 2026
807,Andhra Pradesh,"03/2016
09/2016",98.0,FlashReport_February 2026
808,Andhra Pradesh,"03/2023
01/2025",3.0,FlashReport_February 2026
809,Andhra Pradesh,"04/2020
11/2023",23.0,FlashReport_February 2026
810,Andhra Pradesh,"08/2020
10/2022",76.0,FlashReport_February 2026
811,Andhra Pradesh,"08/2020
07/2022",86.0,FlashReport_February 2026
812,Andhra Pradesh,"08/2020
09/2021",91.0,FlashReport_February 2026
813,Andhra Pradesh,"08/2020
03/2021",100.0,FlashReport_February 2026
814,Andhra Pradesh,"02/2021
06/2023",86.0,FlashReport_February 2026
815,Andhra Pradesh,"11/2020
10/2022",99.0,FlashReport_February 2026
816,Andhra Pradesh,"07/2024
03/2025",26.0,FlashReport_February 2026
817,Andhra Pradesh,"03/2025
10/2025",5.0,FlashReport_February 2026
818,Andhra Pradesh,"10/2018
01/2020",95.0,FlashReport_February 2026
819,Andhra Pradesh,"01/2020
07/2021",98.0,FlashReport_February 2026
820,Andhra Pradesh,"01/2018
01/2019",100.0,FlashReport_February 2026
821,Andhra Pradesh,"11/2017
03/2018",98.0,FlashReport_February 2026
822,Andhra Pradesh,"02/2021
02/2022",99.0,FlashReport_February 2026
823,Andhra Pradesh,"03/2020
01/2022",98.0,FlashReport_February 2026
824,Andhra Pradesh,"01/2023
02/2024",82.0,FlashReport_February 2026
825,Andhra Pradesh,"02/2023
02/2024",28.0,FlashReport_February 2026
826,Andhra Pradesh,"02/2022
02/2024",51.0,FlashReport_February 2026
827,Andhra Pradesh,"01/2023
02/2024",70.0,FlashReport_February 2026
828,Andhra Pradesh,"12/2022
03/2024",69.0,FlashReport_February 2026
829,Andhra Pradesh,"01/2023
03/2024",78.0,FlashReport_February 2026
867,Arunachal Pradesh,"02/2017
03/2018",80.0,FlashReport_February 2026
868,Arunachal Pradesh,"08/2020
06/2025",15.0,FlashReport_February 2026
869,Assam,"03/2022
04/2023",64.0,FlashReport_February 2026
870,Assam,"03/2024
04/2025",14.0,FlashReport_February 2026
871,Assam,"03/2023
02/2025",20.0,FlashReport_February 2026
872,Assam,"02/2024
09/2025",0.0,FlashReport_February 2026
873,Assam,"03/2025
12/2025",0.0,FlashReport_February 2026
874,Assam,"03/2023
12/2023",52.0,FlashReport_February 2026
875,Assam,"03/2023
12/2023",47.0,FlashReport_February 2026
876,Assam,"03/2023
12/2023",71.0,FlashReport_February 2026
877,Assam,"03/2021
10/2023",100.0,FlashReport_February 2026
878,Assam,"09/2021
11/2021",74.0,FlashReport_February 2026
879,Assam,"11/2023
12/2024",8.0,FlashReport_February 2026
880,Assam,"02/2024
02/2025",19.0,FlashReport_February 2026
881,Assam,"03/2020
06/2020",97.0,FlashReport_February 2026
882,Assam,"03/2023
08/2024",46.0,FlashReport_February 2026
883,Assam,"02/2024
08/2025",5.0,FlashReport_February 2026
884,Assam,"02/2024
02/2025",21.0,FlashReport_February 2026
885,Assam,"03/2024
03/2025",30.0,FlashReport_February 2026
886,Assam,"02/2024
04/2025",6.0,FlashReport_February 2026
887,Assam,"03/2024
09/2025",0.0,FlashReport_February 2026
888,Assam,"03/2023
02/2024",79.0,FlashReport_February 2026
889,Assam,"02/2023
01/2024",55.0,FlashReport_February 2026
890,Assam,"11/2021
01/2023",0.0,FlashReport_February 2026
891,Assam,"01/2023
11/2023",95.0,FlashReport_February 2026
892,Assam,"09/2021
07/2022",0.0,FlashReport_February 2026
893,Assam,"03/2018
11/2019",100.0,FlashReport_February 2026
894,Assam,"01/2024
01/2025",36.0,FlashReport_February 2026
895,Assam,"01/2023
12/2023",20.0,FlashReport_February 2026
896,Assam,"01/2023
05/2023",80.0,FlashReport_February 2026
897,Assam,"03/2023
08/2023",81.0,FlashReport_February 2026
898,Assam,"03/2023
08/2023",87.0,FlashReport_February 2026
899,Assam,"12/2023
03/2024",71.0,FlashReport_February 2026
900,Assam,"03/2022
11/2024",56.0,FlashReport_February 2026
901,Assam,"03/2022
01/2023",100.0,FlashReport_February 2026
902,Assam,"05/2019
12/2020",72.0,FlashReport_February 2026
903,Assam,"01/2016
10/2017",95.0,FlashReport_February 2026
904,Assam,"03/2015
12/2016",100.0,FlashReport_February 2026
905,Assam,"01/2016
09/2024",100.0,FlashReport_February 2026
906,Assam,"01/2016
01/2023",0.0,FlashReport_February 2026
907,Assam,"01/2024
02/2024",96.0,FlashReport_February 2026
908,Assam,"01/2016
10/2024",0.0,FlashReport_February 2026
909,Assam,"01/2016
10/2024",0.0,FlashReport_February 2026
910,Assam,"01/2024
02/2024",99.0,FlashReport_February 2026
911,Assam,"01/2024
02/2024",95.0,FlashReport_February 2026
912,Assam,"01/2024
02/2024",94.0,FlashReport_February 2026
913,Assam,"02/2020
12/2020",93.0,FlashReport_February 2026
914,Assam,"02/2020
09/2020",100.0,FlashReport_February 2026
915,Assam,"03/2022
01/2023",100.0,FlashReport_February 2026
916,Assam,"03/2022
12/2022",99.0,FlashReport_February 2026
917,Assam,"08/2024
01/2026",0.0,FlashReport_February 2026
918,Assam,"12/2017
05/2018",52.0,FlashReport_February 2026
919,Assam,"10/2014
10/2024",47.0,FlashReport_February 2026
920,Assam,"02/2023
02/2024",63.0,FlashReport_February 2026
921,Assam,"10/2014
10/2024",62.0,FlashReport_February 2026
922,Assam,"03/2022
01/2023",89.0,FlashReport_February 2026
923,Bihar,"03/2022
07/2023",79.0,FlashReport_February 2026
924,Bihar,"03/2021
11/2022",79.0,FlashReport_February 2026
925,Bihar,"03/2021
02/2023",95.0,FlashReport_February 2026
926,Bihar,"01/2014
11/2016",97.0,FlashReport_February 2026
927,Bihar,"01/2014
10/2016",99.0,FlashReport_February 2026
928,Bihar,"03/2023
07/2024",50.0,FlashReport_February 2026
929,Bihar,"02/2022
01/2025",0.0,FlashReport_February 2026
930,Bihar,"02/2016
05/2016",98.0,FlashReport_February 2026
931,Bihar,"02/2016
06/2016",98.0,FlashReport_February 2026
932,Bihar,"02/2016
05/2016",99.0,FlashReport_February 2026
933,Bihar,"02/2024
08/2024",32.0,FlashReport_February 2026
934,Bihar,"02/2022
05/2023",90.0,FlashReport_February 2026
935,Bihar,"01/2022
09/2024",3.0,FlashReport_February 2026
936,Bihar,"09/2022
01/2026",0.0,FlashReport_February 2026
937,Bihar,"02/2022
06/2023",92.0,FlashReport_February 2026
938,Bihar,"11/2022
12/2024",22.0,FlashReport_February 2026
939,Bihar,"01/2022
10/2024",26.0,FlashReport_February 2026
940,Bihar,"02/2019
03/2021",69.0,FlashReport_February 2026
941,Bihar,"09/2018
06/2021",88.0,FlashReport_February 2026
942,Bihar,"07/2020
05/2023",44.0,FlashReport_February 2026
943,Bihar,"01/2024
05/2024",9.0,FlashReport_February 2026
944,Bihar,"03/2023
09/2025",2.0,FlashReport_February 2026
945,Bihar,"11/2021
07/2022",63.0,FlashReport_February 2026
946,Bihar,"10/2021
03/2022",99.0,FlashReport_February 2026
947,Bihar,"04/2022
12/2023",75.0,FlashReport_February 2026
948,Bihar,"01/2021
01/2022",100.0,FlashReport_February 2026
949,Bihar,"01/2021
01/2022",100.0,FlashReport_February 2026
950,Bihar,"03/2023
09/2025",4.0,FlashReport_February 2026
951,Bihar,"03/2023
10/2025",8.0,FlashReport_February 2026
952,Bihar,"03/2023
10/2025",10.0,FlashReport_February 2026
953,Bihar,"09/2022
09/2023",16.0,FlashReport_February 2026
954,Bihar,"02/2022
03/2023",41.0,FlashReport_February 2026
955,Bihar,"02/2022
07/2023",40.0,FlashReport_February 2026
956,Bihar,"03/2022
02/2023",30.0,FlashReport_February 2026
957,Bihar,"08/2020
01/2021",100.0,FlashReport_February 2026
958,Bihar,"03/2025
10/2025",4.0,FlashReport_February 2026
959,Bihar,"09/2022
01/2023",96.0,FlashReport_February 2026
960,Bihar,"10/2024
01/2026",6.0,FlashReport_February 2026
961,Bihar,"NA
08/2018",100.0,FlashReport_February 2026
962,Bihar,"NA
10/2016",97.0,FlashReport_February 2026
963,Bihar,"10/2021
06/2022",93.0,FlashReport_February 2026
964,Bihar,"09/2020
04/2021",97.0,FlashReport_February 2026
965,Bihar,"09/2020
12/2021",99.0,FlashReport_February 2026
966,Bihar,"02/2017
12/2019",85.0,FlashReport_February 2026
967,Bihar,"NA
12/2018",91.0,FlashReport_February 2026
968,Bihar,"NA
01/2011",57.0,FlashReport_February 2026
969,Bihar,"02/2024
08/2024",55.0,FlashReport_February 2026
970,Bihar,"10/2022
03/2024",49.0,FlashReport_February 2026
971,Bihar,"09/2019
11/2020",89.0,FlashReport_February 2026
972,Bihar,"09/2019
11/2020",92.0,FlashReport_February 2026
973,Bihar,"07/2023
03/2024",78.0,FlashReport_February 2026
974,Bihar,"08/2022
11/2024",7.0,FlashReport_February 2026
975,Bihar,"02/2019
02/2020",88.0,FlashReport_February 2026
976,Bihar,"08/2022
01/2025",10.0,FlashReport_February 2026
977,Bihar,"01/2018
11/2019",99.0,FlashReport_February 2026
978,Bihar,"02/2024
10/2024",13.0,FlashReport_February 2026
979,Bihar,"03/2022
03/2024",23.0,FlashReport_February 2026
980,Bihar,"06/2022
02/2024",97.0,FlashReport_February 2026
981,Bihar,"NA
06/2017",99.0,FlashReport_February 2026
982,Bihar,"10/2022
12/2023",99.0,FlashReport_February 2026
983,Chhattisgarh,"01/2024
04/2025",5.0,FlashReport_February 2026
984,Chhattisgarh,"03/2018
01/2019",97.0,FlashReport_February 2026
985,Chhattisgarh,"12/2022
03/2025",20.0,FlashReport_February 2026
986,Chhattisgarh,"12/2022
12/2024",0.0,FlashReport_February 2026
987,Chhattisgarh,"11/2017
05/2019",97.0,FlashReport_February 2026
988,Chhattisgarh,"03/2022
05/2025",7.0,FlashReport_February 2026
989,Chhattisgarh,"03/2022
07/2024",37.0,FlashReport_February 2026
990,Chhattisgarh,"03/2022
05/2025",2.0,FlashReport_February 2026
991,Chhattisgarh,"03/2022
07/2024",42.0,FlashReport_February 2026
992,Chhattisgarh,"03/2022
01/2024",10.0,FlashReport_February 2026
993,Chhattisgarh,"03/2020
05/2022",90.0,FlashReport_February 2026
994,Chhattisgarh,"12/2020
03/2022",85.0,FlashReport_February 2026
995,Chhattisgarh,"06/2022
07/2023",67.0,FlashReport_February 2026
996,Chhattisgarh,"06/2022
06/2023",60.0,FlashReport_February 2026
997,Chhattisgarh,"04/2020
03/2022",94.0,FlashReport_February 2026
998,Chhattisgarh,"03/2022
02/2024",63.0,FlashReport_February 2026
999,Chhattisgarh,"11/2021
09/2022",98.0,FlashReport_February 2026
1000,Chhattisgarh,"12/2021
01/2023",94.0,FlashReport_February 2026
1001,Chhattisgarh,"03/2022
10/2023",60.0,FlashReport_February 2026
1002,Chhattisgarh,"05/2022
09/2022",100.0,FlashReport_February 2026
1003,Chhattisgarh,"02/2021
01/2022",98.0,FlashReport_February 2026
1004,Chhattisgarh,"NA
04/2016",100.0,FlashReport_February 2026
1005,Chhattisgarh,"12/2019
12/2020",93.0,FlashReport_February 2026
1006,"Dadra & Nagar
Haveli and Daman
& Diu","10/2022
02/2024",52.0,FlashReport_February 2026
1007,Delhi,"07/2020
10/2021",99.0,FlashReport_February 2026
1008,Delhi,"07/2020
01/2022",97.0,FlashReport_February 2026
1009,Delhi,"01/2018
10/2019",100.0,FlashReport_February 2026
1010,Delhi,"03/2018
09/2020",98.0,FlashReport_February 2026
1011,Goa,"07/2024
02/2026",0.0,FlashReport_February 2026
1012,Goa,"04/2023
04/2024",74.0,FlashReport_February 2026
1013,Goa,"01/2024
08/2024",37.0,FlashReport_February 2026
1014,Gujarat,"10/2022
02/2024",21.0,FlashReport_February 2026
1015,Gujarat,"03/2024
08/2025",19.0,FlashReport_February 2026
1016,Gujarat,"03/2024
08/2025",20.0,FlashReport_February 2026
1017,Gujarat,"03/2024
09/2025",10.0,FlashReport_February 2026
1018,Gujarat,"03/2022
03/2024",95.0,FlashReport_February 2026
1019,Gujarat,"03/2023
06/2024",71.0,FlashReport_February 2026
1020,Gujarat,"04/2018
11/2018",99.0,FlashReport_February 2026
1021,Gujarat,"12/2022
02/2024",60.0,FlashReport_February 2026
1022,Gujarat,"02/2024
12/2025",3.0,FlashReport_February 2026
1023,Gujarat,"09/2022
12/2023",54.0,FlashReport_February 2026
1024,Gujarat,"09/2020
12/2022",74.0,FlashReport_February 2026
1025,Gujarat,"09/2020
11/2021",99.0,FlashReport_February 2026
1026,Gujarat,"11/2019
09/2021",99.0,FlashReport_February 2026
1027,Gujarat,"11/2019
05/2021",95.0,FlashReport_February 2026
1028,Gujarat,"02/2018
11/2019",91.0,FlashReport_February 2026
1029,Gujarat,"05/2020
12/2021",98.0,FlashReport_February 2026
1030,Gujarat,"07/2020
11/2021",97.0,FlashReport_February 2026
1031,Gujarat,"07/2023
08/2024",4.0,FlashReport_February 2026
1032,Gujarat,"07/2023
04/2024",21.0,FlashReport_February 2026
1033,Gujarat,"05/2020
01/2022",100.0,FlashReport_February 2026
1034,Gujarat,"05/2020
01/2022",99.0,FlashReport_February 2026
1035,Gujarat,"05/2020
07/2021",100.0,FlashReport_February 2026
1036,Gujarat,"05/2020
12/2021",97.0,FlashReport_February 2026
1037,Gujarat,"06/2024
08/2024",71.0,FlashReport_February 2026
1038,Gujarat,"03/2024
01/2025",34.0,FlashReport_February 2026
1039,Gujarat,"01/2023
12/2023",50.0,FlashReport_February 2026
1040,Gujarat,"02/2020
08/2021",99.0,FlashReport_February 2026
1041,Gujarat,"02/2020
03/2021",99.0,FlashReport_February 2026
1042,Gujarat,"03/2024
02/2025",19.0,FlashReport_February 2026
1043,Gujarat,"03/2018
02/2019",100.0,FlashReport_February 2026
1044,Gujarat,"03/2022
01/2023",96.0,FlashReport_February 2026
1045,Gujarat,"NA
02/2018",98.0,FlashReport_February 2026
1046,Gujarat,"03/2022
04/2022",100.0,FlashReport_February 2026
1047,Gujarat,"08/2020
03/2021",100.0,FlashReport_February 2026
1048,Gujarat,"12/2021
03/2023",84.0,FlashReport_February 2026
1049,Gujarat,"03/2023
11/2025",0.0,FlashReport_February 2026
1050,Gujarat,"NA
05/2017",100.0,FlashReport_February 2026
1051,Gujarat,"03/2022
09/2023",60.0,FlashReport_February 2026
1052,Gujarat,"01/2019
02/2020",100.0,FlashReport_February 2026
1053,Gujarat,"NA
02/2017",100.0,FlashReport_February 2026
1054,Gujarat,"NA
03/2017",97.0,FlashReport_February 2026
1055,Gujarat,"08/2020
03/2021",99.0,FlashReport_February 2026
1056,Gujarat,"NA
02/2017",100.0,FlashReport_February 2026
1057,Gujarat,"09/2020
02/2022",95.0,FlashReport_February 2026
1058,Haryana,"12/2020
12/2021",99.0,FlashReport_February 2026
1059,Haryana,"12/2020
01/2022",99.0,FlashReport_February 2026
1060,Haryana,"12/2020
12/2021",79.0,FlashReport_February 2026
1061,Haryana,"01/2021
12/2021",76.0,FlashReport_February 2026
1062,Haryana,"05/2024
05/2025",38.0,FlashReport_February 2026
1063,Haryana,"01/2019
07/2020",97.0,FlashReport_February 2026
1064,Haryana,"03/2022
06/2023",87.0,FlashReport_February 2026
1065,Haryana,"11/2022
12/2023",99.0,FlashReport_February 2026
1066,Haryana,"03/2022
02/2023",57.0,FlashReport_February 2026
1067,Haryana,"02/2023
10/2023",73.0,FlashReport_February 2026
1068,Haryana,"01/2019
07/2020",99.0,FlashReport_February 2026
1069,Haryana,"05/2020
11/2021",72.0,FlashReport_February 2026
1070,Haryana,"11/2022
08/2023",88.0,FlashReport_February 2026
1071,Himachal Pradesh,"08/2020
09/2021",98.0,FlashReport_February 2026
1072,Himachal Pradesh,"06/2021
06/2024",20.0,FlashReport_February 2026
1073,Himachal Pradesh,"03/2021
07/2023",23.0,FlashReport_February 2026
1074,Himachal Pradesh,"03/2021
05/2023",57.0,FlashReport_February 2026
1075,Himachal Pradesh,"08/2020
10/2022",56.0,FlashReport_February 2026
1076,Himachal Pradesh,"08/2020
06/2022",85.0,FlashReport_February 2026
1077,Himachal Pradesh,"08/2020
11/2023",51.0,FlashReport_February 2026
1078,Himachal Pradesh,"03/2016
01/2018",100.0,FlashReport_February 2026
1079,Himachal Pradesh,"06/2017
03/2018",95.0,FlashReport_February 2026
1080,Himachal Pradesh,"02/2022
06/2022",100.0,FlashReport_February 2026
1081,Himachal Pradesh,"03/2022
09/2023",93.0,FlashReport_February 2026
1082,Himachal Pradesh,"06/2022
11/2024",80.0,FlashReport_February 2026
1083,Himachal Pradesh,"07/2022
03/2024",47.0,FlashReport_February 2026
1084,Himachal Pradesh,"02/2023
03/2025",23.0,FlashReport_February 2026
1085,Himachal Pradesh,"03/2022
04/2023",90.0,FlashReport_February 2026
1086,Himachal Pradesh,"03/2021
12/2022",97.0,FlashReport_February 2026
1087,Himachal Pradesh,"08/2022
10/2023",91.0,FlashReport_February 2026
1088,Himachal Pradesh,"01/2024
05/2025",10.0,FlashReport_February 2026
1089,Himachal Pradesh,"03/2022
04/2023",53.0,FlashReport_February 2026
1090,Himachal Pradesh,"04/2022
03/2024",51.0,FlashReport_February 2026
1091,Himachal Pradesh,"03/2018
11/2018",90.0,FlashReport_February 2026
1092,Himachal Pradesh,"03/2021
05/2022",54.0,FlashReport_February 2026
1093,"Jammu and
Kashmir","03/2024
01/2026",0.0,FlashReport_February 2026
1094,"Jammu and
Kashmir","09/2023
11/2024",43.0,FlashReport_February 2026
1095,"Jammu and
Kashmir","03/2023
09/2024",38.0,FlashReport_February 2026
1096,"Jammu and
Kashmir","03/2023
08/2024",48.0,FlashReport_February 2026
1097,"Jammu and
Kashmir","11/2021
06/2023",53.0,FlashReport_February 2026
1098,"Jammu and
Kashmir","06/2022
08/2023",78.0,FlashReport_February 2026
1099,"Jammu and
Kashmir","03/2024
11/2024",34.0,FlashReport_February 2026
1100,"Jammu and
Kashmir","03/2021
07/2022",99.0,FlashReport_February 2026
1101,"Jammu and
Kashmir","09/2021
07/2024",41.0,FlashReport_February 2026
1102,"Jammu and
Kashmir","10/2022
01/2024",65.0,FlashReport_February 2026
1103,"Jammu and
Kashmir","03/2020
09/2021",85.0,FlashReport_February 2026
1104,"Jammu and
Kashmir","03/2020
08/2021",90.0,FlashReport_February 2026
1105,"Jammu and
Kashmir","07/2021
07/2022",86.0,FlashReport_February 2026
1106,"Jammu and
Kashmir","07/2020
11/2022",93.0,FlashReport_February 2026
1107,"Jammu and
Kashmir","07/2020
10/2020",90.0,FlashReport_February 2026
1108,"Jammu and
Kashmir","03/2021
08/2021",52.0,FlashReport_February 2026
1109,"Jammu and
Kashmir","02/2021
03/2021",0.0,FlashReport_February 2026
1110,"Jammu and
Kashmir","03/2018
11/2018",0.0,FlashReport_February 2026
1111,"Jammu and
Kashmir","07/2020
10/2020",94.0,FlashReport_February 2026
1112,"Jammu and
Kashmir","03/2021
08/2021",48.0,FlashReport_February 2026
1113,"Jammu and
Kashmir","03/2021
07/2021",98.0,FlashReport_February 2026
1114,"Jammu and
Kashmir","03/2018
07/2019",0.0,FlashReport_February 2026
1115,"Jammu and
Kashmir","10/2021
09/2022",88.0,FlashReport_February 2026
1116,"Jammu and
Kashmir","06/2022
06/2023",59.0,FlashReport_February 2026
1117,"Jammu and
Kashmir","09/2021
09/2022",92.0,FlashReport_February 2026
1118,"Jammu and
Kashmir","12/2022
11/2023",59.0,FlashReport_February 2026
1119,"Jammu and
Kashmir","03/2021
08/2021",85.0,FlashReport_February 2026
1120,"Jammu and
Kashmir","07/2021
08/2022",24.0,FlashReport_February 2026
1121,"Jammu and
Kashmir","07/2021
02/2022",87.0,FlashReport_February 2026
1122,"Jammu and
Kashmir","07/2021
02/2022",42.0,FlashReport_February 2026
1123,"Jammu and
Kashmir","09/2021
04/2022",36.0,FlashReport_February 2026
1124,"Jammu and
Kashmir","11/2022
12/2023",43.0,FlashReport_February 2026
1125,"Jammu and
Kashmir","12/2017
01/2018",99.0,FlashReport_February 2026
1126,"Jammu and
Kashmir","11/2022
06/2023",82.0,FlashReport_February 2026
1127,"Jammu and
Kashmir","06/2022
12/2022",74.0,FlashReport_February 2026
1128,"Jammu and
Kashmir","03/2024
08/2024",54.0,FlashReport_February 2026
1129,"Jammu and
Kashmir","03/2021
08/2021",95.0,FlashReport_February 2026
1130,Jharkhand,"01/2022
01/2023",87.0,FlashReport_February 2026
1131,Jharkhand,"02/2022
01/2024",0.0,FlashReport_February 2026
1132,Jharkhand,"02/2020
08/2021",93.0,FlashReport_February 2026
1133,Jharkhand,"03/2022
08/2023",0.0,FlashReport_February 2026
1134,Jharkhand,"03/2023
11/2025",2.0,FlashReport_February 2026
1135,Jharkhand,"05/2022
01/2024",42.0,FlashReport_February 2026
1136,Jharkhand,"01/2025
09/2025",6.0,FlashReport_February 2026
1137,Jharkhand,"08/2024
02/2026",0.0,FlashReport_February 2026
1138,Jharkhand,"03/2020
04/2022",98.0,FlashReport_February 2026
1139,Jharkhand,"02/2022
06/2023",86.0,FlashReport_February 2026
1140,Jharkhand,"02/2022
06/2023",76.0,FlashReport_February 2026
1141,Jharkhand,"03/2024
09/2024",35.0,FlashReport_February 2026
1142,Jharkhand,"01/2025
12/2025",0.0,FlashReport_February 2026
1143,Jharkhand,"09/2020
10/2021",93.0,FlashReport_February 2026
1144,Jharkhand,"10/2022
11/2023",76.0,FlashReport_February 2026
1145,Jharkhand,"03/2023
10/2024",25.0,FlashReport_February 2026
1146,Jharkhand,"02/2024
01/2026",0.0,FlashReport_February 2026
1147,Jharkhand,"02/2017
11/2019",98.0,FlashReport_February 2026
1148,Jharkhand,"03/2022
05/2023",99.0,FlashReport_February 2026
1149,Jharkhand,"03/2018
12/2021",91.0,FlashReport_February 2026
1150,Jharkhand,"09/2022
12/2023",78.0,FlashReport_February 2026
1151,Jharkhand,"11/2024
01/2026",0.0,FlashReport_February 2026
1152,Jharkhand,"03/2023
01/2026",0.0,FlashReport_February 2026
1153,Karnataka,"08/2020
06/2021",52.0,FlashReport_February 2026
1154,Karnataka,"11/2022
07/2025",0.0,FlashReport_February 2026
1155,Karnataka,"03/2022
02/2023",86.0,FlashReport_February 2026
1156,Karnataka,"03/2022
03/2023",72.0,FlashReport_February 2026
1157,Karnataka,"03/2019
05/2019",68.0,FlashReport_February 2026
1158,Karnataka,"03/2022
02/2023",75.0,FlashReport_February 2026
1159,Karnataka,"03/2023
09/2024",25.0,FlashReport_February 2026
1160,Karnataka,"03/2022
08/2022",92.0,FlashReport_February 2026
1161,Karnataka,"02/2023
03/2024",65.0,FlashReport_February 2026
1162,Karnataka,"02/2023
06/2025",20.0,FlashReport_February 2026
1163,Karnataka,"01/2022
01/2023",78.0,FlashReport_February 2026
1164,Karnataka,"02/2022
11/2022",0.0,FlashReport_February 2026
1165,Karnataka,"01/2021
12/2021",75.0,FlashReport_February 2026
1166,Karnataka,"03/2023
07/2025",10.0,FlashReport_February 2026
1167,Karnataka,"03/2022
01/2023",93.0,FlashReport_February 2026
1168,Karnataka,"02/2023
09/2024",30.0,FlashReport_February 2026
1169,Karnataka,"01/2022
12/2022",76.0,FlashReport_February 2026
1170,Karnataka,"03/2019
12/2019",0.0,FlashReport_February 2026
1171,Karnataka,"01/2023
03/2024",24.0,FlashReport_February 2026
1172,Karnataka,"02/2023
01/2025",16.0,FlashReport_February 2026
1173,Karnataka,"01/2023
02/2024",42.0,FlashReport_February 2026
1174,Karnataka,"12/2022
08/2025",0.0,FlashReport_February 2026
1175,Karnataka,"01/2024
11/2025",0.0,FlashReport_February 2026
1176,Karnataka,"12/2021
03/2023",80.0,FlashReport_February 2026
1177,Karnataka,"NA
01/2018",98.0,FlashReport_February 2026
1178,Karnataka,"08/2020
04/2021",99.0,FlashReport_February 2026
1179,Karnataka,"02/2022
12/2022",71.0,FlashReport_February 2026
1180,Karnataka,"03/2023
11/2024",40.0,FlashReport_February 2026
1181,Karnataka,"01/2024
04/2025",11.0,FlashReport_February 2026
1182,Karnataka,"02/2024
03/2025",36.0,FlashReport_February 2026
1183,Karnataka,"02/2024
08/2024",24.0,FlashReport_February 2026
1184,Karnataka,"03/2018
01/2021",99.0,FlashReport_February 2026
1185,Karnataka,"12/2020
11/2021",93.0,FlashReport_February 2026
1186,Karnataka,"02/2018
05/2019",99.0,FlashReport_February 2026
1187,Karnataka,"11/2024
01/2026",0.0,FlashReport_February 2026
1188,Karnataka,"03/2023
05/2023",87.0,FlashReport_February 2026
1189,Karnataka,"03/2018
12/2020",82.0,FlashReport_February 2026
1190,Karnataka,"02/2023
04/2025",15.0,FlashReport_February 2026
1191,Karnataka,"02/2023
12/2025",1.0,FlashReport_February 2026
1192,Karnataka,"02/2023
04/2025",11.0,FlashReport_February 2026
1193,Karnataka,"01/2023
04/2025",11.0,FlashReport_February 2026
1194,Karnataka,"01/2019
10/2021",80.0,FlashReport_February 2026
1195,Karnataka,"03/2021
10/2022",64.0,FlashReport_February 2026
1196,Karnataka,"NA
06/2011",100.0,FlashReport_February 2026
1197,Karnataka,"03/2021
08/2022",59.0,FlashReport_February 2026
1198,Karnataka,"02/2022
02/2023",93.0,FlashReport_February 2026
1199,Karnataka,"02/2020
02/2021",99.0,FlashReport_February 2026
1200,Karnataka,"NA
03/2014",97.0,FlashReport_February 2026
1201,Karnataka,"03/2023
11/2024",27.0,FlashReport_February 2026
1202,Karnataka,"02/2024
09/2025",5.0,FlashReport_February 2026
1203,Karnataka,"02/2024
06/2025",21.0,FlashReport_February 2026
1204,Karnataka,"03/2018
12/2018",100.0,FlashReport_February 2026
1205,Karnataka,"NA
03/2017",97.0,FlashReport_February 2026
1206,Karnataka,"02/2018
12/2019",99.0,FlashReport_February 2026
1207,Karnataka,"NA
03/2017",99.0,FlashReport_February 2026
1208,Karnataka,"09/2021
03/2022",19.0,FlashReport_February 2026
1209,Karnataka,"NA
02/2016",100.0,FlashReport_February 2026
1210,Karnataka,"NA
08/2017",99.0,FlashReport_February 2026
1211,Karnataka,"03/2018
03/2019",71.0,FlashReport_February 2026
1212,Karnataka,"03/2022
04/2023",73.0,FlashReport_February 2026
1213,Karnataka,"04/2020
01/2021",82.0,FlashReport_February 2026
1214,Karnataka,"02/2018
10/2019",100.0,FlashReport_February 2026
1215,Karnataka,"02/2018
10/2019",99.0,FlashReport_February 2026
1216,Karnataka,"02/2018
03/2021",96.0,FlashReport_February 2026
1217,Kerala,"02/2017
08/2017",98.0,FlashReport_February 2026
1218,Kerala,"06/2020
10/2021",82.0,FlashReport_February 2026
1219,Kerala,"08/2020
11/2021",82.0,FlashReport_February 2026
1220,Kerala,"10/2020
10/2021",60.0,FlashReport_February 2026
1221,Kerala,"03/2020
12/2020",100.0,FlashReport_February 2026
1222,Kerala,"01/2021
01/2022",99.0,FlashReport_February 2026
1223,Kerala,"02/2021
01/2022",98.0,FlashReport_February 2026
1224,Kerala,"06/2021
09/2022",88.0,FlashReport_February 2026
1225,Kerala,"06/2021
09/2022",84.0,FlashReport_February 2026
1226,Kerala,"11/2021
10/2022",64.0,FlashReport_February 2026
1227,Kerala,"08/2022
02/2023",83.0,FlashReport_February 2026
1228,Kerala,"09/2021
03/2022",73.0,FlashReport_February 2026
1229,Kerala,"12/2021
08/2022",71.0,FlashReport_February 2026
1230,Kerala,"06/2021
04/2022",73.0,FlashReport_February 2026
1231,Kerala,"09/2022
06/2023",52.0,FlashReport_February 2026
1232,Kerala,"02/2018
02/2021",98.0,FlashReport_February 2026
1233,Kerala,"06/2020
10/2021",83.0,FlashReport_February 2026
1234,Kerala,"06/2021
10/2022",81.0,FlashReport_February 2026
1235,Kerala,"12/2021
07/2022",44.0,FlashReport_February 2026
1236,Ladakh,"03/2021
07/2021",82.0,FlashReport_February 2026
1237,Ladakh,"03/2021
07/2021",75.0,FlashReport_February 2026
1238,Madhya Pradesh,"03/2024
02/2025",50.0,FlashReport_February 2026
1239,Madhya Pradesh,"03/2015
08/2015",94.0,FlashReport_February 2026
1240,Madhya Pradesh,"03/2022
01/2024",29.0,FlashReport_February 2026
1241,Madhya Pradesh,"01/2022
09/2023",93.0,FlashReport_February 2026
1242,Madhya Pradesh,"03/2022
05/2023",88.0,FlashReport_February 2026
1243,Madhya Pradesh,"03/2022
02/2023",64.0,FlashReport_February 2026
1244,Madhya Pradesh,"02/2024
12/2025",0.0,FlashReport_February 2026
1245,Madhya Pradesh,"03/2023
11/2024",49.0,FlashReport_February 2026
1246,Madhya Pradesh,"03/2023
11/2024",25.0,FlashReport_February 2026
1247,Madhya Pradesh,"03/2022
01/2024",97.0,FlashReport_February 2026
1248,Madhya Pradesh,"03/2022
06/2023",67.0,FlashReport_February 2026
1268,Madhya Pradesh,"03/2021
04/2022",93.0,FlashReport_February 2026
1269,Madhya Pradesh,"08/2022
08/2024",81.0,FlashReport_February 2026
1270,Madhya Pradesh,"10/2024
10/2025",10.0,FlashReport_February 2026
1271,Madhya Pradesh,"03/2025
12/2025",0.0,FlashReport_February 2026
1272,Madhya Pradesh,"10/2024
11/2025",11.0,FlashReport_February 2026
1273,Madhya Pradesh,"11/2022
03/2024",72.0,FlashReport_February 2026
1274,Madhya Pradesh,"09/2022
03/2024",69.0,FlashReport_February 2026
1275,Madhya Pradesh,"08/2022
03/2024",72.0,FlashReport_February 2026
1276,Madhya Pradesh,"09/2022
03/2023",85.0,FlashReport_February 2026
1277,Madhya Pradesh,"10/2024
10/2025",11.0,FlashReport_February 2026
1278,Madhya Pradesh,"01/2022
11/2022",84.0,FlashReport_February 2026
1279,Madhya Pradesh,"01/2020
10/2021",96.0,FlashReport_February 2026
1280,Madhya Pradesh,"01/2021
07/2021",57.0,FlashReport_February 2026
1281,Madhya Pradesh,"12/2021
09/2022",99.0,FlashReport_February 2026
1282,Madhya Pradesh,"10/2022
09/2023",68.0,FlashReport_February 2026
1283,Madhya Pradesh,"08/2017
02/2018",100.0,FlashReport_February 2026
1284,Madhya Pradesh,"08/2023
04/2024",73.0,FlashReport_February 2026
1285,Madhya Pradesh,"02/2024
01/2026",0.0,FlashReport_February 2026
1286,Madhya Pradesh,"03/2024
03/2026",0.0,FlashReport_February 2026
1287,Madhya Pradesh,"03/2024
08/2025",10.0,FlashReport_February 2026
1288,Madhya Pradesh,"02/2024
03/2025",31.0,FlashReport_February 2026
1289,Madhya Pradesh,"03/2025
01/2026",0.0,FlashReport_February 2026
1290,Madhya Pradesh,"02/2024
08/2025",5.0,FlashReport_February 2026
1291,Madhya Pradesh,"03/2023
01/2026",0.0,FlashReport_February 2026
1292,Madhya Pradesh,"01/2020
08/2021",99.0,FlashReport_February 2026
1293,Madhya Pradesh,"01/2023
03/2024",40.0,FlashReport_February 2026
1294,Maharashtra,"03/2024
10/2025",0.0,FlashReport_February 2026
1295,Maharashtra,"03/2021
03/2022",95.0,FlashReport_February 2026
1296,Maharashtra,"03/2022
07/2023",66.0,FlashReport_February 2026
1297,Maharashtra,"02/2023
03/2024",88.0,FlashReport_February 2026
1298,Maharashtra,"07/2017
09/2017",95.0,FlashReport_February 2026
1299,Maharashtra,"12/2024
09/2025",1.0,FlashReport_February 2026
1300,Maharashtra,"09/2018
10/2018",98.0,FlashReport_February 2026
1301,Maharashtra,"03/2025
10/2025",27.0,FlashReport_February 2026
1302,Maharashtra,"03/2016
02/2018",97.0,FlashReport_February 2026
1303,Maharashtra,"03/2016
11/2017",0.0,FlashReport_February 2026
1304,Maharashtra,"03/2016
11/2017",90.0,FlashReport_February 2026
1305,Maharashtra,"06/2022
01/2023",77.0,FlashReport_February 2026
1320,Maharashtra,"01/2017
06/2017",91.0,FlashReport_February 2026
1321,Maharashtra,"03/2021
11/2022",93.0,FlashReport_February 2026
1322,Maharashtra,"03/2024
10/2024",100.0,FlashReport_February 2026
1323,Maharashtra,"03/2021
06/2022",60.0,FlashReport_February 2026
1324,Maharashtra,"02/2023
09/2024",55.0,FlashReport_February 2026
1325,Maharashtra,"03/2021
02/2022",87.0,FlashReport_February 2026
1326,Maharashtra,"03/2024
05/2025",35.0,FlashReport_February 2026
1327,Maharashtra,"03/2024
05/2025",31.0,FlashReport_February 2026
1328,Maharashtra,"03/2024
04/2025",36.0,FlashReport_February 2026
1329,Maharashtra,"03/2024
05/2025",6.0,FlashReport_February 2026
1330,Maharashtra,"01/2017
08/2017",96.0,FlashReport_February 2026
1331,Maharashtra,"01/2017
08/2017",98.0,FlashReport_February 2026
1332,Maharashtra,"03/2022
01/2023",62.0,FlashReport_February 2026
1333,Maharashtra,"03/2024
01/2025",48.0,FlashReport_February 2026
1334,Maharashtra,"03/2017
06/2017",80.0,FlashReport_February 2026
1335,Maharashtra,"02/2017
06/2017",83.0,FlashReport_February 2026
1353,Maharashtra,"01/2025
06/2025",13.0,FlashReport_February 2026
1354,Maharashtra,"11/2017
02/2019",86.0,FlashReport_February 2026
1355,Maharashtra,"12/2021
01/2023",45.0,FlashReport_February 2026
1356,Maharashtra,"12/2021
12/2022",73.0,FlashReport_February 2026
1357,Maharashtra,"12/2015
03/2016",97.0,FlashReport_February 2026
1358,Maharashtra,"03/2023
07/2023",75.0,FlashReport_February 2026
1359,Maharashtra,"02/2024
10/2024",21.0,FlashReport_February 2026
1360,Maharashtra,"03/2025
06/2025",75.0,FlashReport_February 2026
1361,Maharashtra,"02/2021
11/2021",99.0,FlashReport_February 2026
1362,Maharashtra,"12/2022
03/2023",96.0,FlashReport_February 2026
1363,Maharashtra,"12/2023
10/2024",55.0,FlashReport_February 2026
1364,Maharashtra,"01/2025
07/2025",10.0,FlashReport_February 2026
1365,Maharashtra,"08/2022
11/2023",48.0,FlashReport_February 2026
1366,Maharashtra,"06/2016
01/2019",98.0,FlashReport_February 2026
1367,Maharashtra,"03/2018
03/2019",100.0,FlashReport_February 2026
1368,Maharashtra,"03/2018
03/2019",96.0,FlashReport_February 2026
1369,Maharashtra,"02/2021
01/2022",97.0,FlashReport_February 2026
1370,Maharashtra,"03/2025
06/2025",17.0,FlashReport_February 2026
1371,Maharashtra,"10/2024
04/2025",26.0,FlashReport_February 2026
1372,Maharashtra,"02/2022
05/2023",75.0,FlashReport_February 2026
1373,Maharashtra,"02/2022
05/2023",64.0,FlashReport_February 2026
1374,Maharashtra,"02/2021
10/2021",81.0,FlashReport_February 2026
1375,Maharashtra,"02/2025
07/2025",22.0,FlashReport_February 2026
1376,Maharashtra,"03/2025
01/2026",0.0,FlashReport_February 2026
1377,Maharashtra,"02/2021
03/2022",0.0,FlashReport_February 2026
1378,Maharashtra,"NA
10/2010",99.0,FlashReport_February 2026
1379,Maharashtra,"06/2022
11/2022",81.0,FlashReport_February 2026
1380,Maharashtra,"02/2022
11/2022",85.0,FlashReport_February 2026
1381,Maharashtra,"01/2021
09/2021",86.0,FlashReport_February 2026
1382,Maharashtra,"08/2020
03/2022",99.0,FlashReport_February 2026
1383,Maharashtra,"03/2018
01/2019",76.0,FlashReport_February 2026
1384,Maharashtra,"10/2021
05/2022",98.0,FlashReport_February 2026
1385,Maharashtra,"01/2021
09/2021",97.0,FlashReport_February 2026
1386,Manipur,"03/2021
07/2021",81.0,FlashReport_February 2026
1387,Manipur,"09/2020
12/2024",47.0,FlashReport_February 2026
1388,Manipur,"09/2020
10/2020",83.0,FlashReport_February 2026
1389,Manipur,"09/2020
02/2025",40.0,FlashReport_February 2026
1390,Manipur,"03/2020
07/2020",92.0,FlashReport_February 2026
1391,Manipur,"03/2020
07/2020",85.0,FlashReport_February 2026
1392,Manipur,"03/2023
12/2024",21.0,FlashReport_February 2026
1393,Manipur,"03/2023
12/2024",20.0,FlashReport_February 2026
1394,Manipur,"03/2023
05/2025",11.0,FlashReport_February 2026
1395,Manipur,"01/2023
12/2023",85.0,FlashReport_February 2026
1396,Manipur,"12/2021
02/2023",91.0,FlashReport_February 2026
1397,Manipur,"12/2021
11/2022",86.0,FlashReport_February 2026
1398,Manipur,"09/2021
06/2022",82.0,FlashReport_February 2026
1399,Manipur,"03/2021
09/2021",86.0,FlashReport_February 2026
1400,Manipur,"03/2021
03/2025",69.0,FlashReport_February 2026
1401,Manipur,"04/2020
07/2020",93.0,FlashReport_February 2026
1402,Manipur,"04/2020
07/2020",96.0,FlashReport_February 2026
1403,Manipur,"06/2020
11/2025",0.0,FlashReport_February 2026
1404,Manipur,"04/2020
08/2025",19.0,FlashReport_February 2026
1405,Manipur,"07/2021
09/2021",93.0,FlashReport_February 2026
1437,Mizoram,"03/2021
06/2021",64.0,FlashReport_February 2026
1438,Mizoram,"06/2021
07/2021",61.0,FlashReport_February 2026
1439,Mizoram,"09/2019
10/2019",95.0,FlashReport_February 2026
1440,Mizoram,"09/2019
10/2019",97.0,FlashReport_February 2026
1441,Mizoram,"09/2019
12/2019",98.0,FlashReport_February 2026
1442,Mizoram,"09/2019
10/2020",100.0,FlashReport_February 2026
1443,Mizoram,"09/2019
03/2020",99.0,FlashReport_February 2026
1444,Mizoram,"09/2019
10/2019",99.0,FlashReport_February 2026
1445,Mizoram,"02/2023
12/2024",4.0,FlashReport_February 2026
1446,Mizoram,"12/2021
11/2023",75.0,FlashReport_February 2026
1447,"Multi-States
(Andhra Pradesh,
Karnataka)","03/2018
10/2019",100.0,FlashReport_February 2026
1448,"Multi-States
(Andhra Pradesh,
Karnataka)","12/2020
10/2022",98.0,FlashReport_February 2026
1449,"Multi-States
(Andhra Pradesh,
Odisha)","02/2021
03/2022",93.0,FlashReport_February 2026
1450,"Multi-States
(Andhra Pradesh,
Tamil Nadu)","10/2020
05/2022",97.0,FlashReport_February 2026
1451,"Multi-States
(Andhra Pradesh,
Tamil Nadu)","03/2021
01/2023",98.0,FlashReport_February 2026
1452,"Multi-States
(Andhra Pradesh,
Tamil Nadu)","12/2024
09/2025",5.0,FlashReport_February 2026
1453,"Multi-States
(Andhra Pradesh,
Tamil Nadu)","02/2021
12/2022",99.0,FlashReport_February 2026
1454,"Multi-States
(Andhra Pradesh,
Tamil Nadu)","02/2021
10/2023",95.0,FlashReport_February 2026
1455,"Multi-States
(Andhra Pradesh,
Tamil Nadu)","12/2017
03/2018",100.0,FlashReport_February 2026
1456,"Multi-States
(Andhra Pradesh,
Telangana)","01/2021
09/2022",98.0,FlashReport_February 2026
1457,"Multi-States
(Andhra Pradesh,
Telangana)","03/2023
05/2025",1.0,FlashReport_February 2026
1458,"Multi-States
(Andhra Pradesh,
Telangana)","03/2023
03/2025",11.0,FlashReport_February 2026
1459,"Multi-States
(Andhra Pradesh,
Telangana)","01/2022
01/2023",63.0,FlashReport_February 2026
1460,"Multi-States
(Arunachal
Pradesh, Assam)","03/2023
09/2024",93.0,FlashReport_February 2026
1461,"Multi-States
(Bihar, Jharkhand)","02/2021
12/2024",18.0,FlashReport_February 2026
1462,"Multi-States
(Bihar, Jharkhand)","06/2021
03/2022",96.0,FlashReport_February 2026
1463,"Multi-States
(Bihar, Jharkhand)","03/2023
07/2025",12.0,FlashReport_February 2026
1464,"Multi-States
(Bihar, Jharkhand)","09/2020
03/2022",91.0,FlashReport_February 2026
1465,"Multi-States
(Bihar, Jharkhand)","10/2016
11/2020",82.0,FlashReport_February 2026
1466,"Multi-States
(Bihar, Jharkhand)","12/2017
06/2019",78.0,FlashReport_February 2026
1467,"Multi-States
(Bihar, Uttar
Pradesh)","NA
09/2011",95.0,FlashReport_February 2026
1468,"Multi-States
(Bihar, Uttar
Pradesh)","03/2023
11/2024",34.0,FlashReport_February 2026
1469,"Multi-States
(Bihar, Uttar
Pradesh)","03/2024
08/2025",8.0,FlashReport_February 2026
1470,"Multi-States
(Bihar, Uttar
Pradesh)","10/2022
08/2023",75.0,FlashReport_February 2026
1471,"Multi-States
(Bihar, West
Bengal)","01/2025
12/2025",2.0,FlashReport_February 2026
1472,"Multi-States
(Chhattisgarh,
Odisha)","02/2021
03/2022",99.0,FlashReport_February 2026
1473,"Multi-States
(Dadra & Nagar
Haveli and Daman
& Diu, Gujarat,
Maharashtra)","10/2020
03/2022",36.0,FlashReport_February 2026
1474,"Multi-States (Delhi,
Haryana)","01/2018
11/2018",100.0,FlashReport_February 2026
1475,"Multi-States (Delhi,
Uttar Pradesh)","09/2020
06/2022",100.0,FlashReport_February 2026
1476,"Multi-States (Goa,
Karnataka)","01/2022
11/2022",80.0,FlashReport_February 2026
1477,"Multi-States
(Gujarat,
Maharashtra)","12/2019
09/2020",97.0,FlashReport_February 2026
1478,"Multi-States
(Haryana, Punjab)","01/2021
05/2022",98.0,FlashReport_February 2026
1479,"Multi-States
(Haryana, Punjab)","11/2021
12/2022",98.0,FlashReport_February 2026
1480,"Multi-States
(Haryana, Punjab)","10/2022
06/2023",100.0,FlashReport_February 2026
1481,"Multi-States
(Haryana, Punjab)","02/2023
12/2023",63.0,FlashReport_February 2026
1482,"Multi-States
(Haryana, Punjab)","03/2022
10/2023",80.0,FlashReport_February 2026
1483,"Multi-States
(Haryana, Punjab)","05/2022
05/2023",71.0,FlashReport_February 2026
1484,"Multi-States
(Haryana,
Rajasthan)","08/2022
12/2022",87.0,FlashReport_February 2026
1485,"Multi-States
(Haryana, Uttar
Pradesh)","03/2024
08/2025",2.0,FlashReport_February 2026
1486,"Multi-States
(Haryana, Uttar
Pradesh)","06/2022
05/2023",73.0,FlashReport_February 2026
1487,"Multi-States
(Haryana, Uttar
Pradesh)","07/2022
06/2023",67.0,FlashReport_February 2026
1488,"Multi-States
(Himachal
Pradesh, Punjab)","03/2023
05/2025",15.0,FlashReport_February 2026
1489,"Multi-States
(Jammu and
Kashmir, Punjab)","10/2021
09/2022",82.0,FlashReport_February 2026
1490,"Multi-States
(Jharkhand, Uttar
Pradesh)","03/2022
09/2023",92.0,FlashReport_February 2026
1491,"Multi-States
(Jharkhand, West
Bengal)","08/2010
04/2014",100.0,FlashReport_February 2026
1492,"Multi-States
(Jharkhand, West
Bengal)","03/2023
09/2025",10.0,FlashReport_February 2026
1493,"Multi-States
(Jharkhand, West
Bengal)","03/2018
12/2019",97.0,FlashReport_February 2026
1494,"Multi-States
(Jharkhand, West
Bengal)","02/2025
02/2026",0.0,FlashReport_February 2026
1495,"Multi-States
(Jharkhand, West
Bengal)","NA
12/2017",99.0,FlashReport_February 2026
1496,"Multi-States
(Karnataka,
Kerala)","05/2020
11/2021",99.0,FlashReport_February 2026
1497,"Multi-States
(Karnataka,
Maharashtra)","11/2021
10/2022",98.0,FlashReport_February 2026
1498,"Multi-States
(Karnataka,
Maharashtra)","01/2022
10/2022",78.0,FlashReport_February 2026
1499,"Multi-States
(Karnataka,
Maharashtra)","03/2023
10/2024",41.0,FlashReport_February 2026
1500,"Multi-States
(Karnataka, Tamil
Nadu)","03/2022
05/2023",75.0,FlashReport_February 2026
1501,"Multi-States
(Karnataka, Tamil
Nadu)","10/2021
10/2022",78.0,FlashReport_February 2026
1502,"Multi-States
(Karnataka,
Telangana)","03/2022
11/2022",99.0,FlashReport_February 2026
1503,"Multi-States
(Karnataka,
Telangana)","02/2022
01/2023",83.0,FlashReport_February 2026
1504,"Multi-States
(Kerala,
Puducherry)","09/2017
12/2017",100.0,FlashReport_February 2026
1505,"Multi-States
(Madhya Pradesh,
Maharashtra)","12/2022
03/2024",60.0,FlashReport_February 2026
1506,"Multi-States
(Madhya Pradesh,
Uttar Pradesh)","02/2023
03/2024",89.0,FlashReport_February 2026
1507,"Multi-States
(Madhya Pradesh,
Uttar Pradesh)","10/2024
09/2025",22.0,FlashReport_February 2026
1508,"Multi-States
(Maharashtra,
Telangana)","03/2018
04/2019",96.0,FlashReport_February 2026
1509,"Multi-States
(Maharashtra,
Telangana)","03/2022
10/2022",100.0,FlashReport_February 2026
1510,"Multi-States
(Maharashtra,
Telangana)","03/2022
03/2024",62.0,FlashReport_February 2026
1511,"Multi-States
(Puducherry, Tamil
Nadu)","03/2018
11/2021",98.0,FlashReport_February 2026
1512,"Multi-States
(Puducherry, Tamil
Nadu)","03/2018
11/2021",98.0,FlashReport_February 2026
1513,"Multi-States
(Puducherry, Tamil
Nadu)","03/2018
10/2020",78.0,FlashReport_February 2026
1514,"Multi-States
(Rajasthan, Uttar
Pradesh)","03/2024
04/2025",90.0,FlashReport_February 2026
1515,"Multi-States (Uttar
Pradesh,
Uttarakhand)","04/2022
11/2022",99.0,FlashReport_February 2026
1516,"Multi-States (Uttar
Pradesh,
Uttarakhand)","01/2023
03/2024",30.0,FlashReport_February 2026
1517,"Multi-States (Uttar
Pradesh,
Uttarakhand)","01/2015
10/2017",98.0,FlashReport_February 2026
1518,"Multi-States (Uttar
Pradesh,
Uttarakhand)","04/2025
10/2025",6.0,FlashReport_February 2026
1519,"Multi-States (Uttar
Pradesh,
Uttarakhand)","03/2023
01/2024",96.0,FlashReport_February 2026
1520,"Multi-States (Uttar
Pradesh,
Uttarakhand)","02/2023
03/2024",39.0,FlashReport_February 2026
1521,"Multi-States (Uttar
Pradesh,
Uttarakhand)","11/2021
02/2023",90.0,FlashReport_February 2026
1522,"Multi-States (Uttar
Pradesh,
Uttarakhand)","NA
01/2018",97.0,FlashReport_February 2026
1523,Nagaland,"06/2020
06/2024",42.0,FlashReport_February 2026
1524,Nagaland,"02/2021
06/2023",0.0,FlashReport_February 2026
1525,Nagaland,"03/2021
07/2022",94.0,FlashReport_February 2026
1526,Nagaland,"07/2020
10/2020",34.0,FlashReport_February 2026
1527,Nagaland,"07/2020
06/2023",35.0,FlashReport_February 2026
1528,Nagaland,"07/2020
10/2020",69.0,FlashReport_February 2026
1529,Nagaland,"07/2020
11/2023",24.0,FlashReport_February 2026
1530,Nagaland,"03/2020
11/2023",93.0,FlashReport_February 2026
1531,Nagaland,"03/2020
01/2024",29.0,FlashReport_February 2026
1532,Nagaland,"03/2016
09/2023",82.0,FlashReport_February 2026
1533,Nagaland,"02/2017
09/2017",0.0,FlashReport_February 2026
1534,Nagaland,"12/2022
08/2023",78.0,FlashReport_February 2026
1535,Nagaland,"12/2022
08/2023",85.0,FlashReport_February 2026
1536,Nagaland,"12/2022
08/2023",49.0,FlashReport_February 2026
1537,Nagaland,"02/2021
06/2023",86.0,FlashReport_February 2026
1538,Nagaland,"01/2021
09/2023",89.0,FlashReport_February 2026
1539,Nagaland,"03/2021
09/2023",95.0,FlashReport_February 2026
1540,Nagaland,"03/2018
08/2023",99.0,FlashReport_February 2026
1541,Nagaland,"03/2018
09/2023",70.0,FlashReport_February 2026
1542,Odisha,"03/2023
04/2025",0.0,FlashReport_February 2026
1543,Odisha,"03/2022
02/2024",56.0,FlashReport_February 2026
1544,Odisha,"03/2023
12/2024",12.0,FlashReport_February 2026
1545,Odisha,"02/2022
04/2023",40.0,FlashReport_February 2026
1546,Odisha,"12/2021
05/2023",70.0,FlashReport_February 2026
1584,Punjab,"12/2020
03/2023",31.0,FlashReport_February 2026
1585,Punjab,"12/2020
07/2022",71.0,FlashReport_February 2026
1586,Punjab,"12/2020
07/2022",62.0,FlashReport_February 2026
1587,Punjab,"03/2021
11/2022",43.0,FlashReport_February 2026
1588,Punjab,"03/2021
01/2024",26.0,FlashReport_February 2026
1589,Punjab,"12/2021
04/2023",29.0,FlashReport_February 2026
1590,Punjab,"11/2024
07/2025",19.0,FlashReport_February 2026
1591,Punjab,"03/2021
01/2023",42.0,FlashReport_February 2026
1592,Punjab,"05/2020
08/2023",99.0,FlashReport_February 2026
1593,Punjab,"03/2021
11/2022",68.0,FlashReport_February 2026
1594,Punjab,"03/2021
06/2024",70.0,FlashReport_February 2026
1595,Punjab,"06/2021
09/2023",81.0,FlashReport_February 2026
1596,Punjab,"05/2020
12/2022",76.0,FlashReport_February 2026
1597,Punjab,"03/2022
05/2023",80.0,FlashReport_February 2026
1598,Punjab,"07/2021
02/2023",77.0,FlashReport_February 2026
1599,Punjab,"11/2022
03/2025",11.0,FlashReport_February 2026
1600,Punjab,"03/2021
10/2022",98.0,FlashReport_February 2026
1601,Punjab,"03/2023
04/2024",56.0,FlashReport_February 2026
1602,Punjab,"12/2020
03/2022",80.0,FlashReport_February 2026
1603,Punjab,"02/2021
08/2022",80.0,FlashReport_February 2026
1604,Punjab,"08/2021
06/2023",64.0,FlashReport_February 2026
1605,Punjab,"10/2021
06/2023",78.0,FlashReport_February 2026
1606,Punjab,"12/2020
06/2022",61.0,FlashReport_February 2026
1607,Punjab,"03/2021
06/2024",63.0,FlashReport_February 2026
1608,Punjab,"07/2021
09/2025",12.0,FlashReport_February 2026
1609,Punjab,"03/2021
11/2022",30.0,FlashReport_February 2026
1610,Rajasthan,"12/2020
10/2021",98.0,FlashReport_February 2026
1611,Rajasthan,"03/2022
02/2023",100.0,FlashReport_February 2026
1612,Rajasthan,"12/2021
09/2022",97.0,FlashReport_February 2026
1613,Rajasthan,"01/2022
12/2022",96.0,FlashReport_February 2026
1614,Rajasthan,"12/2021
05/2022",85.0,FlashReport_February 2026
1615,Rajasthan,"03/2022
10/2024",66.0,FlashReport_February 2026
1616,Rajasthan,"02/2023
10/2024",43.0,FlashReport_February 2026
1617,Rajasthan,"02/2022
09/2023",0.0,FlashReport_February 2026
1618,Rajasthan,"02/2024
11/2024",12.0,FlashReport_February 2026
1638,Sikkim,"10/2020
05/2021",76.0,FlashReport_February 2026
1639,Sikkim,"01/2021
02/2021",81.0,FlashReport_February 2026
1640,Sikkim,"10/2020
12/2020",57.0,FlashReport_February 2026
1641,Sikkim,"07/2020
10/2020",78.0,FlashReport_February 2026
1642,Sikkim,"07/2020
10/2020",64.0,FlashReport_February 2026
1643,Tamil Nadu,"03/2022
09/2024",72.0,FlashReport_February 2026
1644,Tamil Nadu,"01/2021
07/2022",93.0,FlashReport_February 2026
1645,Tamil Nadu,"12/2020
08/2022",53.0,FlashReport_February 2026
1646,Tamil Nadu,"05/2023
02/2024",24.0,FlashReport_February 2026
1647,Tamil Nadu,"02/2021
07/2022",83.0,FlashReport_February 2026
1648,Tamil Nadu,"08/2018
02/2019",93.0,FlashReport_February 2026
1649,Tamil Nadu,"06/2024
01/2025",26.0,FlashReport_February 2026
1650,Tamil Nadu,"03/2024
03/2025",27.0,FlashReport_February 2026
1651,Tamil Nadu,"NA
07/2006",100.0,FlashReport_February 2026
1652,Tamil Nadu,"12/2018
03/2020",93.0,FlashReport_February 2026
1653,Tamil Nadu,"11/2022
08/2023",72.0,FlashReport_February 2026
1654,Tamil Nadu,"02/2021
01/2023",33.0,FlashReport_February 2026
1655,Tamil Nadu,"NA
07/2007",100.0,FlashReport_February 2026
1656,Tamil Nadu,"03/2022
02/2023",93.0,FlashReport_February 2026
1657,Tamil Nadu,"02/2022
04/2023",99.0,FlashReport_February 2026
1658,Tamil Nadu,"12/2018
03/2020",91.0,FlashReport_February 2026
1659,Tamil Nadu,"NA
04/2010",100.0,FlashReport_February 2026
1660,Tamil Nadu,"03/2023
11/2023",15.0,FlashReport_February 2026
1661,Tamil Nadu,"03/2023
11/2023",18.0,FlashReport_February 2026
1662,Tamil Nadu,"03/2018
01/2022",99.0,FlashReport_February 2026
1663,Tamil Nadu,"NA
01/2008",100.0,FlashReport_February 2026
1664,Tamil Nadu,"01/2019
12/2020",91.0,FlashReport_February 2026
1665,Tamil Nadu,"01/2019
01/2021",91.0,FlashReport_February 2026
1666,Tamil Nadu,"NA
08/2018",100.0,FlashReport_February 2026
1667,Tamil Nadu,"01/2025
06/2025",18.0,FlashReport_February 2026
1668,Tamil Nadu,"02/2018
04/2019",100.0,FlashReport_February 2026
1669,Tamil Nadu,"NA
01/2008",100.0,FlashReport_February 2026
1670,Tamil Nadu,"03/2023
11/2023",6.0,FlashReport_February 2026
1671,Tamil Nadu,"NA
06/2011",99.0,FlashReport_February 2026
1672,Tamil Nadu,"NA
08/2006",100.0,FlashReport_February 2026
1673,Tamil Nadu,"NA
10/2006",100.0,FlashReport_February 2026
1674,Tamil Nadu,"NA
09/2010",100.0,FlashReport_February 2026
1675,Tamil Nadu,"02/2019
12/2021",82.0,FlashReport_February 2026
1676,Tamil Nadu,"02/2019
05/2022",58.0,FlashReport_February 2026
1677,Tamil Nadu,"02/2019
12/2023",53.0,FlashReport_February 2026
1678,Tamil Nadu,"03/2018
11/2018",99.0,FlashReport_February 2026
1679,Tamil Nadu,"03/2023
11/2023",15.0,FlashReport_February 2026
1680,Tamil Nadu,"03/2024
12/2024",28.0,FlashReport_February 2026
1681,Tamil Nadu,"03/2022
09/2022",97.0,FlashReport_February 2026
1682,Telangana,"01/2018
05/2018",92.0,FlashReport_February 2026
1683,Telangana,"10/2016
03/2017",100.0,FlashReport_February 2026
1684,Telangana,"03/2023
07/2024",34.0,FlashReport_February 2026
1685,Telangana,"03/2018
07/2018",50.0,FlashReport_February 2026
1686,Telangana,"03/2017
05/2017",99.0,FlashReport_February 2026
1687,Telangana,"01/2018
06/2018",0.0,FlashReport_February 2026
1688,Telangana,"03/2021
07/2022",82.0,FlashReport_February 2026
1689,Telangana,"03/2018
09/2018",98.0,FlashReport_February 2026
1690,Telangana,"02/2018
05/2018",97.0,FlashReport_February 2026
1691,Telangana,"01/2017
05/2017",99.0,FlashReport_February 2026
1692,Telangana,"10/2016
02/2017",95.0,FlashReport_February 2026
1693,Telangana,"05/2018
06/2021",92.0,FlashReport_February 2026
1694,Telangana,"03/2018
06/2018",96.0,FlashReport_February 2026
1695,Telangana,"06/2017
11/2017",99.0,FlashReport_February 2026
1696,Telangana,"03/2022
02/2024",40.0,FlashReport_February 2026
1697,Telangana,"03/2022
07/2023",78.0,FlashReport_February 2026
1698,Telangana,"03/2022
10/2023",30.0,FlashReport_February 2026
1699,Telangana,"01/2022
01/2023",90.0,FlashReport_February 2026
1700,Telangana,"10/2022
05/2024",72.0,FlashReport_February 2026
1701,Telangana,"02/2018
06/2018",98.0,FlashReport_February 2026
1702,Telangana,"10/2022
02/2025",6.0,FlashReport_February 2026
1703,Telangana,"01/2022
12/2022",75.0,FlashReport_February 2026
1704,Telangana,"01/2017
05/2017",99.0,FlashReport_February 2026
1705,Telangana,"03/2017
11/2017",92.0,FlashReport_February 2026
1706,Telangana,"10/2022
07/2024",60.0,FlashReport_February 2026
1707,Telangana,"10/2022
08/2024",63.0,FlashReport_February 2026
1708,Telangana,"01/2022
12/2022",82.0,FlashReport_February 2026
1709,Telangana,"03/2022
03/2023",98.0,FlashReport_February 2026
1710,Telangana,"01/2022
12/2022",85.0,FlashReport_February 2026
1711,Telangana,"01/2022
01/2023",73.0,FlashReport_February 2026
1712,Telangana,"03/2022
01/2023",35.0,FlashReport_February 2026
1713,Telangana,"12/2021
08/2022",50.0,FlashReport_February 2026
1714,Telangana,"03/2022
03/2023",17.0,FlashReport_February 2026
1715,Telangana,"01/2021
10/2022",92.0,FlashReport_February 2026
1716,Telangana,"03/2022
07/2023",89.0,FlashReport_February 2026
1717,Telangana,"03/2023
06/2025",0.0,FlashReport_February 2026
1718,Telangana,"01/2023
06/2025",2.0,FlashReport_February 2026
1719,Telangana,"03/2023
12/2024",5.0,FlashReport_February 2026
1720,Telangana,"03/2023
06/2025",0.0,FlashReport_February 2026
1721,Telangana,"03/2023
04/2024",59.0,FlashReport_February 2026
1722,Telangana,"03/2023
07/2025",2.0,FlashReport_February 2026
1723,Telangana,"03/2023
07/2024",21.0,FlashReport_February 2026
1724,Telangana,"10/2021
11/2024",10.0,FlashReport_February 2026
1725,Telangana,"01/2021
01/2022",99.0,FlashReport_February 2026
1726,Telangana,"01/2021
09/2022",98.0,FlashReport_February 2026
1727,Telangana,"NA
03/2014",100.0,FlashReport_February 2026
1728,Telangana,"01/2015
02/2015",82.0,FlashReport_February 2026
1729,Tripura,"12/2023
09/2024",41.0,FlashReport_February 2026
1730,Tripura,"01/2024
12/2024",6.0,FlashReport_February 2026
1731,Tripura,"01/2024
09/2024",10.0,FlashReport_February 2026
1732,Tripura,"01/2024
09/2024",50.0,FlashReport_February 2026
1733,Tripura,"01/2024
07/2024",47.0,FlashReport_February 2026
1734,Tripura,"02/2020
09/2024",0.0,FlashReport_February 2026
1735,Tripura,"02/2020
07/2020",0.0,FlashReport_February 2026
1736,Tripura,"01/2023
05/2023",65.0,FlashReport_February 2026
1737,Tripura,"03/2023
03/2024",0.0,FlashReport_February 2026
1738,Uttar Pradesh,"02/2023
03/2024",91.0,FlashReport_February 2026
1739,Uttar Pradesh,"01/2022
01/2025",25.0,FlashReport_February 2026
1740,Uttar Pradesh,"12/2022
11/2024",22.0,FlashReport_February 2026
1741,Uttar Pradesh,"03/2021
03/2022",100.0,FlashReport_February 2026
1742,Uttar Pradesh,"12/2019
10/2020",94.0,FlashReport_February 2026
1743,Uttar Pradesh,"12/2022
08/2024",44.0,FlashReport_February 2026
1762,Uttar Pradesh,"01/2022
02/2024",92.0,FlashReport_February 2026
1763,Uttar Pradesh,"01/2022
10/2023",99.0,FlashReport_February 2026
1764,Uttar Pradesh,"03/2021
08/2022",90.0,FlashReport_February 2026
1765,Uttar Pradesh,"03/2022
01/2024",51.0,FlashReport_February 2026
1766,Uttar Pradesh,"03/2022
11/2023",94.0,FlashReport_February 2026
1767,Uttar Pradesh,"05/2023
10/2025",9.0,FlashReport_February 2026
1768,Uttar Pradesh,"04/2020
08/2022",100.0,FlashReport_February 2026
1769,Uttar Pradesh,"07/2018
02/2021",85.0,FlashReport_February 2026
1770,Uttar Pradesh,"04/2020
09/2022",90.0,FlashReport_February 2026
1771,Uttar Pradesh,"12/2022
06/2025",20.0,FlashReport_February 2026
1772,Uttar Pradesh,"03/2022
05/2025",35.0,FlashReport_February 2026
1773,Uttar Pradesh,"03/2024
01/2026",2.0,FlashReport_February 2026
1774,Uttar Pradesh,"05/2023
01/2026",0.0,FlashReport_February 2026
1775,Uttar Pradesh,"03/2023
03/2025",30.0,FlashReport_February 2026
1776,Uttar Pradesh,"01/2022
11/2024",41.0,FlashReport_February 2026
1777,Uttar Pradesh,"03/2022
11/2025",20.0,FlashReport_February 2026
1778,Uttar Pradesh,"03/2023
08/2025",5.0,FlashReport_February 2026
1779,Uttar Pradesh,"03/2023
01/2025",80.0,FlashReport_February 2026
1780,Uttar Pradesh,"05/2023
12/2025",18.0,FlashReport_February 2026
1781,Uttar Pradesh,"04/2020
07/2022",86.0,FlashReport_February 2026
1782,Uttar Pradesh,"04/2020
11/2022",98.0,FlashReport_February 2026
1783,Uttar Pradesh,"12/2021
11/2022",99.0,FlashReport_February 2026
1784,Uttar Pradesh,"12/2021
02/2023",94.0,FlashReport_February 2026
1785,Uttar Pradesh,"09/2021
03/2022",76.0,FlashReport_February 2026
1786,Uttar Pradesh,"12/2017
02/2019",93.0,FlashReport_February 2026
1787,Uttar Pradesh,"02/2023
12/2024",25.0,FlashReport_February 2026
1788,Uttar Pradesh,"01/2023
12/2023",52.0,FlashReport_February 2026
1789,Uttar Pradesh,"09/2023
01/2025",18.0,FlashReport_February 2026
1790,Uttar Pradesh,"08/2024
03/2025",11.0,FlashReport_February 2026
1791,Uttar Pradesh,"08/2024
11/2025",25.0,FlashReport_February 2026
1792,Uttar Pradesh,"01/2022
02/2023",99.0,FlashReport_February 2026
1793,Uttar Pradesh,"07/2022
03/2023",91.0,FlashReport_February 2026
1794,Uttar Pradesh,"03/2023
09/2023",81.0,FlashReport_February 2026
1795,Uttar Pradesh,"02/2023
01/2024",61.0,FlashReport_February 2026
1796,Uttar Pradesh,"08/2024
07/2025",19.0,FlashReport_February 2026
1797,Uttar Pradesh,"08/2024
03/2025",28.0,FlashReport_February 2026
1798,Uttar Pradesh,"10/2022
02/2025",42.0,FlashReport_February 2026
1799,Uttar Pradesh,"10/2021
10/2022",99.0,FlashReport_February 2026
1800,Uttar Pradesh,"03/2024
03/2025",10.0,FlashReport_February 2026
1801,Uttar Pradesh,"03/2018
02/2019",100.0,FlashReport_February 2026
1802,Uttar Pradesh,"09/2020
05/2021",100.0,FlashReport_February 2026
1803,Uttar Pradesh,"06/2022
05/2023",58.0,FlashReport_February 2026
1804,Uttar Pradesh,"10/2021
02/2023",87.0,FlashReport_February 2026
1805,Uttar Pradesh,"10/2021
10/2022",74.0,FlashReport_February 2026
1806,Uttar Pradesh,"02/2023
03/2024",50.0,FlashReport_February 2026
1807,Uttar Pradesh,"12/2021
03/2023",82.0,FlashReport_February 2026
1808,Uttar Pradesh,"02/2025
09/2025",8.0,FlashReport_February 2026
1809,Uttar Pradesh,"02/2025
09/2025",6.0,FlashReport_February 2026
1810,Uttar Pradesh,"02/2021
01/2022",97.0,FlashReport_February 2026
1811,Uttar Pradesh,"03/2022
02/2023",99.0,FlashReport_February 2026
1812,Uttar Pradesh,"09/2022
11/2023",58.0,FlashReport_February 2026
1813,Uttar Pradesh,"09/2022
01/2024",58.0,FlashReport_February 2026
1814,Uttar Pradesh,"09/2021
10/2022",99.0,FlashReport_February 2026
1815,Uttar Pradesh,"01/2022
03/2023",99.0,FlashReport_February 2026
1816,Uttar Pradesh,"12/2021
01/2023",99.0,FlashReport_February 2026
1817,Uttar Pradesh,"12/2024
11/2025",7.0,FlashReport_February 2026
1818,Uttar Pradesh,"03/2023
05/2025",19.0,FlashReport_February 2026
1819,Uttar Pradesh,"03/2023
06/2024",56.0,FlashReport_February 2026
1820,Uttar Pradesh,"12/2024
12/2025",0.0,FlashReport_February 2026
1821,Uttar Pradesh,"10/2022
07/2023",92.0,FlashReport_February 2026
1822,Uttar Pradesh,"10/2022
10/2023",82.0,FlashReport_February 2026
1823,Uttar Pradesh,"10/2022
06/2023",82.0,FlashReport_February 2026
1824,Uttar Pradesh,"04/2015
04/2017",97.0,FlashReport_February 2026
1825,Uttar Pradesh,"12/2021
05/2023",63.0,FlashReport_February 2026
1826,Uttar Pradesh,"03/2023
05/2024",54.0,FlashReport_February 2026
1827,Uttar Pradesh,"10/2021
03/2024",44.0,FlashReport_February 2026
1828,Uttar Pradesh,"02/2021
11/2021",96.0,FlashReport_February 2026
1829,Uttar Pradesh,"10/2022
03/2024",41.0,FlashReport_February 2026
1830,Uttar Pradesh,"11/2022
09/2023",73.0,FlashReport_February 2026
1831,Uttar Pradesh,"08/2023
12/2023",100.0,FlashReport_February 2026
1832,Uttar Pradesh,"08/2023
12/2023",42.0,FlashReport_February 2026
1833,Uttar Pradesh,"02/2025
12/2025",1.0,FlashReport_February 2026
1834,Uttar Pradesh,"03/2021
09/2022",97.0,FlashReport_February 2026
1835,Uttar Pradesh,"03/2021
09/2022",92.0,FlashReport_February 2026
1836,Uttar Pradesh,"01/2022
12/2022",100.0,FlashReport_February 2026
1837,Uttar Pradesh,"03/2021
09/2022",99.0,FlashReport_February 2026
1838,Uttarakhand,"01/2023
02/2024",89.0,FlashReport_February 2026
1839,Uttarakhand,"11/2022
06/2023",92.0,FlashReport_February 2026
1840,Uttarakhand,"02/2025
01/2026",0.0,FlashReport_February 2026
1841,Uttarakhand,"02/2018
05/2018",73.0,FlashReport_February 2026
1842,Uttarakhand,"02/2021
01/2023",96.0,FlashReport_February 2026
1843,Uttarakhand,"03/2017
02/2018",95.0,FlashReport_February 2026
1844,Uttarakhand,"10/2016
06/2017",100.0,FlashReport_February 2026
1845,Uttarakhand,"05/2025
10/2025",17.0,FlashReport_February 2026
1846,Uttarakhand,"03/2017
11/2017",100.0,FlashReport_February 2026
1847,Uttarakhand,"01/2024
10/2025",21.0,FlashReport_February 2026
1848,Uttarakhand,"03/2022
01/2025",42.0,FlashReport_February 2026
1849,Uttarakhand,"02/2022
12/2025",0.0,FlashReport_February 2026
1850,Uttarakhand,"03/2022
08/2024",52.0,FlashReport_February 2026
1851,Uttarakhand,"10/2022
10/2023",20.0,FlashReport_February 2026
1852,Uttarakhand,"02/2019
11/2019",95.0,FlashReport_February 2026
1853,Uttarakhand,"03/2022
09/2022",33.0,FlashReport_February 2026
1854,Uttarakhand,"09/2020
12/2021",75.0,FlashReport_February 2026
1855,Uttarakhand,"05/2022
11/2024",24.0,FlashReport_February 2026
1856,Uttarakhand,"01/2024
10/2025",0.0,FlashReport_February 2026
1857,Uttarakhand,"03/2018
01/2019",96.0,FlashReport_February 2026
1858,Uttarakhand,"03/2018
01/2019",100.0,FlashReport_February 2026
1859,Uttarakhand,"10/2022
05/2023",76.0,FlashReport_February 2026
1860,Uttarakhand,"10/2022
05/2024",65.0,FlashReport_February 2026
1861,Uttarakhand,"03/2018
07/2018",70.0,FlashReport_February 2026
1862,Uttarakhand,"12/2023
06/2024",75.0,FlashReport_February 2026
1863,Uttarakhand,"12/2023
12/2024",45.0,FlashReport_February 2026
1864,Uttarakhand,"12/2023
06/2024",95.0,FlashReport_February 2026
1865,Uttarakhand,"11/2021
08/2022",70.0,FlashReport_February 2026
1866,Uttarakhand,"06/2022
03/2023",74.0,FlashReport_February 2026
1867,Uttarakhand,"11/2021
10/2022",74.0,FlashReport_February 2026
1868,West Bengal,"11/2023
11/2025",0.0,FlashReport_February 2026
1869,West Bengal,"03/2023
03/2024",57.0,FlashReport_February 2026
1870,West Bengal,"03/2016
08/2023",15.0,FlashReport_February 2026
1871,West Bengal,"08/2016
11/2016",84.0,FlashReport_February 2026
1872,West Bengal,"03/2022
03/2023",66.0,FlashReport_February 2026
1873,West Bengal,"06/2020
10/2020",95.0,FlashReport_February 2026
1874,West Bengal,"06/2020
10/2020",91.0,FlashReport_February 2026
1875,West Bengal,"03/2018
10/2019",98.0,FlashReport_February 2026
1876,West Bengal,"03/2018
10/2020",96.0,FlashReport_February 2026
1877,West Bengal,"03/2025
11/2025",0.0,FlashReport_February 2026
1878,West Bengal,"11/2023
12/2024",55.0,FlashReport_February 2026
1879,West Bengal,"03/2023
06/2024",35.0,FlashReport_February 2026
1880,West Bengal,"02/2024
08/2024",30.0,FlashReport_February 2026
1881,West Bengal,"03/2024
07/2024",45.0,FlashReport_February 2026
1882,West Bengal,"08/2018
12/2018",95.0,FlashReport_February 2026
1883,West Bengal,"01/2021
02/2022",94.0,FlashReport_February 2026
1884,West Bengal,"03/2023
12/2025",0.0,FlashReport_February 2026
1885,West Bengal,"NA
06/2025",0.0,FlashReport_February 2026
1886,Delhi,"10/2014
04/2018",98.0,FlashReport_February 2026
1887,Meghalaya,"09/2019
09/2020",99.0,FlashReport_February 2026
1888,"Multi-States
(Andhra Pradesh,
Bihar,
Chhattisgarh,
Jharkhand,
Madhya Pradesh,
Maharashtra,
Odisha,
Telangana, Uttar
Pradesh, West
Bengal)","04/2022
05/2024",97.0,FlashReport_February 2026
1889,"Multi-States
(Andhra Pradesh,
Bihar,
Chhattisgarh,
Jharkhand,
Madhya Pradesh,
Maharashtra,
Odisha,
Telangana, Uttar
Pradesh, West
Bengal)","NA
09/2021",87.0,FlashReport_February 2026
1890,"Multi-States
(Andhra Pradesh,
Chhattisgarh,
Jharkhand,
Maharashtra,
Odisha)","11/2021
05/2022",83.0,FlashReport_February 2026
1891,"Multi-States
(Arunachal
Pradesh, Assam)","12/2020
10/2021",99.0,FlashReport_February 2026
1892,"Multi-States
(Bihar, Gujarat,
Himachal Pradesh,
Jammu and
Kashmir, Ladakh,
Rajasthan, Uttar
Pradesh)","12/2019
04/2020",100.0,FlashReport_February 2026
1893,"Multi-States
(Bihar, Madhya
Pradesh,
Rajasthan, Uttar
Pradesh)","NA
03/2021",99.0,FlashReport_February 2026
1894,"Multi-States
(Maharashtra,
Telangana)","03/2020
03/2020",81.0,FlashReport_February 2026
1895,PAN India,"07/2022
07/2022",83.0,FlashReport_February 2026
1896,PAN India,"11/2020
11/2020",97.0,FlashReport_February 2026
1897,PAN India,"07/2017
10/2011",81.0,FlashReport_February 2026
1898,PAN India,"05/2023
05/2023",92.0,FlashReport_February 2026
1899,PAN India,"05/2023
06/2023",97.0,FlashReport_February 2026
1900,Bihar,"10/2017
03/2022",97.0,FlashReport_February 2026
1901,Bihar,"08/2017
07/2019",56.0,FlashReport_February 2026
1902,Bihar,"08/2017
07/2019",54.0,FlashReport_February 2026
1903,Bihar,"03/2010
03/2018",97.0,FlashReport_February 2026
1904,Bihar,"03/2010
03/2018",95.0,FlashReport_February 2026
1905,Uttar Pradesh,"05/2020
04/2023",79.0,FlashReport_February 2026
1906,Uttar Pradesh,"05/2020
11/2024",45.0,FlashReport_February 2026
1907,West Bengal,"05/2018
12/2021",93.0,FlashReport_February 2026
1908,Andhra Pradesh,"04/2005
01/2006",95.0,FlashReport_February 2026
1909,Andhra Pradesh,"04/2005
04/2005",98.0,FlashReport_February 2026
1910,Andhra Pradesh,"01/2009
11/2009",85.0,FlashReport_February 2026
1911,Assam,"04/1996
12/1996",55.0,FlashReport_February 2026
1912,Bihar,"04/2007
04/2007",44.0,FlashReport_February 2026
1913,Chhattisgarh,"04/2008
04/2008",72.0,FlashReport_February 2026
1914,Chhattisgarh,"04/2009
12/2009",86.0,FlashReport_February 2026
1915,Gujarat,"04/2017
04/2017",90.0,FlashReport_February 2026
1916,Gujarat,"04/1996
04/1996",93.0,FlashReport_February 2026
1917,Jharkhand,"04/2011
01/2012",70.0,FlashReport_February 2026
1918,Karnataka,"04/2014
04/2014",99.0,FlashReport_February 2026
1919,Madhya Pradesh,"04/2017
04/2017",49.0,FlashReport_February 2026
1920,Madhya Pradesh,"04/2008
01/2009",75.0,FlashReport_February 2026
1921,Madhya Pradesh,"04/2007
04/2007",81.0,FlashReport_February 2026
1922,Maharashtra,"04/2017
04/2017",52.0,FlashReport_February 2026
1923,Maharashtra,"04/2017
04/2018",76.0,FlashReport_February 2026
1924,Maharashtra,"04/2017
02/2019",80.0,FlashReport_February 2026
1925,Maharashtra,"04/2017
04/2018",69.0,FlashReport_February 2026
1926,Maharashtra,"04/2017
04/2018",91.0,FlashReport_February 2026
1927,Maharashtra,"05/2002
01/2017",49.0,FlashReport_February 2026
1928,Maharashtra,"04/1996
04/1996",89.0,FlashReport_February 2026
1929,Maharashtra,"04/2008
04/2008",72.0,FlashReport_February 2026
1930,Maharashtra,"04/2009
01/2010",97.0,FlashReport_February 2026
1931,Maharashtra,"04/2008
04/2008",65.0,FlashReport_February 2026
1932,Maharashtra,"04/2009
04/2009",72.0,FlashReport_February 2026
1933,Manipur,"04/1997
04/1997",98.0,FlashReport_February 2026
1934,"Multi-States
(Bihar, Jharkhand)","08/2017
01/2021",38.0,FlashReport_February 2026
1935,"Multi-States
(Madhya Pradesh,
Uttar Pradesh)","NA
03/2022",0.0,FlashReport_February 2026
1936,Odisha,"04/1997
01/1998",62.0,FlashReport_February 2026
1937,Odisha,"NA
01/1998",95.0,FlashReport_February 2026
1938,Odisha,"04/2003
01/2004",79.0,FlashReport_February 2026
1939,Punjab,"02/2016
04/2018",85.0,FlashReport_February 2026
1940,Punjab,"02/2010
04/2018",88.0,FlashReport_February 2026
1941,Telangana,"NA
04/2005",97.0,FlashReport_February 2026
1942,Telangana,"NA
01/2006",92.0,FlashReport_February 2026
1943,Telangana,"04/2006
04/2006",87.0,FlashReport_February 2026
1944,Telangana,"04/2007
01/2008",100.0,FlashReport_February 2026
1945,Uttar Pradesh,"04/2017
04/2017",1.0,FlashReport_February 2026
1946,Uttar Pradesh,"04/2007
12/2007",31.0,FlashReport_February 2026
1947,Uttar Pradesh,"04/2008
04/2008",82.0,FlashReport_February 2026
1948,Uttarakhand,"10/2023
11/2023",21.0,FlashReport_February 2026
1,,,,FlashReport_January 2026
2,,,,FlashReport_January 2026
3,,,,FlashReport_January 2026
4,,,,FlashReport_January 2026
5,,,,FlashReport_January 2026
6,,,,FlashReport_January 2026
7,,,,FlashReport_January 2026
8,,,,FlashReport_January 2026
9,,,,FlashReport_January 2026
10,,,,FlashReport_January 2026
11,,,,FlashReport_January 2026
12,,,,FlashReport_January 2026
13,,,,FlashReport_January 2026
14,,,,FlashReport_January 2026
15,,,,FlashReport_January 2026
16,,,,FlashReport_January 2026
17,,,,FlashReport_January 2026
Total,,,,FlashReport_January 2026
1,,,,FlashReport_January 2026
2,,,,FlashReport_January 2026
3,,,,FlashReport_January 2026
4,,,,FlashReport_January 2026
5,,,,FlashReport_January 2026
6,,,,FlashReport_January 2026
6,,,,FlashReport_January 2026
7,,,,FlashReport_January 2026
8,,,,FlashReport_January 2026
9,,,,FlashReport_January 2026
10,,,,FlashReport_January 2026
11,,,,FlashReport_January 2026
11,,,,FlashReport_January 2026
12,,,,FlashReport_January 2026
13,,,,FlashReport_January 2026
14,,,,FlashReport_January 2026
15,,,,FlashReport_January 2026
15,,,,FlashReport_January 2026
16,,,,FlashReport_January 2026
17,,,,FlashReport_January 2026
18,,,,FlashReport_January 2026
19,,,,FlashReport_January 2026
19,,,,FlashReport_January 2026
20,,,,FlashReport_January 2026
21,,,,FlashReport_January 2026
22,,,,FlashReport_January 2026
23,,,,FlashReport_January 2026
24,,,,FlashReport_January 2026
24,,,,FlashReport_January 2026
25,,,,FlashReport_January 2026
26,,,,FlashReport_January 2026
27,,,,FlashReport_January 2026
28,,,,FlashReport_January 2026
29,,,,FlashReport_January 2026
29,,,,FlashReport_January 2026
30,,,,FlashReport_January 2026
31,,,,FlashReport_January 2026
32,,,,FlashReport_January 2026
33,,,,FlashReport_January 2026
33,,,,FlashReport_January 2026
34,,,,FlashReport_January 2026
35,,,,FlashReport_January 2026
1,Jammu and Kashmir,"04/2023
04/2023",,FlashReport_January 2026
2,Gujarat,"03/2023
03/2023",,FlashReport_January 2026
3,"Multi-States (Bihar,
Jharkhand)","11/2016
08/2018",,FlashReport_January 2026
1,Haryana,"05/2018
12/2021",,FlashReport_January 2026
2,Odisha,01/2024,,FlashReport_January 2026
3,Gujarat,07/2025,,FlashReport_January 2026
4,Madhya Pradesh,"02/2025
02/2025",,FlashReport_January 2026
5,Madhya Pradesh,"05/2025
05/2025",,FlashReport_January 2026
6,Maharashtra,"08/2025
08/2025",,FlashReport_January 2026
7,Bihar,"03/2019
10/2022",,FlashReport_January 2026
8,Chhattisgarh,"02/2023
10/2023",,FlashReport_January 2026
9,Chhattisgarh,"10/2023
10/2023",,FlashReport_January 2026
10,Chhattisgarh,"02/2020
09/2024",,FlashReport_January 2026
11,Gujarat,"09/2022
09/2022",,FlashReport_January 2026
12,Gujarat,"04/2022
10/2022",,FlashReport_January 2026
13,Jharkhand,"09/2023
02/2024",,FlashReport_January 2026
14,Jharkhand,"06/2018
03/2023",,FlashReport_January 2026
15,Madhya Pradesh,"12/2021
11/2022",,FlashReport_January 2026
16,Madhya Pradesh,"08/2023
10/2023",,FlashReport_January 2026
17,Punjab,"11/2019
07/2027",,FlashReport_January 2026
18,Punjab,"01/2020
03/2026",,FlashReport_January 2026
19,Sikkim,"10/2018
12/2018",,FlashReport_January 2026
20,Uttarakhand,"10/2022
02/2024",,FlashReport_January 2026
21,Uttarakhand,"08/2021
04/2023",,FlashReport_January 2026
22,Delhi,"01/2026
01/2026",,FlashReport_January 2026
45,Arunachal Pradesh,"02/2024
07/2025",,FlashReport_January 2026
46,Assam,"08/2024
01/2026",,FlashReport_January 2026
47,Assam,"02/2024
08/2025",,FlashReport_January 2026
48,Assam,"03/2024
09/2025",,FlashReport_January 2026
49,Assam,"02/2024
09/2025",,FlashReport_January 2026
50,Assam,"03/2025
12/2025",,FlashReport_January 2026
51,Bihar,"09/2022
01/2026",,FlashReport_January 2026
52,Bihar,"03/2023
09/2025",,FlashReport_January 2026
53,Bihar,"03/2023
09/2025",,FlashReport_January 2026
54,Bihar,"03/2023
10/2025",,FlashReport_January 2026
55,Bihar,"03/2023
10/2025",,FlashReport_January 2026
56,Bihar,"03/2025
10/2025",,FlashReport_January 2026
57,Bihar,"10/2024
01/2026",,FlashReport_January 2026
58,Bihar,"03/2022
03/2024",,FlashReport_January 2026
59,Bihar,"06/2022
02/2024",,FlashReport_January 2026
60,Bihar,"10/2022
12/2023",,FlashReport_January 2026
61,Chhattisgarh,"12/2019
12/2020",,FlashReport_January 2026
62,Chhattisgarh,04/2016,,FlashReport_January 2026
63,Chhattisgarh,"12/2022
03/2025",,FlashReport_January 2026
64,Gujarat,"03/2024
08/2025",,FlashReport_January 2026
65,Gujarat,"03/2024
09/2025",,FlashReport_January 2026
66,Gujarat,"03/2024
08/2025",,FlashReport_January 2026
67,Gujarat,"02/2024
12/2025",,FlashReport_January 2026
68,Gujarat,"03/2024
02/2025",,FlashReport_January 2026
69,Gujarat,"03/2023
11/2025",,FlashReport_January 2026
70,Gujarat,"03/2023
11/2025",,FlashReport_January 2026
71,Gujarat,05/2017,,FlashReport_January 2026
72,Gujarat,02/2017,,FlashReport_January 2026
73,Gujarat,02/2017,,FlashReport_January 2026
74,Gujarat,"01/2019
02/2020",,FlashReport_January 2026
75,Haryana,"02/2023
10/2023",,FlashReport_January 2026
76,Haryana,"01/2019
07/2020",,FlashReport_January 2026
77,Himachal Pradesh,"02/2023
03/2025",,FlashReport_January 2026
78,Jammu and Kashmir,"03/2024
08/2024",,FlashReport_January 2026
79,Jammu and Kashmir,"03/2024
01/2026",,FlashReport_January 2026
80,Jharkhand,"03/2023
11/2025",,FlashReport_January 2026
81,Jharkhand,"01/2025
09/2025",,FlashReport_January 2026
82,Jharkhand,"11/2024
01/2026",,FlashReport_January 2026
83,Jharkhand,"01/2025
12/2025",,FlashReport_January 2026
84,Jharkhand,"03/2023
01/2026",,FlashReport_January 2026
85,Karnataka,"12/2020
09/2021",,FlashReport_January 2026
86,Karnataka,06/2011,,FlashReport_January 2026
87,Karnataka,"02/2020
02/2021",,FlashReport_January 2026
88,Karnataka,"02/2023
12/2025",,FlashReport_January 2026
89,Karnataka,"02/2024
03/2025",,FlashReport_January 2026
90,Karnataka,"02/2024
08/2024",,FlashReport_January 2026
91,Karnataka,"11/2024
01/2026",,FlashReport_January 2026
92,Karnataka,"01/2023
02/2024",,FlashReport_January 2026
93,Karnataka,"12/2022
08/2025",,FlashReport_January 2026
94,Karnataka,"11/2022
07/2025",,FlashReport_January 2026
95,Karnataka,"03/2023
07/2025",,FlashReport_January 2026
96,Karnataka,"03/2018
12/2018",,FlashReport_January 2026
97,Karnataka,03/2017,,FlashReport_January 2026
98,Karnataka,"02/2018
12/2019",,FlashReport_January 2026
99,Karnataka,03/2017,,FlashReport_January 2026
100,Karnataka,"03/2023
11/2024",,FlashReport_January 2026
101,Karnataka,"02/2024
09/2025",,FlashReport_January 2026
102,Karnataka,"02/2024
06/2025",,FlashReport_January 2026
103,Karnataka,08/2017,,FlashReport_January 2026
104,Karnataka,02/2016,,FlashReport_January 2026
105,Karnataka,"03/2018
03/2019",,FlashReport_January 2026
106,Madhya Pradesh,"01/2023
03/2024",,FlashReport_January 2026
107,Madhya Pradesh,"01/2020
08/2021",,FlashReport_January 2026
108,Madhya Pradesh,"02/2024
12/2025",,FlashReport_January 2026
109,Madhya Pradesh,"03/2022
01/2024",,FlashReport_January 2026
110,Madhya Pradesh,"02/2023
10/2024",,FlashReport_January 2026
111,Madhya Pradesh,"10/2024
11/2025",,FlashReport_January 2026
112,Madhya Pradesh,"10/2024
10/2025",,FlashReport_January 2026
113,Madhya Pradesh,"03/2025
12/2025",,FlashReport_January 2026
114,Madhya Pradesh,"10/2024
11/2025",,FlashReport_January 2026
115,Madhya Pradesh,"10/2024
10/2025",,FlashReport_January 2026
116,Madhya Pradesh,"03/2025
01/2026",,FlashReport_January 2026
117,Madhya Pradesh,"02/2024
01/2026",,FlashReport_January 2026
118,Madhya Pradesh,"03/2024
08/2025",,FlashReport_January 2026
119,Madhya Pradesh,"03/2025
01/2026",,FlashReport_January 2026
120,Madhya Pradesh,"02/2024
08/2025",,FlashReport_January 2026
121,Maharashtra,"02/2025
07/2025",,FlashReport_January 2026
122,Maharashtra,10/2010,,FlashReport_January 2026
123,Maharashtra,"01/2025
07/2025",,FlashReport_January 2026
124,Maharashtra,"02/2023
09/2024",,FlashReport_January 2026
125,Maharashtra,"03/2025
01/2026",,FlashReport_January 2026
126,Maharashtra,"03/2024
10/2025",,FlashReport_January 2026
127,Maharashtra,"12/2024
09/2025",,FlashReport_January 2026
128,Maharashtra,"03/2025
10/2025",,FlashReport_January 2026
129,Maharashtra,"03/2024
03/2025",,FlashReport_January 2026
130,Manipur,"06/2020
11/2025",,FlashReport_January 2026
131,Manipur,"04/2020
08/2025",,FlashReport_January 2026
132,Meghalaya,"03/2023
09/2025",,FlashReport_January 2026
133,Mizoram,"12/2021
07/2025",,FlashReport_January 2026
134,Mizoram,"12/2021
07/2025",,FlashReport_January 2026
135,Mizoram,"11/2021
07/2025",,FlashReport_January 2026
136,Mizoram,"12/2021
07/2025",,FlashReport_January 2026
137,Mizoram,"02/2024
10/2025",,FlashReport_January 2026
138,Mizoram,"02/2024
11/2025",,FlashReport_January 2026
139,Mizoram,"01/2024
12/2025",,FlashReport_January 2026
140,Mizoram,"02/2023
10/2025",,FlashReport_January 2026
141,"Multi-States (Andhra Pradesh,
Tamil Nadu)","12/2024
09/2025",,FlashReport_January 2026
142,"Multi-States (Andhra Pradesh,
Tamil Nadu)","12/2017
03/2018",,FlashReport_January 2026
143,"Multi-States (Andhra Pradesh,
Telangana)","03/2023
03/2025",,FlashReport_January 2026
144,"Multi-States (Bihar,
Jharkhand)","03/2023
07/2025",,FlashReport_January 2026
145,"Multi-States (Bihar, Uttar
Pradesh)","03/2024
08/2025",,FlashReport_January 2026
146,"Multi-States (Bihar, Uttar
Pradesh)","10/2022
08/2023",,FlashReport_January 2026
147,"Multi-States (Bihar, West
Bengal)","01/2025
12/2025",,FlashReport_January 2026
148,"Multi-States (Haryana,
Punjab)","02/2023
12/2023",,FlashReport_January 2026
149,"Multi-States (Haryana, Uttar
Pradesh)","03/2024
08/2025",,FlashReport_January 2026
150,"Multi-States (Jharkhand, West
Bengal)","03/2023
09/2025",,FlashReport_January 2026
151,"Multi-States (Jharkhand, West
Bengal)","02/2025
02/2026",,FlashReport_January 2026
152,"Multi-States (Jharkhand, West
Bengal)",12/2017,,FlashReport_January 2026
153,"Multi-States (Kerala,
Puducherry)","09/2017
12/2017",,FlashReport_January 2026
154,"Multi-States (Madhya
Pradesh, Maharashtra)","12/2022
03/2024",,FlashReport_January 2026
155,"Multi-States (Madhya
Pradesh, Uttar Pradesh)","10/2024
09/2025",,FlashReport_January 2026
156,"Multi-States (Uttar Pradesh,
Uttarakhand)","04/2025
10/2025",,FlashReport_January 2026
157,Odisha,12/2011,,FlashReport_January 2026
158,Odisha,"09/2023
11/2024",,FlashReport_January 2026
159,Odisha,"02/2023
05/2025",,FlashReport_January 2026
160,Punjab,"11/2024
07/2025",,FlashReport_January 2026
161,Punjab,"03/2021
06/2024",,FlashReport_January 2026
162,Punjab,"07/2021
09/2025",,FlashReport_January 2026
163,Rajasthan,"03/2025
12/2025",,FlashReport_January 2026
164,Tamil Nadu,08/2006,,FlashReport_January 2026
165,Tamil Nadu,10/2006,,FlashReport_January 2026
166,Tamil Nadu,09/2010,,FlashReport_January 2026
167,Tamil Nadu,06/2011,,FlashReport_January 2026
168,Tamil Nadu,01/2008,,FlashReport_January 2026
169,Tamil Nadu,"03/2024
12/2024",,FlashReport_January 2026
170,Tamil Nadu,11/2006,,FlashReport_January 2026
171,Tamil Nadu,"03/2023
11/2023",,FlashReport_January 2026
172,Telangana,03/2014,,FlashReport_January 2026
173,Telangana,"03/2023
06/2025",,FlashReport_January 2026
174,Telangana,"03/2023
06/2025",,FlashReport_January 2026
175,Telangana,"03/2023
07/2025",,FlashReport_January 2026
196,Uttarakhand,"01/2024
10/2025",,FlashReport_January 2026
197,Uttarakhand,"02/2022
12/2025",,FlashReport_January 2026
198,Uttarakhand,"05/2025
10/2025",,FlashReport_January 2026
199,Uttarakhand,"02/2025
01/2026",,FlashReport_January 2026
200,Uttarakhand,"06/2022
03/2023",,FlashReport_January 2026
201,West Bengal,"11/2023
11/2025",,FlashReport_January 2026
202,West Bengal,"03/2023
12/2025",,FlashReport_January 2026
203,West Bengal,"03/2025
11/2025",,FlashReport_January 2026
1,Assam,"12/2016
03/2018",96.0,FlashReport_January 2026
2,Manipur,"11/2021
07/2022",43.0,FlashReport_January 2026
3,Sikkim,"11/2023
12/2023",25.0,FlashReport_January 2026
4,Assam,"07/2022
07/2022",88.0,FlashReport_January 2026
5,Assam,"11/2022
11/2022",3.0,FlashReport_January 2026
6,Arunachal Pradesh,"09/2009
03/2013",80.0,FlashReport_January 2026
7,Assam,"05/2019
06/2021",97.0,FlashReport_January 2026
8,Mizoram,"09/2009
06/2014",4.0,FlashReport_January 2026
9,Nagaland,"09/2009
12/2014",98.0,FlashReport_January 2026
10,Sikkim,"08/2020
01/2022",89.0,FlashReport_January 2026
11,Sikkim,"02/2024
03/2024",25.0,FlashReport_January 2026
12,Manipur,"NA
01/2022",96.0,FlashReport_January 2026
13,Arunachal Pradesh,"02/2023
02/2023",16.0,FlashReport_January 2026
14,Arunachal Pradesh,"12/2024
05/2025",3.0,FlashReport_January 2026
15,Arunachal Pradesh,"12/2024
05/2025",2.0,FlashReport_January 2026
16,"Multi-States (Arunachal
Pradesh, Assam)","09/2003
01/2005",97.0,FlashReport_January 2026
17,Sikkim,"03/2019
03/2020",71.0,FlashReport_January 2026
18,Sikkim,"03/2021
08/2021",94.0,FlashReport_January 2026
19,Arunachal Pradesh,"08/2025
08/2025",0.0,FlashReport_January 2026
20,"Multi-States (Arunachal
Pradesh, Sikkim)","10/2014
10/2014",83.0,FlashReport_January 2026
21,"Multi-States (Assam,
Manipur, Meghalaya,
Mizoram, Nagaland,
Tripura)","12/2014
03/2016",96.0,FlashReport_January 2026
22,Assam,"03/2023
03/2023",59.0,FlashReport_January 2026
23,Assam,"03/2023
03/2023",71.0,FlashReport_January 2026
24,Assam,"01/2019
01/2019",90.0,FlashReport_January 2026
25,Mizoram,"07/2024
07/2024",26.0,FlashReport_January 2026
26,Tripura,"06/2022
06/2022",94.0,FlashReport_January 2026
27,Assam,"05/2021
05/2021",90.0,FlashReport_January 2026
28,Assam,"07/2020
07/2020",81.0,FlashReport_January 2026
29,Assam,"01/2018
01/2018",94.0,FlashReport_January 2026
30,Assam,"12/2022
12/2022",53.0,FlashReport_January 2026
31,Assam,"12/2020
12/2020",89.0,FlashReport_January 2026
32,Assam,"12/2024
12/2024",18.0,FlashReport_January 2026
33,Assam,"06/2021
06/2021",99.0,FlashReport_January 2026
34,Assam,"04/2022
04/2022",76.0,FlashReport_January 2026
35,Assam,"06/2022
06/2022",50.0,FlashReport_January 2026
36,Assam,"01/2023
01/2023",51.0,FlashReport_January 2026
37,Assam,"09/2023
09/2023",49.0,FlashReport_January 2026
38,Assam,"08/2021
08/2021",70.0,FlashReport_January 2026
39,Assam,"04/2023
04/2023",99.0,FlashReport_January 2026
40,"Multi-States (Arunachal
Pradesh, Assam,
Manipur, Meghalaya,
Mizoram, Nagaland,
Sikkim, Tripura)","04/2020
04/2020",86.0,FlashReport_January 2026
41,Nagaland,"08/2023
08/2023",31.0,FlashReport_January 2026
42,Tripura,"03/2022
03/2022",66.0,FlashReport_January 2026
43,Sikkim,"10/2018
12/2018",88.0,FlashReport_January 2026
44,Assam,"12/2017
10/2021",96.0,FlashReport_January 2026
45,Assam,"09/2016
09/2016",93.0,FlashReport_January 2026
46,Assam,"09/2020
09/2018",89.0,FlashReport_January 2026
47,Assam,"09/2018
01/2022",0.0,FlashReport_January 2026
48,Assam,"09/2018
01/2022",0.0,FlashReport_January 2026
49,Assam,"09/2025
09/2025",0.0,FlashReport_January 2026
50,Manipur,"03/2013
12/2007",72.0,FlashReport_January 2026
51,"Multi-States (Arunachal
Pradesh, Assam)","02/2011
03/2023",66.0,FlashReport_January 2026
52,"Multi-States (Assam,
Nagaland)","08/2015
02/2016",40.0,FlashReport_January 2026
53,"Multi-States (Assam,
Nagaland)","02/2024
01/2025",1.0,FlashReport_January 2026
54,Sikkim,"10/2009
05/2010",90.0,FlashReport_January 2026
55,Arunachal Pradesh,"06/2020
12/2021",48.0,FlashReport_January 2026
56,Arunachal Pradesh,"03/2019
11/2020",96.0,FlashReport_January 2026
57,Arunachal Pradesh,"02/2024
07/2025",1.0,FlashReport_January 2026
58,Arunachal Pradesh,"02/2024
03/2025",10.0,FlashReport_January 2026
59,Arunachal Pradesh,"02/2024
01/2025",22.0,FlashReport_January 2026
60,Arunachal Pradesh,"01/2024
01/2025",27.0,FlashReport_January 2026
61,Arunachal Pradesh,"01/2017
05/2021",93.0,FlashReport_January 2026
62,Arunachal Pradesh,"02/2017
10/2020",99.0,FlashReport_January 2026
63,Arunachal Pradesh,"02/2017
10/2020",98.0,FlashReport_January 2026
82,Assam,"03/2023
08/2023",79.0,FlashReport_January 2026
83,Assam,"03/2023
08/2023",85.0,FlashReport_January 2026
84,Assam,"03/2023
08/2023",82.0,FlashReport_January 2026
85,Assam,"12/2023
03/2024",71.0,FlashReport_January 2026
86,Assam,"03/2023
09/2024",54.0,FlashReport_January 2026
87,Assam,"03/2022
04/2023",61.0,FlashReport_January 2026
88,Assam,"03/2024
04/2025",10.0,FlashReport_January 2026
89,Assam,"03/2023
02/2025",17.0,FlashReport_January 2026
90,Assam,"02/2024
09/2025",0.0,FlashReport_January 2026
91,Assam,"03/2025
12/2025",0.0,FlashReport_January 2026
92,Assam,"03/2023
12/2023",46.0,FlashReport_January 2026
93,Assam,"03/2023
12/2023",45.0,FlashReport_January 2026
94,Assam,"03/2023
12/2023",71.0,FlashReport_January 2026
95,Assam,"03/2021
10/2023",100.0,FlashReport_January 2026
96,Assam,"09/2021
11/2021",74.0,FlashReport_January 2026
97,Assam,"11/2023
12/2024",8.0,FlashReport_January 2026
98,Assam,"02/2024
02/2025",11.0,FlashReport_January 2026
99,Assam,"03/2020
06/2020",97.0,FlashReport_January 2026
100,Assam,"03/2023
08/2024",46.0,FlashReport_January 2026
101,Assam,"02/2024
08/2025",0.0,FlashReport_January 2026
102,Assam,"02/2024
04/2025",6.0,FlashReport_January 2026
103,Assam,"03/2024
09/2025",0.0,FlashReport_January 2026
104,Assam,"03/2023
02/2024",79.0,FlashReport_January 2026
105,Assam,"02/2023
01/2024",0.0,FlashReport_January 2026
106,Assam,"11/2021
01/2023",0.0,FlashReport_January 2026
107,Assam,"01/2023
11/2023",92.0,FlashReport_January 2026
108,Assam,"09/2021
07/2022",0.0,FlashReport_January 2026
109,Assam,"10/2014
10/2024",62.0,FlashReport_January 2026
110,Assam,"03/2022
01/2023",89.0,FlashReport_January 2026
111,Assam,"10/2014
10/2024",47.0,FlashReport_January 2026
112,Assam,"02/2023
02/2024",63.0,FlashReport_January 2026
113,Assam,"02/2020
12/2020",0.0,FlashReport_January 2026
114,Assam,"02/2020
09/2020",0.0,FlashReport_January 2026
115,Assam,"03/2022
01/2023",100.0,FlashReport_January 2026
116,Assam,"03/2022
12/2022",99.0,FlashReport_January 2026
136,Manipur,"04/2020
08/2025",0.0,FlashReport_January 2026
137,Manipur,"01/2023
12/2023",83.0,FlashReport_January 2026
138,Manipur,"12/2021
02/2023",87.0,FlashReport_January 2026
139,Manipur,"12/2021
11/2022",82.0,FlashReport_January 2026
140,Manipur,"09/2021
06/2022",79.0,FlashReport_January 2026
141,Manipur,"03/2021
09/2021",82.0,FlashReport_January 2026
142,Manipur,"03/2021
03/2025",55.0,FlashReport_January 2026
143,Manipur,"03/2023
03/2024",77.0,FlashReport_January 2026
144,Manipur,"09/2021
07/2023",90.0,FlashReport_January 2026
145,Manipur,"09/2021
08/2022",96.0,FlashReport_January 2026
146,Meghalaya,"12/2023
05/2025",0.0,FlashReport_January 2026
147,Meghalaya,"07/2020
05/2024",36.0,FlashReport_January 2026
148,Meghalaya,"07/2020
04/2024",45.0,FlashReport_January 2026
149,Meghalaya,"07/2020
02/2024",46.0,FlashReport_January 2026
150,Meghalaya,"07/2020
10/2023",78.0,FlashReport_January 2026
151,Meghalaya,"03/2023
09/2025",10.0,FlashReport_January 2026
152,Meghalaya,"03/2023
03/2025",13.0,FlashReport_January 2026
153,Meghalaya,"08/2020
02/2022",98.0,FlashReport_January 2026
154,Meghalaya,"09/2021
05/2022",74.0,FlashReport_January 2026
155,Meghalaya,"03/2023
09/2024",42.0,FlashReport_January 2026
156,Meghalaya,"03/2023
09/2024",34.0,FlashReport_January 2026
157,Meghalaya,"03/2023
09/2024",54.0,FlashReport_January 2026
158,Mizoram,"12/2021
11/2023",75.0,FlashReport_January 2026
159,Mizoram,"02/2023
12/2024",4.0,FlashReport_January 2026
160,Mizoram,"12/2021
07/2025",0.0,FlashReport_January 2026
161,Mizoram,"12/2021
07/2025",0.0,FlashReport_January 2026
162,Mizoram,"11/2021
07/2025",0.0,FlashReport_January 2026
163,Mizoram,"12/2021
07/2025",0.0,FlashReport_January 2026
164,Mizoram,"02/2024
10/2025",0.0,FlashReport_January 2026
165,Mizoram,"02/2024
11/2025",0.0,FlashReport_January 2026
166,Mizoram,"01/2024
12/2025",0.0,FlashReport_January 2026
167,Mizoram,"02/2023
10/2025",0.0,FlashReport_January 2026
168,Mizoram,"09/2019
10/2019",95.0,FlashReport_January 2026
169,Mizoram,"09/2019
10/2019",97.0,FlashReport_January 2026
170,Mizoram,"09/2019
12/2019",98.0,FlashReport_January 2026
171,Mizoram,"09/2019
10/2020",100.0,FlashReport_January 2026
172,Mizoram,"09/2019
03/2020",99.0,FlashReport_January 2026
173,Mizoram,"09/2019
10/2019",99.0,FlashReport_January 2026
174,Mizoram,"09/2021
09/2023",95.0,FlashReport_January 2026
175,Mizoram,"03/2020
07/2020",0.0,FlashReport_January 2026
176,Mizoram,"03/2020
07/2020",0.0,FlashReport_January 2026
177,Mizoram,"03/2021
06/2021",64.0,FlashReport_January 2026
178,Mizoram,"06/2021
07/2021",61.0,FlashReport_January 2026
179,Nagaland,"12/2022
08/2023",78.0,FlashReport_January 2026
180,Nagaland,"12/2022
08/2023",80.0,FlashReport_January 2026
181,Nagaland,"12/2022
08/2023",38.0,FlashReport_January 2026
182,Nagaland,"03/2021
07/2022",85.0,FlashReport_January 2026
183,Nagaland,"03/2020
11/2023",91.0,FlashReport_January 2026
184,Nagaland,"03/2020
01/2024",29.0,FlashReport_January 2026
185,Nagaland,"03/2016
09/2023",0.0,FlashReport_January 2026
186,Nagaland,"02/2017
09/2017",0.0,FlashReport_January 2026
187,Nagaland,"07/2020
10/2020",34.0,FlashReport_January 2026
188,Nagaland,"07/2020
06/2023",35.0,FlashReport_January 2026
189,Nagaland,"07/2020
10/2020",67.0,FlashReport_January 2026
190,Nagaland,"07/2020
11/2023",22.0,FlashReport_January 2026
191,Nagaland,"06/2020
06/2024",41.0,FlashReport_January 2026
192,Nagaland,"02/2021
06/2023",0.0,FlashReport_January 2026
193,Nagaland,"03/2018
09/2023",65.0,FlashReport_January 2026
194,Nagaland,"03/2021
09/2023",0.0,FlashReport_January 2026
195,Nagaland,"03/2018
08/2023",95.0,FlashReport_January 2026
196,Nagaland,"02/2021
06/2023",76.0,FlashReport_January 2026
197,Nagaland,"01/2021
09/2023",81.0,FlashReport_January 2026
198,Sikkim,"10/2021
05/2022",78.0,FlashReport_January 2026
199,Sikkim,"10/2020
05/2021",72.0,FlashReport_January 2026
200,Sikkim,"01/2021
02/2021",79.0,FlashReport_January 2026
201,Sikkim,"10/2020
12/2020",56.0,FlashReport_January 2026
202,Sikkim,"07/2020
10/2020",77.0,FlashReport_January 2026
203,Sikkim,"07/2020
10/2020",62.0,FlashReport_January 2026
204,Tripura,"01/2023
05/2023",61.0,FlashReport_January 2026
205,Tripura,"02/2020
09/2024",0.0,FlashReport_January 2026
206,Tripura,"02/2020
07/2020",0.0,FlashReport_January 2026
207,Tripura,"01/2024
12/2024",6.0,FlashReport_January 2026
208,Tripura,"01/2024
09/2024",6.0,FlashReport_January 2026
209,Tripura,"01/2024
09/2024",47.0,FlashReport_January 2026
210,Tripura,"01/2024
07/2024",0.0,FlashReport_January 2026
211,Tripura,"12/2023
09/2024",41.0,FlashReport_January 2026
212,Tripura,"02/2022
01/2023",0.0,FlashReport_January 2026
213,Tripura,"03/2023
03/2024",0.0,FlashReport_January 2026
214,Meghalaya,"09/2019
09/2020",99.0,FlashReport_January 2026
215,"Multi-States (Arunachal
Pradesh, Assam)","12/2020
10/2021",99.0,FlashReport_January 2026
216,Assam,"04/1996
12/1996",55.0,FlashReport_January 2026
217,Manipur,"04/1997
04/1997",98.0,FlashReport_January 2026
1,Andhra Pradesh,"03/2023
01/2024",50.0,FlashReport_January 2026
2,Andhra Pradesh,"06/2020
09/2020",87.0,FlashReport_January 2026
3,Andhra Pradesh,"12/2022
08/2023",73.0,FlashReport_January 2026
4,Assam,"12/2016
03/2018",96.0,FlashReport_January 2026
5,Bihar,"08/2024
04/2025",1.0,FlashReport_January 2026
6,Bihar,"07/2024
07/2024",53.0,FlashReport_January 2026
7,Bihar,"12/2018
10/2018",97.0,FlashReport_January 2026
8,Goa,"11/2017
12/2019",98.0,FlashReport_January 2026
9,Gujarat,"NA
07/2025",13.0,FlashReport_January 2026
10,Gujarat,"06/2022
07/2022",75.0,FlashReport_January 2026
11,"Jammu and
Kashmir","10/2023
12/2023",46.0,FlashReport_January 2026
12,Karnataka,"06/2023
01/2024",64.0,FlashReport_January 2026
13,Karnataka,"06/2023
02/2024",74.0,FlashReport_January 2026
14,Kerala,"06/2023
02/2024",39.0,FlashReport_January 2026
15,Ladakh,"07/2018
09/2018",78.0,FlashReport_January 2026
16,Manipur,"11/2021
07/2022",43.0,FlashReport_January 2026
17,"Multi-States
(Karnataka,
Maharashtra,
Telangana, Uttar
Pradesh)","12/2020
10/2022",77.0,FlashReport_January 2026
18,Rajasthan,"08/2025
10/2025",4.0,FlashReport_January 2026
19,Rajasthan,"06/2022
05/2023",95.0,FlashReport_January 2026
20,Rajasthan,"06/2023
11/2023",59.0,FlashReport_January 2026
21,Sikkim,"11/2023
12/2023",25.0,FlashReport_January 2026
22,Tamil Nadu,"05/2018
06/2023",29.0,FlashReport_January 2026
23,Uttar Pradesh,"07/2024
07/2024",22.0,FlashReport_January 2026
24,Uttar Pradesh,"06/2024
07/2024",32.0,FlashReport_January 2026
25,West Bengal,"08/2024
09/2024",17.0,FlashReport_January 2026
26,West Bengal,"03/2023
12/2023",53.0,FlashReport_January 2026
27,Assam,"07/2022
07/2022",88.0,FlashReport_January 2026
28,Assam,"11/2022
11/2022",3.0,FlashReport_January 2026
29,Chhattisgarh,"12/2020
12/2020",10.0,FlashReport_January 2026
30,Chhattisgarh,"08/2020
08/2020",55.0,FlashReport_January 2026
31,Chhattisgarh,"12/2020
12/2020",37.0,FlashReport_January 2026
32,Chhattisgarh,"03/2016
03/2016",78.0,FlashReport_January 2026
33,Chhattisgarh,"02/2015
02/2015",42.0,FlashReport_January 2026
34,Chhattisgarh,"07/2015
07/2015",78.0,FlashReport_January 2026
35,Chhattisgarh,"07/2016
07/2016",96.0,FlashReport_January 2026
36,Chhattisgarh,"05/2018
05/2018",54.0,FlashReport_January 2026
37,Chhattisgarh,"01/2023
01/2023",2.0,FlashReport_January 2026
38,Chhattisgarh,"10/2022
10/2022",40.0,FlashReport_January 2026
39,Chhattisgarh,"11/2024
11/2024",21.0,FlashReport_January 2026
40,Chhattisgarh,"01/2025
01/2025",21.0,FlashReport_January 2026
41,Jharkhand,"08/2022
08/2022",63.0,FlashReport_January 2026
42,Jharkhand,"01/2022
01/2022",46.0,FlashReport_January 2026
43,Jharkhand,"01/2022
01/2022",22.0,FlashReport_January 2026
44,Jharkhand,"03/2024
03/2024",16.0,FlashReport_January 2026
45,Jharkhand,"08/2020
08/2020",24.0,FlashReport_January 2026
46,Jharkhand,"08/2020
08/2020",42.0,FlashReport_January 2026
47,Jharkhand,"03/2016
11/2019",87.0,FlashReport_January 2026
48,Jharkhand,"08/2020
08/2020",38.0,FlashReport_January 2026
49,Jharkhand,"07/2021
07/2021",68.0,FlashReport_January 2026
50,Jharkhand,"01/2021
01/2021",21.0,FlashReport_January 2026
51,Jharkhand,"11/2020
11/2020",10.0,FlashReport_January 2026
52,Jharkhand,"05/2021
05/2021",26.0,FlashReport_January 2026
53,Jharkhand,"02/2020
02/2020",42.0,FlashReport_January 2026
54,Jharkhand,"12/2009
12/2009",77.0,FlashReport_January 2026
86,Maharashtra,"01/2022
01/2022",68.0,FlashReport_January 2026
87,Maharashtra,"08/2020
08/2020",20.0,FlashReport_January 2026
88,Maharashtra,"05/2019
09/2022",24.0,FlashReport_January 2026
89,Maharashtra,"06/2022
06/2022",11.0,FlashReport_January 2026
90,Maharashtra,"05/2022
05/2022",6.0,FlashReport_January 2026
91,Maharashtra,"04/2021
04/2021",8.0,FlashReport_January 2026
92,Maharashtra,"01/2023
09/2023",2.0,FlashReport_January 2026
93,Maharashtra,"12/2022
12/2022",4.0,FlashReport_January 2026
94,Maharashtra,"10/2023
10/2023",2.0,FlashReport_January 2026
95,Maharashtra,"03/2021
03/2021",5.0,FlashReport_January 2026
96,Maharashtra,"04/2024
04/2024",2.0,FlashReport_January 2026
97,Maharashtra,"08/2023
06/2024",0.0,FlashReport_January 2026
98,Maharashtra,"02/2017
09/2022",7.0,FlashReport_January 2026
99,Maharashtra,"06/2024
06/2024",0.0,FlashReport_January 2026
100,Maharashtra,"08/2016
08/2016",79.0,FlashReport_January 2026
101,Maharashtra,"11/2018
01/2019",87.0,FlashReport_January 2026
102,Maharashtra,"09/2018
09/2018",98.0,FlashReport_January 2026
103,Maharashtra,"11/2018
11/2018",86.0,FlashReport_January 2026
104,Maharashtra,"09/2024
09/2024",0.0,FlashReport_January 2026
105,Maharashtra,"01/2024
01/2025",0.0,FlashReport_January 2026
106,Maharashtra,"06/2024
02/2025",0.0,FlashReport_January 2026
107,Maharashtra,"08/2025
08/2025",0.0,FlashReport_January 2026
108,"Multi-States
(Jharkhand, West
Bengal)","08/2009
08/2009",43.0,FlashReport_January 2026
109,"Multi-States
(Madhya Pradesh,
Uttar Pradesh)","08/2020
08/2020",89.0,FlashReport_January 2026
110,"Multi-States
(Madhya Pradesh,
Uttar Pradesh)","06/2021
06/2021",53.0,FlashReport_January 2026
111,Odisha,"05/2021
05/2021",43.0,FlashReport_January 2026
112,Odisha,"02/2021
02/2021",57.0,FlashReport_January 2026
113,Odisha,"08/2020
08/2020",53.0,FlashReport_January 2026
114,Odisha,"04/2022
04/2022",31.0,FlashReport_January 2026
115,Odisha,"05/2018
05/2018",72.0,FlashReport_January 2026
116,Odisha,"11/2018
11/2018",48.0,FlashReport_January 2026
117,Odisha,"05/2014
05/2014",66.0,FlashReport_January 2026
118,Odisha,"03/2020
03/2020",80.0,FlashReport_January 2026
119,Odisha,"04/2023
04/2023",4.0,FlashReport_January 2026
120,Odisha,"03/2024
03/2024",30.0,FlashReport_January 2026
121,Odisha,"11/2022
11/2022",26.0,FlashReport_January 2026
122,Odisha,"04/2023
04/2023",12.0,FlashReport_January 2026
123,Odisha,"10/2022
05/2023",70.0,FlashReport_January 2026
124,Telangana,"12/2021
12/2021",20.0,FlashReport_January 2026
125,Telangana,"03/2016
05/2017",75.0,FlashReport_January 2026
126,Telangana,"07/2019
05/2019",71.0,FlashReport_January 2026
127,Telangana,"08/2017
12/2022",80.0,FlashReport_January 2026
128,Telangana,"07/2021
08/2021",28.0,FlashReport_January 2026
129,Telangana,"10/2020
06/2020",97.0,FlashReport_January 2026
130,Telangana,"08/2017
09/2017",63.0,FlashReport_January 2026
131,West Bengal,"11/2020
11/2020",31.0,FlashReport_January 2026
132,West Bengal,"08/2021
08/2021",17.0,FlashReport_January 2026
133,West Bengal,"08/2018
08/2018",27.0,FlashReport_January 2026
134,West Bengal,"05/2018
05/2018",14.0,FlashReport_January 2026
135,West Bengal,"01/2023
01/2023",11.0,FlashReport_January 2026
136,West Bengal,"04/2020
04/2020",45.0,FlashReport_January 2026
137,West Bengal,"07/2021
07/2021",18.0,FlashReport_January 2026
138,West Bengal,"12/2015
03/2019",97.0,FlashReport_January 2026
139,West Bengal,"12/2023
12/2023",8.0,FlashReport_January 2026
140,West Bengal,"04/2020
04/2020",16.0,FlashReport_January 2026
141,West Bengal,"01/2023
01/2023",22.0,FlashReport_January 2026
142,West Bengal,"11/2024
11/2024",0.0,FlashReport_January 2026
143,Gujarat,"07/2022
01/2024",51.0,FlashReport_January 2026
144,Gujarat,"08/2023
06/2024",28.0,FlashReport_January 2026
145,Gujarat,"07/2022
03/2024",0.0,FlashReport_January 2026
146,Gujarat,"07/2022
04/2024",1.0,FlashReport_January 2026
147,Odisha,"01/2017
01/2024",1.0,FlashReport_January 2026
148,Rajasthan,"07/2022
03/2023",100.0,FlashReport_January 2026
149,Tamil Nadu,"08/2023
02/2024",100.0,FlashReport_January 2026
150,Uttar Pradesh,"07/2016
08/2016",94.0,FlashReport_January 2026
151,Chhattisgarh,"05/2018
03/2017",42.0,FlashReport_January 2026
152,Jharkhand,"02/2018
05/2022",66.0,FlashReport_January 2026
153,Jharkhand,"07/2016
10/2016",36.0,FlashReport_January 2026
154,Jharkhand,"02/2019
09/2019",59.0,FlashReport_January 2026
155,Arunachal Pradesh,"02/2023
02/2023",16.0,FlashReport_January 2026
156,Arunachal Pradesh,"12/2024
05/2025",3.0,FlashReport_January 2026
157,Arunachal Pradesh,"12/2024
05/2025",2.0,FlashReport_January 2026
158,Bihar,"03/2019
06/2019",93.0,FlashReport_January 2026
159,Bihar,"11/2024
03/2025",6.0,FlashReport_January 2026
160,Chhattisgarh,"08/2023
08/2023",23.0,FlashReport_January 2026
161,Chhattisgarh,"09/2024
09/2024",8.0,FlashReport_January 2026
162,Gujarat,"03/2021
05/2021",51.0,FlashReport_January 2026
163,Himachal Pradesh,"10/2020
05/2021",72.0,FlashReport_January 2026
164,Himachal Pradesh,"11/2020
11/2020",51.0,FlashReport_January 2026
165,Himachal Pradesh,"NA
04/2018",0.5,FlashReport_January 2026
166,Himachal Pradesh,"01/2023
01/2023",32.0,FlashReport_January 2026
167,"Jammu and
Kashmir","10/2014
02/2018",77.0,FlashReport_January 2026
168,"Jammu and
Kashmir","03/2019
02/2020",75.0,FlashReport_January 2026
169,"Jammu and
Kashmir","02/2021
01/2022",27.0,FlashReport_January 2026
170,"Jammu and
Kashmir","05/2022
11/2022",26.0,FlashReport_January 2026
171,Jharkhand,"11/2017
11/2017",86.0,FlashReport_January 2026
172,Jharkhand,"04/2023
11/2024",8.0,FlashReport_January 2026
173,Madhya Pradesh,"11/2024
05/2025",5.0,FlashReport_January 2026
174,"Multi-States
(Arunachal
Pradesh, Assam)","09/2003
01/2005",97.0,FlashReport_January 2026
175,Odisha,"08/2022
09/2022",44.0,FlashReport_January 2026
176,Sikkim,"03/2019
03/2020",71.0,FlashReport_January 2026
177,Sikkim,"03/2021
08/2021",94.0,FlashReport_January 2026
178,Uttar Pradesh,"03/2024
03/2024",13.0,FlashReport_January 2026
179,Uttarakhand,"11/2006
11/2006",77.0,FlashReport_January 2026
180,Uttarakhand,"07/2006
06/2011",99.0,FlashReport_January 2026
181,Uttarakhand,"08/2008
01/2014",75.0,FlashReport_January 2026
182,West Bengal,"01/2023
02/2025",6.0,FlashReport_January 2026
183,West Bengal,"09/2014
09/2014",52.0,FlashReport_January 2026
184,West Bengal,"06/2019
02/2021",94.0,FlashReport_January 2026
185,Andhra Pradesh,"09/2023
09/2023",93.0,FlashReport_January 2026
186,Andhra Pradesh,"05/2023
12/2023",83.0,FlashReport_January 2026
187,Andhra Pradesh,"03/2025
03/2025",12.0,FlashReport_January 2026
188,Arunachal Pradesh,"08/2025
08/2025",0.0,FlashReport_January 2026
189,Gujarat,"12/2023
12/2023",42.0,FlashReport_January 2026
190,Gujarat,"07/2023
07/2023",82.0,FlashReport_January 2026
191,Gujarat,"05/2024
05/2024",36.0,FlashReport_January 2026
192,Gujarat,"10/2024
10/2024",6.0,FlashReport_January 2026
193,Gujarat,"11/2024
11/2024",3.0,FlashReport_January 2026
194,Gujarat,"10/2024
10/2024",13.0,FlashReport_January 2026
195,Gujarat,"02/2025
02/2025",2.0,FlashReport_January 2026
196,Gujarat,"03/2025
03/2025",21.0,FlashReport_January 2026
197,Gujarat,"02/2025
02/2025",0.0,FlashReport_January 2026
198,Gujarat,"NA
10/2024",16.0,FlashReport_January 2026
199,Gujarat,"03/2025
03/2025",0.0,FlashReport_January 2026
200,Gujarat,"NA
12/2025",0.0,FlashReport_January 2026
201,Gujarat,"09/2024
09/2024",6.0,FlashReport_January 2026
202,Gujarat,"08/2024
08/2024",55.0,FlashReport_January 2026
203,Haryana,"06/2024
06/2024",6.0,FlashReport_January 2026
204,"Jammu and
Kashmir","07/2024
07/2024",1.0,FlashReport_January 2026
205,Jharkhand,"02/2012
02/2012",95.0,FlashReport_January 2026
206,Karnataka,"12/2023
12/2023",72.0,FlashReport_January 2026
207,Karnataka,"01/2025
01/2025",8.0,FlashReport_January 2026
208,Karnataka,"02/2025
02/2025",4.0,FlashReport_January 2026
209,Karnataka,"03/2025
03/2025",6.0,FlashReport_January 2026
210,Karnataka,"09/2025
09/2025",1.0,FlashReport_January 2026
211,Kerala,"08/2025
08/2025",0.0,FlashReport_January 2026
212,Madhya Pradesh,"10/2024
10/2024",26.0,FlashReport_January 2026
213,Madhya Pradesh,"08/2024
08/2024",48.0,FlashReport_January 2026
214,Madhya Pradesh,"06/2025
06/2025",2.0,FlashReport_January 2026
215,Madhya Pradesh,"10/2025
10/2025",1.0,FlashReport_January 2026
216,Madhya Pradesh,"03/2025
03/2025",12.0,FlashReport_January 2026
217,Maharashtra,"11/2023
11/2023",63.0,FlashReport_January 2026
218,Maharashtra,"NA
05/2025",5.0,FlashReport_January 2026
219,"Multi-States
(Andhra Pradesh,
Karnataka)","03/2025
03/2025",9.0,FlashReport_January 2026
220,"Multi-States
(Andhra Pradesh,
Karnataka)","08/2024
03/2025",32.0,FlashReport_January 2026
221,"Multi-States
(Andhra Pradesh,
Odisha)","02/2026
02/2026",0.0,FlashReport_January 2026
222,"Multi-States
(Andhra Pradesh,
Telangana)","11/2022
03/2023",99.0,FlashReport_January 2026
223,"Multi-States
(Arunachal
Pradesh, Sikkim)","10/2014
10/2014",83.0,FlashReport_January 2026
224,"Multi-States
(Assam, Manipur,
Meghalaya,
Mizoram,
Nagaland, Tripura)","12/2014
03/2016",96.0,FlashReport_January 2026
225,"Multi-States
(Bihar, Odisha,
West Bengal)","09/2024
09/2024",9.0,FlashReport_January 2026
226,"Multi-States
(Bihar, Uttar
Pradesh)","10/2025
10/2025",1.0,FlashReport_January 2026
227,"Multi-States
(Bihar, West
Bengal)","11/2024
11/2024",0.0,FlashReport_January 2026
228,"Multi-States
(Dadra & Nagar
Haveli and Daman
& Diu, Gujarat,
Maharashtra)","01/2022
07/2022",96.0,FlashReport_January 2026
229,"Multi-States (Delhi,
Rajasthan)","12/2022
12/2022",42.0,FlashReport_January 2026
230,"Multi-States (Delhi,
Rajasthan)","02/2024
02/2024",78.0,FlashReport_January 2026
231,"Multi-States
(Gujarat,
Maharashtra)","11/2024
11/2024",6.0,FlashReport_January 2026
232,"Multi-States
(Haryana, Punjab,
Rajasthan)","11/2024
11/2024",16.0,FlashReport_January 2026
233,"Multi-States
(Haryana,
Rajasthan)","11/2024
11/2024",23.0,FlashReport_January 2026
234,"Multi-States
(Karnataka,
Maharashtra)","10/2025
10/2025",1.0,FlashReport_January 2026
235,"Multi-States
(Karnataka,
Telangana)","02/2024
02/2024",82.0,FlashReport_January 2026
236,"Multi-States
(Madhya Pradesh,
Rajasthan)","08/2024
08/2024",31.0,FlashReport_January 2026
237,"Multi-States
(Madhya Pradesh,
Rajasthan)","08/2024
08/2024",33.0,FlashReport_January 2026
238,"Multi-States
(Madhya Pradesh,
Rajasthan)","03/2025
03/2025",12.0,FlashReport_January 2026
239,"Multi-States
(Madhya Pradesh,
Rajasthan, Uttar
Pradesh)","01/2025
01/2025",0.0,FlashReport_January 2026
240,"Multi-States
(Rajasthan, Uttar
Pradesh)","12/2023
12/2023",68.0,FlashReport_January 2026
241,"Multi-States
(Rajasthan, Uttar
Pradesh)","12/2024
12/2024",18.0,FlashReport_January 2026
242,Rajasthan,"11/2023
11/2023",84.0,FlashReport_January 2026
243,Rajasthan,"10/2023
10/2023",95.0,FlashReport_January 2026
244,Rajasthan,"10/2023
10/2023",96.0,FlashReport_January 2026
245,Rajasthan,"09/2023
09/2023",99.0,FlashReport_January 2026
246,Rajasthan,"12/2021
08/2023",99.0,FlashReport_January 2026
247,Rajasthan,"12/2023
12/2023",64.0,FlashReport_January 2026
248,Rajasthan,"08/2024
08/2024",37.0,FlashReport_January 2026
249,Rajasthan,"08/2024
08/2024",21.0,FlashReport_January 2026
250,Rajasthan,"08/2024
08/2024",45.0,FlashReport_January 2026
251,Rajasthan,"11/2024
11/2024",24.0,FlashReport_January 2026
252,Rajasthan,"03/2025
03/2025",3.0,FlashReport_January 2026
253,Tamil Nadu,"01/2025
01/2025",14.0,FlashReport_January 2026
254,Uttar Pradesh,"12/2024
12/2024",1.0,FlashReport_January 2026
255,Telangana,"03/2024
11/2024",15.0,FlashReport_January 2026
256,"Andaman &
Nicobar","07/2021
11/2021",70.0,FlashReport_January 2026
257,Delhi,"07/2016
05/2018",43.0,FlashReport_January 2026
258,Gujarat,"02/2016
06/2016",50.0,FlashReport_January 2026
259,Uttarakhand,"11/2019
08/2019",31.0,FlashReport_January 2026
260,Bihar,"02/2019
02/2019",48.0,FlashReport_January 2026
261,Delhi,"03/2024
03/2024",0.0,FlashReport_January 2026
262,Delhi,"01/2026
01/2026",0.0,FlashReport_January 2026
263,Delhi,"07/2019
07/2019",75.0,FlashReport_January 2026
264,Gujarat,"03/2019
04/2019",76.0,FlashReport_January 2026
265,Gujarat,"03/2019
03/2019",100.0,FlashReport_January 2026
266,Gujarat,"11/2014
02/2015",99.0,FlashReport_January 2026
267,Haryana,"07/2023
08/2024",0.0,FlashReport_January 2026
268,Karnataka,"02/2014
02/2016",95.0,FlashReport_January 2026
269,Karnataka,"06/2021
01/2019",61.0,FlashReport_January 2026
270,Kerala,"11/2022
11/2022",27.0,FlashReport_January 2026
271,Madhya Pradesh,"11/2018
11/2018",53.0,FlashReport_January 2026
272,Madhya Pradesh,"11/2018
11/2018",60.0,FlashReport_January 2026
273,Maharashtra,"10/2023
10/2023",35.0,FlashReport_January 2026
274,Maharashtra,"09/2024
09/2024",4.0,FlashReport_January 2026
275,Maharashtra,"09/2024
09/2024",5.0,FlashReport_January 2026
276,Maharashtra,"07/2025
07/2025",0.0,FlashReport_January 2026
277,Maharashtra,"12/2025
12/2025",0.0,FlashReport_January 2026
278,Maharashtra,"04/2018
03/2019",6.0,FlashReport_January 2026
279,Maharashtra,"04/2018
07/2020",70.0,FlashReport_January 2026
280,Maharashtra,"07/2013
06/2016",97.0,FlashReport_January 2026
281,Maharashtra,"12/2022
12/2022",33.0,FlashReport_January 2026
282,"Multi-States (Delhi,
Haryana)","01/2025
01/2025",0.0,FlashReport_January 2026
283,"Multi-States (Delhi,
Uttar Pradesh)","03/2019
03/2019",96.0,FlashReport_January 2026
284,Tamil Nadu,"10/2024
11/2020",48.0,FlashReport_January 2026
285,Uttar Pradesh,"09/2025
05/2026",0.0,FlashReport_January 2026
286,Uttar Pradesh,"05/2019
11/2019",79.0,FlashReport_January 2026
287,Uttar Pradesh,"05/2019
12/2020",67.0,FlashReport_January 2026
288,Andhra Pradesh,"02/2017
07/2018",82.0,FlashReport_January 2026
289,Bihar,"11/2016
02/2019",84.0,FlashReport_January 2026
290,"Dadra & Nagar
Haveli and Daman
& Diu","08/2020
12/2021",20.0,FlashReport_January 2026
291,Gujarat,"07/2020
03/2021",10.0,FlashReport_January 2026
292,Haryana,"03/2017
11/2017",88.0,FlashReport_January 2026
293,Haryana,"03/2017
10/2018",91.0,FlashReport_January 2026
294,Jharkhand,"02/2017
12/2018",74.0,FlashReport_January 2026
295,Jharkhand,"02/2017
12/2018",66.0,FlashReport_January 2026
296,Jharkhand,"02/2017
12/2018",79.0,FlashReport_January 2026
297,Karnataka,"12/2015
10/2016",80.0,FlashReport_January 2026
298,Karnataka,"11/2016
01/2018",65.0,FlashReport_January 2026
299,Madhya Pradesh,"12/2016
11/2017",99.0,FlashReport_January 2026
300,Madhya Pradesh,"10/2018
12/2017",96.0,FlashReport_January 2026
301,Madhya Pradesh,"11/2015
12/2016",90.0,FlashReport_January 2026
302,Madhya Pradesh,"05/2016
11/2017",90.0,FlashReport_January 2026
303,Maharashtra,"07/2016
09/2019",75.0,FlashReport_January 2026
304,Maharashtra,"11/2016
08/2018",99.0,FlashReport_January 2026
305,Maharashtra,"03/2017
07/2017",95.0,FlashReport_January 2026
306,Maharashtra,"03/2017
04/2018",98.0,FlashReport_January 2026
307,Punjab,"11/2016
08/2020",58.0,FlashReport_January 2026
308,Punjab,"11/2016
08/2020",99.0,FlashReport_January 2026
309,Uttar Pradesh,"03/2017
08/2019",100.0,FlashReport_January 2026
310,Uttar Pradesh,"03/2017
06/2019",93.0,FlashReport_January 2026
311,West Bengal,"04/2019
02/2020",52.0,FlashReport_January 2026
312,Madhya Pradesh,"09/2011
04/2015",83.0,FlashReport_January 2026
313,Odisha,"04/2017
04/2017",81.0,FlashReport_January 2026
314,Odisha,"05/2018
05/2018",51.0,FlashReport_January 2026
315,Odisha,"NA
04/2017",12.0,FlashReport_January 2026
316,Odisha,"11/2017
11/2019",91.0,FlashReport_January 2026
317,Tamil Nadu,"09/2017
12/2017",66.0,FlashReport_January 2026
318,,"09/2009
09/2014",92.0,FlashReport_January 2026
319,Andhra Pradesh,"09/2019
12/2023",40.0,FlashReport_January 2026
320,Arunachal Pradesh,"09/2009
03/2013",80.0,FlashReport_January 2026
321,Assam,"05/2019
06/2021",97.0,FlashReport_January 2026
322,Bihar,"07/2022
08/2022",97.0,FlashReport_January 2026
323,Chhattisgarh,"05/2025
01/2026",0.0,FlashReport_January 2026
324,Delhi,"09/2009
11/2022",98.0,FlashReport_January 2026
325,Delhi,"09/2024
03/2025",10.0,FlashReport_January 2026
326,Gujarat,"12/2020
02/2021",83.0,FlashReport_January 2026
327,Himachal Pradesh,"09/2018
08/2020",95.0,FlashReport_January 2026
328,Himachal Pradesh,"03/2023
03/2024",78.0,FlashReport_January 2026
329,Himachal Pradesh,"03/2021
08/2022",84.0,FlashReport_January 2026
330,"Jammu and
Kashmir","03/2019
10/2020",96.0,FlashReport_January 2026
331,Kerala,"07/2017
03/2020",82.0,FlashReport_January 2026
332,Kerala,"05/2025
01/2026",0.0,FlashReport_January 2026
333,Madhya Pradesh,"12/2023
04/2024",44.0,FlashReport_January 2026
334,Mizoram,"09/2009
06/2014",4.0,FlashReport_January 2026
335,Nagaland,"09/2009
12/2014",98.0,FlashReport_January 2026
336,Odisha,"10/2018
09/2019",98.0,FlashReport_January 2026
337,Odisha,"NA
01/2024",33.0,FlashReport_January 2026
338,Puducherry,"09/2009
07/2013",98.0,FlashReport_January 2026
339,Punjab,"10/2019
07/2020",91.0,FlashReport_January 2026
340,Punjab,"08/2024
04/2025",24.0,FlashReport_January 2026
341,Sikkim,"08/2020
01/2022",89.0,FlashReport_January 2026
342,Sikkim,"02/2024
03/2024",25.0,FlashReport_January 2026
343,Telangana,"09/2022
11/2022",83.0,FlashReport_January 2026
344,Uttar Pradesh,"06/2020
06/2020",97.0,FlashReport_January 2026
345,Uttarakhand,"06/2020
04/2024",43.0,FlashReport_January 2026
346,West Bengal,"06/2018
04/2019",93.0,FlashReport_January 2026
347,Manipur,"NA
01/2022",96.0,FlashReport_January 2026
348,Andhra Pradesh,"08/2024
08/2024",91.0,FlashReport_January 2026
349,Assam,"03/2023
03/2023",59.0,FlashReport_January 2026
350,Assam,"03/2023
03/2023",71.0,FlashReport_January 2026
351,Gujarat,"05/2023
05/2023",63.0,FlashReport_January 2026
352,Maharashtra,"06/2017
06/2017",57.0,FlashReport_January 2026
353,Mizoram,"07/2024
07/2024",26.0,FlashReport_January 2026
354,"Multi-States
(Andhra Pradesh,
Odisha)","09/2019
09/2019",96.0,FlashReport_January 2026
355,"Multi-States
(Assam, Bihar,
Jharkhand,
Odisha, West
Bengal)","01/2019
01/2019",90.0,FlashReport_January 2026
356,"Multi-States
(Gujarat, Haryana,
Rajasthan)","12/2021
12/2021",89.0,FlashReport_January 2026
357,"Multi-States
(Gujarat, Madhya
Pradesh, Uttar
Pradesh)","12/2018
12/2018",94.0,FlashReport_January 2026
358,"Multi-States
(Karnataka, Tamil
Nadu)","11/2012
11/2012",78.0,FlashReport_January 2026
359,Rajasthan,"10/2017
10/2017",90.0,FlashReport_January 2026
360,Rajasthan,"12/2023
12/2023",76.0,FlashReport_January 2026
361,Tamil Nadu,"01/2022
01/2022",71.0,FlashReport_January 2026
362,Tamil Nadu,"01/2022
01/2022",90.0,FlashReport_January 2026
363,Tripura,"06/2022
06/2022",94.0,FlashReport_January 2026
364,Uttar Pradesh,"09/2022
09/2022",63.0,FlashReport_January 2026
365,Andhra Pradesh,"03/2016
03/2016",96.0,FlashReport_January 2026
366,Andhra Pradesh,"09/2021
09/2021",82.0,FlashReport_January 2026
367,Andhra Pradesh,"03/2022
03/2022",6.0,FlashReport_January 2026
368,Assam,"07/2020
07/2020",81.0,FlashReport_January 2026
369,Assam,"01/2018
01/2018",94.0,FlashReport_January 2026
426,"Multi-States
(Jammu and
Kashmir, Punjab)","07/2023
07/2023",43.0,FlashReport_January 2026
427,"Multi-States
(Karnataka,
Kerala, Tamil
Nadu)","06/2009
06/2009",96.0,FlashReport_January 2026
428,"Multi-States
(Karnataka,
Maharashtra)","01/2006
01/2006",47.0,FlashReport_January 2026
429,"Multi-States
(Odisha, West
Bengal)","03/2020
03/2020",92.0,FlashReport_January 2026
430,"Multi-States
(Punjab,
Rajasthan)","12/2022
12/2022",28.0,FlashReport_January 2026
431,Nagaland,"08/2023
08/2023",31.0,FlashReport_January 2026
432,Odisha,"07/2020
07/2020",92.0,FlashReport_January 2026
433,Odisha,"02/2022
02/2022",5.0,FlashReport_January 2026
434,Odisha,"04/2021
04/2021",64.0,FlashReport_January 2026
435,Offshore,"12/2015
12/2015",90.0,FlashReport_January 2026
436,Offshore,"09/2024
09/2024",35.0,FlashReport_January 2026
437,Offshore,"06/2022
06/2022",94.0,FlashReport_January 2026
438,Offshore,"06/2022
06/2022",69.0,FlashReport_January 2026
439,Offshore,"06/2024
06/2024",87.0,FlashReport_January 2026
440,Offshore,"05/2023
05/2023",31.0,FlashReport_January 2026
441,Punjab,"05/2020
05/2020",95.0,FlashReport_January 2026
442,Punjab,"03/2022
03/2022",2.0,FlashReport_January 2026
443,Tamil Nadu,"09/2021
09/2021",10.0,FlashReport_January 2026
444,Tamil Nadu,"01/2024
01/2024",56.0,FlashReport_January 2026
445,Tamil Nadu,"12/2022
12/2022",23.0,FlashReport_January 2026
446,Telangana,"03/2025
03/2025",18.0,FlashReport_January 2026
447,Tripura,"03/2022
03/2022",66.0,FlashReport_January 2026
448,Uttar Pradesh,"03/2019
03/2019",99.0,FlashReport_January 2026
449,Uttar Pradesh,"04/2022
04/2022",39.0,FlashReport_January 2026
450,Uttar Pradesh,"12/2022
12/2022",14.0,FlashReport_January 2026
451,West Bengal,"03/2017
03/2017",93.0,FlashReport_January 2026
452,West Bengal,"09/2024
09/2024",8.0,FlashReport_January 2026
453,West Bengal,"11/2021
11/2021",84.0,FlashReport_January 2026
454,West Bengal,"11/2022
11/2022",92.0,FlashReport_January 2026
455,West Bengal,"06/2022
06/2022",32.0,FlashReport_January 2026
456,West Bengal,"03/2022
03/2022",2.0,FlashReport_January 2026
457,West Bengal,"12/2022
12/2022",42.0,FlashReport_January 2026
458,Bihar,"NA
09/2020",0.0,FlashReport_January 2026
459,Bihar,"03/2019
10/2022",29.0,FlashReport_January 2026
460,Chhattisgarh,"02/2023
10/2023",45.0,FlashReport_January 2026
461,Chhattisgarh,"10/2023
10/2023",75.0,FlashReport_January 2026
462,Chhattisgarh,"02/2020
09/2024",48.0,FlashReport_January 2026
463,Delhi,"09/2025
09/2025",0.0,FlashReport_January 2026
464,Delhi,"10/2016
06/2022",61.0,FlashReport_January 2026
465,Gujarat,"01/2019
01/2019",93.0,FlashReport_January 2026
466,Gujarat,"09/2022
09/2022",33.0,FlashReport_January 2026
467,Gujarat,"04/2022
10/2022",62.0,FlashReport_January 2026
468,Haryana,"02/2019
02/2019",51.0,FlashReport_January 2026
469,"Jammu and
Kashmir","01/2019
03/2019",73.0,FlashReport_January 2026
470,Jharkhand,"09/2023
02/2024",26.0,FlashReport_January 2026
471,Jharkhand,"06/2018
03/2023",42.0,FlashReport_January 2026
472,Madhya Pradesh,"12/2021
11/2022",62.0,FlashReport_January 2026
473,Madhya Pradesh,"08/2023
10/2023",35.0,FlashReport_January 2026
474,Punjab,"11/2019
07/2027",0.0,FlashReport_January 2026
475,Punjab,"01/2020
03/2026",0.0,FlashReport_January 2026
476,Sikkim,"10/2018
12/2018",88.0,FlashReport_January 2026
477,Tamil Nadu,"12/2018
12/2018",46.0,FlashReport_January 2026
478,Telangana,"12/2018
07/2022",86.0,FlashReport_January 2026
479,Uttarakhand,"10/2022
02/2024",30.0,FlashReport_January 2026
480,Uttarakhand,"08/2021
04/2023",70.0,FlashReport_January 2026
481,Andhra Pradesh,"02/2021
04/2023",70.0,FlashReport_January 2026
482,Assam,"12/2017
10/2021",96.0,FlashReport_January 2026
483,Gujarat,"06/2019
03/2021",100.0,FlashReport_January 2026
484,Gujarat,"06/2022
04/2023",10.0,FlashReport_January 2026
485,Gujarat,"08/2022
10/2023",20.0,FlashReport_January 2026
486,Karnataka,"02/2015
10/2024",19.0,FlashReport_January 2026
487,Karnataka,"07/2019
03/2025",10.0,FlashReport_January 2026
488,Maharashtra,"05/2018
03/2023",74.0,FlashReport_January 2026
489,Maharashtra,"10/2013
08/2022",65.0,FlashReport_January 2026
490,Maharashtra,"12/2008
06/2009",89.0,FlashReport_January 2026
491,Odisha,"12/2010
02/2025",7.0,FlashReport_January 2026
492,Tamil Nadu,"02/2015
03/2023",99.0,FlashReport_January 2026
493,Uttarakhand,"02/2021
12/2021",81.0,FlashReport_January 2026
494,Maharashtra,"08/2019
01/2022",11.0,FlashReport_January 2026
495,"Multi-States
(Bihar, Jharkhand,
Uttar Pradesh,
West Bengal)","01/2018
02/2018",76.0,FlashReport_January 2026
496,Offshore,"01/2018
08/2018",100.0,FlashReport_January 2026
497,Gujarat,"10/2022
03/2024",40.0,FlashReport_January 2026
498,Gujarat,"02/2018
02/2021",90.0,FlashReport_January 2026
499,Gujarat,"09/2021
09/2021",71.0,FlashReport_January 2026
500,Karnataka,"12/2023
06/2024",40.0,FlashReport_January 2026
501,Maharashtra,"12/2019
01/2020",88.0,FlashReport_January 2026
502,Maharashtra,"11/2020
04/2021",0.0,FlashReport_January 2026
503,Odisha,"05/2022
01/2023",50.0,FlashReport_January 2026
504,West Bengal,"11/2022
03/2023",100.0,FlashReport_January 2026
505,West Bengal,"01/2022
08/2022",0.0,FlashReport_January 2026
506,Gujarat,"02/2019
01/2022",73.0,FlashReport_January 2026
507,Haryana,"05/2018
12/2021",60.0,FlashReport_January 2026
508,Andhra Pradesh,"12/2020
02/2024",30.0,FlashReport_January 2026
509,Karnataka,"12/2020
02/2023",18.0,FlashReport_January 2026
510,Chhattisgarh,"08/2021
07/2022",11.0,FlashReport_January 2026
511,Chhattisgarh,"07/2024
08/2024",40.0,FlashReport_January 2026
512,Chhattisgarh,"10/2023
12/2023",57.0,FlashReport_January 2026
513,Chhattisgarh,"11/2023
01/2024",84.0,FlashReport_January 2026
514,Chhattisgarh,"11/2015
09/2020",91.0,FlashReport_January 2026
515,Chhattisgarh,"01/2009
10/2021",80.0,FlashReport_January 2026
516,Chhattisgarh,"07/2021
10/2022",99.0,FlashReport_January 2026
517,Jharkhand,"03/2015
10/2015",53.0,FlashReport_January 2026
518,Jharkhand,"01/2025
02/2025",24.0,FlashReport_January 2026
519,Jharkhand,"01/2025
02/2025",14.0,FlashReport_January 2026
520,Jharkhand,"08/2023
10/2023",84.0,FlashReport_January 2026
521,Jharkhand,"03/2024
04/2024",30.0,FlashReport_January 2026
522,Jharkhand,"11/2023
12/2023",55.0,FlashReport_January 2026
523,Karnataka,"11/2014
06/2024",49.0,FlashReport_January 2026
524,West Bengal,"09/2023
09/2023",31.0,FlashReport_January 2026
525,West Bengal,"07/2024
08/2024",45.0,FlashReport_January 2026
526,West Bengal,"09/2024
10/2024",12.0,FlashReport_January 2026
527,West Bengal,"11/2024
12/2024",46.0,FlashReport_January 2026
528,West Bengal,"07/2024
12/2024",9.0,FlashReport_January 2026
529,West Bengal,"01/2025
02/2025",15.0,FlashReport_January 2026
589,Gujarat,"01/2023
11/2023",24.0,FlashReport_January 2026
590,Gujarat,"12/2025
12/2025",0.0,FlashReport_January 2026
591,Gujarat,"01/2017
01/2017",42.0,FlashReport_January 2026
592,Gujarat,"09/2012
04/2008",63.0,FlashReport_January 2026
593,Gujarat,"10/2021
12/2021",79.0,FlashReport_January 2026
594,Gujarat,"05/2022
10/2023",8.0,FlashReport_January 2026
595,Gujarat,"10/2022
07/2025",20.0,FlashReport_January 2026
596,Haryana,"02/2023
02/2023",67.0,FlashReport_January 2026
597,Jharkhand,"11/2022
11/2022",71.0,FlashReport_January 2026
598,Jharkhand,"06/2025
06/2025",0.0,FlashReport_January 2026
599,Jharkhand,"01/2018
01/2018",65.0,FlashReport_January 2026
600,Jharkhand,"08/2021
03/2019",5.0,FlashReport_January 2026
601,Jharkhand,"11/2022
11/2022",71.0,FlashReport_January 2026
602,Karnataka,"03/2019
12/2025",0.0,FlashReport_January 2026
603,Karnataka,"04/2019
10/2019",55.0,FlashReport_January 2026
604,Karnataka,"03/2008
05/2009",66.0,FlashReport_January 2026
605,Karnataka,"04/2013
08/2017",30.0,FlashReport_January 2026
606,Karnataka,"01/2014
11/2016",83.0,FlashReport_January 2026
607,Karnataka,"10/2013
11/2012",35.0,FlashReport_January 2026
608,Karnataka,"10/2013
01/2017",14.0,FlashReport_January 2026
609,Karnataka,"02/2018
06/2022",84.0,FlashReport_January 2026
610,Karnataka,"09/2019
02/2023",12.0,FlashReport_January 2026
611,Karnataka,"10/2020
10/2020",19.0,FlashReport_January 2026
612,Karnataka,"09/2020
03/2025",0.0,FlashReport_January 2026
613,Kerala,"04/2023
04/2023",21.0,FlashReport_January 2026
614,Kerala,"04/2023
04/2023",22.0,FlashReport_January 2026
615,Madhya Pradesh,"01/2007
03/1998",74.0,FlashReport_January 2026
616,Madhya Pradesh,"06/2016
01/2017",99.0,FlashReport_January 2026
617,Madhya Pradesh,"11/2015
08/2017",85.0,FlashReport_January 2026
618,Madhya Pradesh,"03/2016
03/2017",100.0,FlashReport_January 2026
619,Madhya Pradesh,"03/2016
09/2017",95.0,FlashReport_January 2026
620,Madhya Pradesh,"08/2019
10/2020",29.0,FlashReport_January 2026
621,Madhya Pradesh,"10/2021
10/2021",89.0,FlashReport_January 2026
622,Maharashtra,"01/2019
04/2023",25.0,FlashReport_January 2026
623,Maharashtra,"12/2017
04/2008",50.0,FlashReport_January 2026
624,Maharashtra,"05/2023
05/2023",1.0,FlashReport_January 2026
625,Maharashtra,"04/2023
07/2023",19.0,FlashReport_January 2026
626,Maharashtra,"04/2025
04/2025",0.0,FlashReport_January 2026
627,Maharashtra,"12/2023
12/2023",0.0,FlashReport_January 2026
628,Maharashtra,"10/2024
10/2024",0.0,FlashReport_January 2026
629,Maharashtra,"01/2025
01/2025",24.0,FlashReport_January 2026
630,Maharashtra,"01/1999
10/2002",98.0,FlashReport_January 2026
631,Maharashtra,"03/2016
03/1999",60.0,FlashReport_January 2026
632,Maharashtra,"05/2017
03/2012",53.0,FlashReport_January 2026
633,Maharashtra,"09/2015
09/2015",69.0,FlashReport_January 2026
634,Maharashtra,"09/2015
05/2016",88.0,FlashReport_January 2026
635,Maharashtra,"03/2016
12/2016",98.0,FlashReport_January 2026
636,Maharashtra,"06/2016
06/2016",100.0,FlashReport_January 2026
637,Maharashtra,"10/2017
03/2017",92.0,FlashReport_January 2026
638,Maharashtra,"04/2017
05/2018",88.0,FlashReport_January 2026
639,Maharashtra,"05/2017
04/2018",100.0,FlashReport_January 2026
640,Maharashtra,"08/2018
12/2023",12.0,FlashReport_January 2026
641,Maharashtra,"10/2019
04/2020",80.0,FlashReport_January 2026
642,Maharashtra,"05/2008
04/2008",88.0,FlashReport_January 2026
643,Maharashtra,"04/2019
04/2019",20.0,FlashReport_January 2026
644,Maharashtra,"11/2016
12/2016",70.0,FlashReport_January 2026
645,Manipur,"03/2013
12/2007",72.0,FlashReport_January 2026
646,"Multi-States
(Andhra Pradesh,
Karnataka)","04/2012
10/2018",21.0,FlashReport_January 2026
647,"Multi-States
(Andhra Pradesh,
Karnataka)","03/2008
07/2010",71.0,FlashReport_January 2026
648,"Multi-States
(Andhra Pradesh,
Karnataka)","04/2016
04/2016",89.0,FlashReport_January 2026
649,"Multi-States
(Andhra Pradesh,
Maharashtra,
Telangana)","08/2023
08/2023",2.0,FlashReport_January 2026
650,"Multi-States
(Andhra Pradesh,
Odisha)","06/2016
11/2016",94.0,FlashReport_January 2026
651,"Multi-States
(Andhra Pradesh,
Odisha)","12/2015
01/2016",71.0,FlashReport_January 2026
652,"Multi-States
(Andhra Pradesh,
Tamil Nadu)","07/2008
10/2008",19.0,FlashReport_January 2026
653,"Multi-States
(Andhra Pradesh,
Telangana)","02/2024
03/2025",2.0,FlashReport_January 2026
654,"Multi-States
(Andhra Pradesh,
Telangana)","08/2023
08/2023",2.0,FlashReport_January 2026
655,"Multi-States
(Andhra Pradesh,
Telangana)","11/2024
11/2024",0.0,FlashReport_January 2026
656,"Multi-States
(Andhra Pradesh,
Telangana)","03/2013
08/2014",94.0,FlashReport_January 2026
657,"Multi-States
(Andhra Pradesh,
Telangana)","04/2016
04/2016",93.0,FlashReport_January 2026
658,"Multi-States
(Arunachal
Pradesh, Assam)","02/2011
03/2023",66.0,FlashReport_January 2026
659,"Multi-States
(Assam,
Nagaland)","02/2024
01/2025",1.0,FlashReport_January 2026
660,"Multi-States
(Assam,
Nagaland)","08/2015
02/2016",40.0,FlashReport_January 2026
661,"Multi-States
(Bihar, Delhi,
Jharkhand, Uttar
Pradesh, West
Bengal)","09/2019
09/2019",0.0,FlashReport_January 2026
662,"Multi-States
(Bihar, Jharkhand)","08/2023
08/2023",15.0,FlashReport_January 2026
663,"Multi-States
(Bihar, Jharkhand)","11/2004
03/2002",95.0,FlashReport_January 2026
664,"Multi-States
(Bihar, Jharkhand)","03/2014
03/2022",61.0,FlashReport_January 2026
665,"Multi-States
(Bihar, Uttar
Pradesh)","NA
06/2023",20.0,FlashReport_January 2026
666,"Multi-States
(Bihar, Uttar
Pradesh)","08/2023
03/2024",26.0,FlashReport_January 2026
667,"Multi-States
(Bihar, Uttar
Pradesh)","03/2013
12/2015",95.0,FlashReport_January 2026
668,"Multi-States
(Bihar, West
Bengal)","08/2022
08/2022",63.0,FlashReport_January 2026
669,"Multi-States
(Chhattisgarh,
Maharashtra)","10/2025
10/2025",0.0,FlashReport_January 2026
670,"Multi-States
(Chhattisgarh,
Maharashtra)","09/2016
12/2016",96.0,FlashReport_January 2026
671,"Multi-States
(Chhattisgarh,
Odisha)","09/2024
09/2024",3.0,FlashReport_January 2026
672,"Multi-States
(Chhattisgarh,
Odisha)","12/2015
03/2016",93.0,FlashReport_January 2026
673,"Multi-States
(Chhattisgarh,
Odisha)","09/2016
09/2016",94.0,FlashReport_January 2026
674,"Multi-States
(Dadra & Nagar
Haveli and Daman
& Diu, Gujarat,
Maharashtra)","03/2015
09/2017",57.0,FlashReport_January 2026
675,"Multi-States (Delhi,
Gujarat, Madhya
Pradesh,
Maharashtra,
Rajasthan)","09/2019
09/2019",64.0,FlashReport_January 2026
676,"Multi-States (Goa,
Karnataka)","03/2010
07/2012",86.0,FlashReport_January 2026
677,"Multi-States (Goa,
Karnataka)","07/2015
05/2018",99.0,FlashReport_January 2026
678,"Multi-States
(Gujarat, Haryana,
Maharashtra,
Rajasthan, Uttar
Pradesh)","02/2008
01/2012",96.0,FlashReport_January 2026
679,"Multi-States
(Gujarat, Madhya
Pradesh)","06/2012
06/2012",52.0,FlashReport_January 2026
680,"Multi-States
(Gujarat, Madhya
Pradesh)","11/2008
01/2014",80.0,FlashReport_January 2026
681,"Multi-States
(Gujarat,
Maharashtra)","09/2019
03/2023",93.0,FlashReport_January 2026
682,"Multi-States
(Gujarat,
Rajasthan)","07/2022
07/2022",20.0,FlashReport_January 2026
683,"Multi-States
(Gujarat,
Rajasthan)","02/2024
02/2024",18.0,FlashReport_January 2026
684,"Multi-States
(Haryana,
Himachal Pradesh)","02/2018
02/2018",39.0,FlashReport_January 2026
685,"Multi-States
(Haryana,
Rajasthan)","02/2023
12/2022",74.0,FlashReport_January 2026
686,"Multi-States
(Himachal
Pradesh, Punjab)","03/1983
05/1985",83.0,FlashReport_January 2026
687,"Multi-States
(Himachal
Pradesh, Punjab)","03/2009
04/2015",61.0,FlashReport_January 2026
688,"Multi-States
(Jharkhand,
Odisha)","03/2016
02/2017",87.0,FlashReport_January 2026
689,"Multi-States
(Jharkhand,
Odisha, West
Bengal)","08/2024
12/2024",0.0,FlashReport_January 2026
690,"Multi-States
(Jharkhand, West
Bengal)","09/2024
07/2025",0.0,FlashReport_January 2026
691,"Multi-States
(Jharkhand, West
Bengal)","09/2016
01/2018",97.0,FlashReport_January 2026
692,"Multi-States
(Karnataka,
Maharashtra)","04/2014
01/2016",93.0,FlashReport_January 2026
693,"Multi-States
(Karnataka, Tamil
Nadu)","04/2019
02/2019",87.0,FlashReport_January 2026
694,"Multi-States
(Kerala, Tamil
Nadu)","08/2017
03/2016",52.0,FlashReport_January 2026
695,"Multi-States
(Madhya Pradesh,
Maharashtra)","04/2008
03/2010",82.0,FlashReport_January 2026
696,"Multi-States
(Madhya Pradesh,
Maharashtra)","09/2016
09/2016",55.0,FlashReport_January 2026
697,"Multi-States
(Madhya Pradesh,
Rajasthan)","10/2015
05/2023",8.0,FlashReport_January 2026
698,"Multi-States
(Madhya Pradesh,
Rajasthan)","03/2011
07/2018",87.0,FlashReport_January 2026
699,"Multi-States
(Madhya Pradesh,
Rajasthan)","03/2001
10/2004",79.0,FlashReport_January 2026
700,"Multi-States
(Madhya Pradesh,
Rajasthan)","04/2017
09/2021",60.0,FlashReport_January 2026
701,"Multi-States
(Madhya Pradesh,
Rajasthan, Uttar
Pradesh)","12/2015
03/2018",94.0,FlashReport_January 2026
702,"Multi-States
(Madhya Pradesh,
Uttar Pradesh)","09/2016
03/2018",93.0,FlashReport_January 2026
703,"Multi-States
(Madhya Pradesh,
Uttar Pradesh)","03/2018
04/2019",63.0,FlashReport_January 2026
704,"Multi-States
(Maharashtra,
Telangana)","09/2016
10/2016",94.0,FlashReport_January 2026
705,"Multi-States
(Odisha, West
Bengal)","03/2019
03/2017",67.0,FlashReport_January 2026
706,"Multi-States
(Puducherry, Tamil
Nadu)","07/2008
01/2019",80.0,FlashReport_January 2026
707,"Multi-States
(Sikkim, West
Bengal)","10/2009
05/2010",90.0,FlashReport_January 2026
708,"Multi-States (Uttar
Pradesh, West
Bengal)","08/2017
12/2017",9.0,FlashReport_January 2026
709,Odisha,"10/2021
10/2021",32.0,FlashReport_January 2026
710,Odisha,"08/2022
07/2022",82.0,FlashReport_January 2026
711,Odisha,"08/2022
06/2022",50.0,FlashReport_January 2026
712,Odisha,"09/2022
06/2022",86.0,FlashReport_January 2026
713,Odisha,"01/2014
01/2014",48.0,FlashReport_January 2026
714,Odisha,"04/2023
04/2023",70.0,FlashReport_January 2026
715,Odisha,"08/2024
09/2025",0.0,FlashReport_January 2026
716,Odisha,"08/2024
09/2025",0.0,FlashReport_January 2026
717,Odisha,"04/2023
10/2025",2.0,FlashReport_January 2026
718,Odisha,"08/2023
04/2025",5.0,FlashReport_January 2026
719,Odisha,"08/2024
08/2025",0.0,FlashReport_January 2026
720,Odisha,"03/1994
03/2001",90.0,FlashReport_January 2026
721,Odisha,"03/2004
12/2004",51.0,FlashReport_January 2026
722,Odisha,"10/2015
04/2015",91.0,FlashReport_January 2026
723,Odisha,"12/2015
12/2015",72.0,FlashReport_January 2026
724,Odisha,"11/2015
12/2015",58.0,FlashReport_January 2026
725,Odisha,"07/2013
12/2015",86.0,FlashReport_January 2026
726,Odisha,"07/2017
04/2023",1.0,FlashReport_January 2026
727,Odisha,"02/2018
12/2023",20.0,FlashReport_January 2026
728,Odisha,"09/2018
09/2019",0.0,FlashReport_January 2026
729,Odisha,"09/2022
05/2025",0.0,FlashReport_January 2026
730,Offshore,"08/2015
03/2011",75.0,FlashReport_January 2026
731,PAN India,"06/2020
04/2023",48.0,FlashReport_January 2026
732,Punjab,"03/2019
12/2022",56.0,FlashReport_January 2026
733,Rajasthan,"01/2023
01/2023",60.0,FlashReport_January 2026
734,Rajasthan,"NA
01/2023",60.0,FlashReport_January 2026
735,Rajasthan,"09/2022
06/2023",0.0,FlashReport_January 2026
736,Rajasthan,"02/2024
02/2024",6.0,FlashReport_January 2026
737,Rajasthan,"02/2024
02/2024",10.0,FlashReport_January 2026
738,Rajasthan,"01/2024
01/2024",56.0,FlashReport_January 2026
739,Rajasthan,"04/2025
04/2025",0.0,FlashReport_January 2026
740,Rajasthan,"03/2019
04/2024",12.0,FlashReport_January 2026
741,Rajasthan,"03/2022
04/2020",47.0,FlashReport_January 2026
742,Rajasthan,"04/2019
04/2019",99.0,FlashReport_January 2026
743,Rajasthan,"02/2024
04/2023",14.0,FlashReport_January 2026
744,Rajasthan,"06/2022
02/2021",61.0,FlashReport_January 2026
745,Rajasthan,"12/2022
01/2023",72.0,FlashReport_January 2026
746,Tamil Nadu,"11/2007
11/2008",99.0,FlashReport_January 2026
747,Tamil Nadu,"05/2022
10/2022",0.0,FlashReport_January 2026
748,Tamil Nadu,"12/2017
07/2018",0.0,FlashReport_January 2026
749,Telangana,"08/2023
04/2025",0.0,FlashReport_January 2026
750,Telangana,"07/2016
02/2023",80.0,FlashReport_January 2026
751,Telangana,"09/2017
07/2017",0.0,FlashReport_January 2026
752,Telangana,"07/2016
01/2017",71.0,FlashReport_January 2026
753,Uttar Pradesh,"10/2018
03/2017",8.0,FlashReport_January 2026
754,Uttar Pradesh,"08/2019
03/2017",3.0,FlashReport_January 2026
755,Uttar Pradesh,"10/2024
10/2025",0.0,FlashReport_January 2026
756,Uttar Pradesh,"10/2023
11/2023",23.0,FlashReport_January 2026
757,Uttar Pradesh,"08/2023
01/2025",11.0,FlashReport_January 2026
758,Uttar Pradesh,"10/2022
05/2024",0.0,FlashReport_January 2026
759,Uttar Pradesh,"03/2023
02/2025",14.0,FlashReport_January 2026
760,Uttar Pradesh,"11/2017
07/2019",88.0,FlashReport_January 2026
761,Uttar Pradesh,"11/2017
03/2017",70.0,FlashReport_January 2026
762,Uttar Pradesh,"03/2017
11/2017",82.0,FlashReport_January 2026
763,Uttar Pradesh,"04/2019
10/2020",70.0,FlashReport_January 2026
764,Uttar Pradesh,"12/2015
03/2016",67.0,FlashReport_January 2026
765,Uttar Pradesh,"04/2019
09/2020",73.0,FlashReport_January 2026
766,Uttar Pradesh,"07/2020
04/2021",8.0,FlashReport_January 2026
767,Uttar Pradesh,"03/2018
03/2017",94.0,FlashReport_January 2026
768,Uttar Pradesh,"01/2019
04/2017",77.0,FlashReport_January 2026
769,Uttar Pradesh,"04/2020
02/2021",34.0,FlashReport_January 2026
770,Uttarakhand,"11/2016
08/2018",72.0,FlashReport_January 2026
771,West Bengal,"07/2015
11/2005",69.0,FlashReport_January 2026
772,West Bengal,"03/2001
02/2008",93.0,FlashReport_January 2026
773,West Bengal,"03/2010
10/2011",85.0,FlashReport_January 2026
774,West Bengal,"12/2010
12/2010",14.0,FlashReport_January 2026
775,West Bengal,"03/2024
12/2024",40.0,FlashReport_January 2026
776,West Bengal,"03/2010
04/2010",51.0,FlashReport_January 2026
777,West Bengal,"11/2010
03/2010",32.0,FlashReport_January 2026
778,West Bengal,"03/2010
03/2010",17.0,FlashReport_January 2026
779,Andhra Pradesh,"12/2021
09/2022",89.0,FlashReport_January 2026
780,Andhra Pradesh,"03/2023
03/2024",69.0,FlashReport_January 2026
781,Andhra Pradesh,"03/2022
05/2023",67.0,FlashReport_January 2026
782,Andhra Pradesh,"03/2020
11/2021",67.0,FlashReport_January 2026
783,Andhra Pradesh,"03/2023
12/2024",40.0,FlashReport_January 2026
784,Andhra Pradesh,"10/2024
09/2025",14.0,FlashReport_January 2026
785,Andhra Pradesh,"10/2024
07/2025",3.0,FlashReport_January 2026
786,Andhra Pradesh,"03/2023
02/2024",95.0,FlashReport_January 2026
787,Andhra Pradesh,"11/2016
05/2017",92.0,FlashReport_January 2026
788,Andhra Pradesh,"12/2021
05/2022",0.0,FlashReport_January 2026
789,Andhra Pradesh,"10/2024
08/2025",5.0,FlashReport_January 2026
790,Andhra Pradesh,"10/2024
08/2025",0.0,FlashReport_January 2026
791,Andhra Pradesh,"12/2022
03/2024",84.0,FlashReport_January 2026
792,Andhra Pradesh,"03/2018
09/2018",100.0,FlashReport_January 2026
793,Andhra Pradesh,"03/2022
01/2023",92.0,FlashReport_January 2026
794,Andhra Pradesh,"03/2022
09/2023",99.0,FlashReport_January 2026
795,Andhra Pradesh,"01/2022
01/2023",97.0,FlashReport_January 2026
796,Andhra Pradesh,"03/2021
07/2022",81.0,FlashReport_January 2026
797,Andhra Pradesh,"03/2018
08/2018",98.0,FlashReport_January 2026
798,Andhra Pradesh,"03/2017
09/2017",98.0,FlashReport_January 2026
799,Andhra Pradesh,"08/2016
01/2017",98.0,FlashReport_January 2026
800,Andhra Pradesh,"03/2023
01/2025",3.0,FlashReport_January 2026
801,Andhra Pradesh,"04/2020
11/2023",23.0,FlashReport_January 2026
802,Andhra Pradesh,"08/2020
10/2022",76.0,FlashReport_January 2026
803,Andhra Pradesh,"08/2020
07/2022",86.0,FlashReport_January 2026
804,Andhra Pradesh,"08/2020
09/2021",91.0,FlashReport_January 2026
805,Andhra Pradesh,"08/2020
03/2021",100.0,FlashReport_January 2026
806,Andhra Pradesh,"01/2018
10/2020",66.0,FlashReport_January 2026
807,Andhra Pradesh,"02/2021
06/2023",83.0,FlashReport_January 2026
808,Andhra Pradesh,"11/2020
10/2022",99.0,FlashReport_January 2026
809,Andhra Pradesh,"03/2025
10/2025",4.0,FlashReport_January 2026
810,Andhra Pradesh,"01/2020
07/2021",98.0,FlashReport_January 2026
811,Andhra Pradesh,"01/2018
01/2019",99.0,FlashReport_January 2026
812,Andhra Pradesh,"03/2020
01/2022",98.0,FlashReport_January 2026
813,Andhra Pradesh,"01/2023
02/2024",81.0,FlashReport_January 2026
814,Andhra Pradesh,"02/2023
02/2024",26.0,FlashReport_January 2026
815,Andhra Pradesh,"02/2022
02/2024",45.0,FlashReport_January 2026
816,Andhra Pradesh,"01/2023
02/2024",66.0,FlashReport_January 2026
817,Andhra Pradesh,"12/2022
03/2024",67.0,FlashReport_January 2026
818,Andhra Pradesh,"01/2023
03/2024",76.0,FlashReport_January 2026
819,Andhra Pradesh,"02/2023
02/2025",20.0,FlashReport_January 2026
820,Andhra Pradesh,"02/2023
02/2024",45.0,FlashReport_January 2026
821,Andhra Pradesh,"02/2023
03/2024",57.0,FlashReport_January 2026
822,Andhra Pradesh,"02/2023
02/2024",48.0,FlashReport_January 2026
823,Andhra Pradesh,"11/2020
09/2022",100.0,FlashReport_January 2026
824,Andhra Pradesh,"12/2020
09/2022",95.0,FlashReport_January 2026
825,Andhra Pradesh,"05/2022
09/2023",90.0,FlashReport_January 2026
826,Andhra Pradesh,"03/2022
10/2023",98.0,FlashReport_January 2026
827,Andhra Pradesh,"02/2022
01/2023",94.0,FlashReport_January 2026
828,Andhra Pradesh,"09/2022
08/2023",84.0,FlashReport_January 2026
829,Andhra Pradesh,"03/2018
12/2018",75.0,FlashReport_January 2026
830,Andhra Pradesh,"08/2022
09/2023",73.0,FlashReport_January 2026
831,Andhra Pradesh,"10/2022
07/2023",91.0,FlashReport_January 2026
832,Andhra Pradesh,"10/2022
08/2023",70.0,FlashReport_January 2026
833,Andhra Pradesh,"03/2023
11/2023",99.0,FlashReport_January 2026
834,Andhra Pradesh,"01/2020
02/2021",98.0,FlashReport_January 2026
835,Andhra Pradesh,"02/2021
03/2022",99.0,FlashReport_January 2026
836,Andhra Pradesh,"02/2021
10/2022",80.0,FlashReport_January 2026
837,Andhra Pradesh,"02/2023
02/2024",52.0,FlashReport_January 2026
838,Andhra Pradesh,"02/2023
02/2024",60.0,FlashReport_January 2026
839,Andhra Pradesh,"02/2023
02/2024",35.0,FlashReport_January 2026
840,Andhra Pradesh,"02/2023
02/2024",68.0,FlashReport_January 2026
841,Andhra Pradesh,"08/2022
10/2023",35.0,FlashReport_January 2026
842,Andhra Pradesh,"08/2022
12/2023",46.0,FlashReport_January 2026
843,Andhra Pradesh,"10/2022
07/2023",100.0,FlashReport_January 2026
844,Arunachal Pradesh,"03/2019
11/2020",96.0,FlashReport_January 2026
845,Arunachal Pradesh,"06/2020
12/2021",48.0,FlashReport_January 2026
846,Arunachal Pradesh,"02/2024
07/2025",1.0,FlashReport_January 2026
847,Arunachal Pradesh,"02/2024
03/2025",10.0,FlashReport_January 2026
848,Arunachal Pradesh,"02/2024
01/2025",22.0,FlashReport_January 2026
849,Arunachal Pradesh,"01/2024
01/2025",27.0,FlashReport_January 2026
850,Arunachal Pradesh,"01/2017
05/2021",93.0,FlashReport_January 2026
851,Arunachal Pradesh,"02/2017
10/2020",99.0,FlashReport_January 2026
852,Arunachal Pradesh,"02/2017
10/2020",98.0,FlashReport_January 2026
853,Arunachal Pradesh,"02/2017
03/2018",77.0,FlashReport_January 2026
854,Assam,"03/2022
04/2023",61.0,FlashReport_January 2026
855,Assam,"03/2024
04/2025",10.0,FlashReport_January 2026
856,Assam,"03/2023
02/2025",17.0,FlashReport_January 2026
857,Assam,"02/2024
09/2025",0.0,FlashReport_January 2026
858,Assam,"03/2025
12/2025",0.0,FlashReport_January 2026
859,Assam,"03/2023
12/2023",46.0,FlashReport_January 2026
860,Assam,"03/2023
12/2023",45.0,FlashReport_January 2026
861,Assam,"03/2023
12/2023",71.0,FlashReport_January 2026
862,Assam,"03/2021
10/2023",100.0,FlashReport_January 2026
863,Assam,"09/2021
11/2021",74.0,FlashReport_January 2026
864,Assam,"11/2023
12/2024",8.0,FlashReport_January 2026
865,Assam,"02/2024
02/2025",11.0,FlashReport_January 2026
866,Assam,"03/2020
06/2020",97.0,FlashReport_January 2026
867,Assam,"03/2023
08/2024",46.0,FlashReport_January 2026
868,Assam,"02/2024
08/2025",0.0,FlashReport_January 2026
869,Assam,"02/2024
04/2025",6.0,FlashReport_January 2026
870,Assam,"03/2024
09/2025",0.0,FlashReport_January 2026
871,Assam,"03/2023
02/2024",79.0,FlashReport_January 2026
872,Assam,"02/2023
01/2024",0.0,FlashReport_January 2026
873,Assam,"11/2021
01/2023",0.0,FlashReport_January 2026
874,Assam,"01/2023
11/2023",92.0,FlashReport_January 2026
875,Assam,"09/2021
07/2022",0.0,FlashReport_January 2026
876,Assam,"03/2018
11/2019",100.0,FlashReport_January 2026
877,Assam,"01/2024
01/2025",36.0,FlashReport_January 2026
878,Assam,"01/2023
12/2023",20.0,FlashReport_January 2026
879,Assam,"01/2023
05/2023",68.0,FlashReport_January 2026
880,Assam,"03/2023
08/2023",79.0,FlashReport_January 2026
881,Assam,"03/2023
08/2023",85.0,FlashReport_January 2026
882,Assam,"03/2023
08/2023",82.0,FlashReport_January 2026
883,Assam,"12/2023
03/2024",71.0,FlashReport_January 2026
884,Assam,"03/2023
09/2024",54.0,FlashReport_January 2026
885,Assam,"03/2022
11/2024",56.0,FlashReport_January 2026
886,Assam,"03/2022
01/2023",100.0,FlashReport_January 2026
887,Assam,"05/2019
12/2020",70.0,FlashReport_January 2026
888,Assam,"01/2016
10/2017",0.0,FlashReport_January 2026
889,Assam,"03/2015
12/2016",100.0,FlashReport_January 2026
890,Assam,"01/2016
09/2024",100.0,FlashReport_January 2026
891,Assam,"01/2016
01/2023",0.0,FlashReport_January 2026
892,Assam,"01/2024
02/2024",0.0,FlashReport_January 2026
893,Assam,"01/2016
10/2024",0.0,FlashReport_January 2026
894,Assam,"01/2016
10/2024",0.0,FlashReport_January 2026
895,Assam,"01/2024
02/2024",98.0,FlashReport_January 2026
896,Assam,"01/2024
02/2024",95.0,FlashReport_January 2026
897,Assam,"01/2024
02/2024",94.0,FlashReport_January 2026
898,Assam,"02/2020
12/2020",0.0,FlashReport_January 2026
899,Assam,"02/2020
09/2020",0.0,FlashReport_January 2026
900,Assam,"03/2022
01/2023",100.0,FlashReport_January 2026
901,Assam,"03/2022
12/2022",99.0,FlashReport_January 2026
902,Assam,"08/2024
01/2026",0.0,FlashReport_January 2026
903,Assam,"10/2014
10/2024",47.0,FlashReport_January 2026
904,Assam,"02/2023
02/2024",63.0,FlashReport_January 2026
905,Assam,"10/2014
10/2024",62.0,FlashReport_January 2026
906,Assam,"03/2022
01/2023",89.0,FlashReport_January 2026
907,Bihar,"03/2022
07/2023",79.0,FlashReport_January 2026
908,Bihar,"03/2021
11/2022",79.0,FlashReport_January 2026
909,Bihar,"03/2021
02/2023",95.0,FlashReport_January 2026
931,Bihar,"03/2023
09/2025",1.0,FlashReport_January 2026
932,Bihar,"03/2023
10/2025",5.0,FlashReport_January 2026
933,Bihar,"03/2023
10/2025",7.0,FlashReport_January 2026
934,Bihar,"09/2022
09/2023",14.0,FlashReport_January 2026
935,Bihar,"02/2022
03/2023",33.0,FlashReport_January 2026
936,Bihar,"02/2022
07/2023",39.0,FlashReport_January 2026
937,Bihar,"03/2022
02/2023",30.0,FlashReport_January 2026
938,Bihar,"08/2020
01/2021",100.0,FlashReport_January 2026
939,Bihar,"03/2025
10/2025",0.0,FlashReport_January 2026
940,Bihar,"09/2022
01/2023",96.0,FlashReport_January 2026
941,Bihar,"10/2024
01/2026",5.0,FlashReport_January 2026
942,Bihar,"NA
08/2018",100.0,FlashReport_January 2026
943,Bihar,"NA
10/2016",97.0,FlashReport_January 2026
944,Bihar,"10/2021
06/2022",93.0,FlashReport_January 2026
945,Bihar,"09/2020
04/2021",97.0,FlashReport_January 2026
946,Bihar,"02/2017
12/2019",85.0,FlashReport_January 2026
947,Bihar,"NA
12/2018",89.0,FlashReport_January 2026
948,Bihar,"NA
01/2011",57.0,FlashReport_January 2026
949,Bihar,"09/2019
11/2020",89.0,FlashReport_January 2026
950,Bihar,"09/2019
11/2020",92.0,FlashReport_January 2026
951,Bihar,"02/2019
02/2020",87.0,FlashReport_January 2026
952,Bihar,"01/2018
11/2019",99.0,FlashReport_January 2026
953,Bihar,"03/2022
03/2024",22.0,FlashReport_January 2026
954,Bihar,"06/2022
02/2024",97.0,FlashReport_January 2026
955,Bihar,"NA
06/2017",99.0,FlashReport_January 2026
956,Bihar,"10/2022
12/2023",98.0,FlashReport_January 2026
957,Chhattisgarh,"03/2018
01/2019",97.0,FlashReport_January 2026
958,Chhattisgarh,"12/2022
03/2025",20.0,FlashReport_January 2026
959,Chhattisgarh,"11/2017
05/2019",97.0,FlashReport_January 2026
960,Chhattisgarh,"03/2020
05/2022",90.0,FlashReport_January 2026
961,Chhattisgarh,"12/2020
03/2022",85.0,FlashReport_January 2026
962,Chhattisgarh,"06/2022
07/2023",60.0,FlashReport_January 2026
963,Chhattisgarh,"06/2022
06/2023",40.0,FlashReport_January 2026
964,Chhattisgarh,"04/2020
03/2022",94.0,FlashReport_January 2026
965,Chhattisgarh,"11/2021
09/2022",98.0,FlashReport_January 2026
966,Chhattisgarh,"12/2021
01/2023",94.0,FlashReport_January 2026
967,Chhattisgarh,"03/2022
10/2023",56.0,FlashReport_January 2026
968,Chhattisgarh,"05/2022
09/2022",100.0,FlashReport_January 2026
969,Chhattisgarh,"NA
04/2016",100.0,FlashReport_January 2026
970,Chhattisgarh,"12/2019
12/2020",93.0,FlashReport_January 2026
971,Delhi,"07/2020
10/2021",99.0,FlashReport_January 2026
972,Delhi,"07/2020
01/2022",96.0,FlashReport_January 2026
973,Delhi,"01/2018
10/2019",100.0,FlashReport_January 2026
974,Goa,"04/2023
04/2024",71.0,FlashReport_January 2026
975,Gujarat,"10/2022
02/2024",21.0,FlashReport_January 2026
976,Gujarat,"03/2024
08/2025",5.0,FlashReport_January 2026
977,Gujarat,"03/2024
08/2025",8.0,FlashReport_January 2026
978,Gujarat,"03/2024
09/2025",10.0,FlashReport_January 2026
979,Gujarat,"03/2022
03/2024",92.0,FlashReport_January 2026
980,Gujarat,"03/2023
06/2024",55.0,FlashReport_January 2026
981,Gujarat,"12/2022
02/2024",50.0,FlashReport_January 2026
982,Gujarat,"02/2024
12/2025",2.0,FlashReport_January 2026
983,Gujarat,"09/2022
12/2023",47.0,FlashReport_January 2026
984,Gujarat,"09/2020
12/2022",72.0,FlashReport_January 2026
985,Gujarat,"09/2020
11/2021",96.0,FlashReport_January 2026
986,Gujarat,"11/2019
09/2021",99.0,FlashReport_January 2026
987,Gujarat,"11/2019
05/2021",95.0,FlashReport_January 2026
988,Gujarat,"02/2018
11/2019",91.0,FlashReport_January 2026
989,Gujarat,"07/2020
11/2021",97.0,FlashReport_January 2026
990,Gujarat,"05/2020
01/2022",99.0,FlashReport_January 2026
991,Gujarat,"05/2020
01/2022",99.0,FlashReport_January 2026
992,Gujarat,"05/2020
07/2021",100.0,FlashReport_January 2026
993,Gujarat,"05/2020
12/2021",97.0,FlashReport_January 2026
994,Gujarat,"02/2020
08/2021",99.0,FlashReport_January 2026
995,Gujarat,"02/2020
03/2021",99.0,FlashReport_January 2026
996,Gujarat,"03/2024
02/2025",10.0,FlashReport_January 2026
997,Gujarat,"03/2022
01/2023",96.0,FlashReport_January 2026
998,Gujarat,"NA
02/2018",98.0,FlashReport_January 2026
999,Gujarat,"03/2022
04/2022",100.0,FlashReport_January 2026
1000,Gujarat,"08/2020
03/2021",100.0,FlashReport_January 2026
1001,Gujarat,"03/2023
11/2025",1.0,FlashReport_January 2026
1002,Gujarat,"03/2023
11/2025",0.0,FlashReport_January 2026
1003,Gujarat,"NA
05/2017",100.0,FlashReport_January 2026
1004,Gujarat,"03/2022
09/2023",56.0,FlashReport_January 2026
1005,Gujarat,"01/2019
02/2020",100.0,FlashReport_January 2026
1006,Gujarat,"NA
02/2017",100.0,FlashReport_January 2026
1007,Gujarat,"NA
03/2017",97.0,FlashReport_January 2026
1008,Gujarat,"08/2020
03/2021",99.0,FlashReport_January 2026
1009,Gujarat,"NA
02/2017",100.0,FlashReport_January 2026
1010,Haryana,"12/2020
12/2021",79.0,FlashReport_January 2026
1011,Haryana,"01/2021
12/2021",76.0,FlashReport_January 2026
1012,Haryana,"01/2019
07/2020",97.0,FlashReport_January 2026
1013,Haryana,"03/2022
06/2023",87.0,FlashReport_January 2026
1014,Haryana,"11/2022
12/2023",99.0,FlashReport_January 2026
1015,Haryana,"03/2022
02/2023",55.0,FlashReport_January 2026
1016,Haryana,"02/2023
10/2023",68.0,FlashReport_January 2026
1017,Haryana,"01/2019
07/2020",99.0,FlashReport_January 2026
1018,Haryana,"05/2020
11/2021",72.0,FlashReport_January 2026
1019,Himachal Pradesh,"08/2020
09/2021",98.0,FlashReport_January 2026
1020,Himachal Pradesh,"04/2020
03/2021",98.0,FlashReport_January 2026
1021,Himachal Pradesh,"03/2021
07/2023",23.0,FlashReport_January 2026
1022,Himachal Pradesh,"03/2021
05/2023",57.0,FlashReport_January 2026
1023,Himachal Pradesh,"08/2020
10/2022",56.0,FlashReport_January 2026
1024,Himachal Pradesh,"08/2020
06/2022",85.0,FlashReport_January 2026
1025,Himachal Pradesh,"03/2016
01/2018",100.0,FlashReport_January 2026
1026,Himachal Pradesh,"02/2022
06/2022",100.0,FlashReport_January 2026
1027,Himachal Pradesh,"03/2022
09/2023",91.0,FlashReport_January 2026
1028,Himachal Pradesh,"02/2023
03/2025",21.0,FlashReport_January 2026
1029,Himachal Pradesh,"03/2022
04/2023",84.0,FlashReport_January 2026
1030,Himachal Pradesh,"03/2021
12/2022",97.0,FlashReport_January 2026
1031,Himachal Pradesh,"08/2022
10/2023",91.0,FlashReport_January 2026
1032,Himachal Pradesh,"03/2022
04/2023",50.0,FlashReport_January 2026
1033,Himachal Pradesh,"03/2018
11/2018",90.0,FlashReport_January 2026
1034,Himachal Pradesh,"03/2021
05/2022",53.0,FlashReport_January 2026
1035,"Jammu and
Kashmir","03/2024
01/2026",0.0,FlashReport_January 2026
1036,"Jammu and
Kashmir","03/2023
09/2024",38.0,FlashReport_January 2026
1037,"Jammu and
Kashmir","03/2023
08/2024",48.0,FlashReport_January 2026
1038,"Jammu and
Kashmir","11/2021
06/2023",50.0,FlashReport_January 2026
1039,"Jammu and
Kashmir","06/2022
08/2023",78.0,FlashReport_January 2026
1040,"Jammu and
Kashmir","03/2021
07/2022",98.0,FlashReport_January 2026
1041,"Jammu and
Kashmir","09/2021
07/2024",30.0,FlashReport_January 2026
1042,"Jammu and
Kashmir","10/2022
01/2024",65.0,FlashReport_January 2026
1043,"Jammu and
Kashmir","03/2020
09/2021",85.0,FlashReport_January 2026
1044,"Jammu and
Kashmir","03/2020
08/2021",90.0,FlashReport_January 2026
1045,"Jammu and
Kashmir","07/2021
07/2022",84.0,FlashReport_January 2026
1046,"Jammu and
Kashmir","07/2020
11/2022",93.0,FlashReport_January 2026
1047,"Jammu and
Kashmir","07/2020
10/2020",90.0,FlashReport_January 2026
1048,"Jammu and
Kashmir","03/2021
08/2021",0.0,FlashReport_January 2026
1049,"Jammu and
Kashmir","02/2021
03/2021",0.0,FlashReport_January 2026
1050,"Jammu and
Kashmir","07/2020
10/2020",94.0,FlashReport_January 2026
1051,"Jammu and
Kashmir","03/2021
08/2021",0.0,FlashReport_January 2026
1052,"Jammu and
Kashmir","03/2021
07/2021",98.0,FlashReport_January 2026
1053,"Jammu and
Kashmir","03/2018
07/2019",0.0,FlashReport_January 2026
1054,"Jammu and
Kashmir","03/2018
01/2023",68.0,FlashReport_January 2026
1055,"Jammu and
Kashmir","10/2021
09/2022",88.0,FlashReport_January 2026
1056,"Jammu and
Kashmir","06/2022
06/2023",55.0,FlashReport_January 2026
1057,"Jammu and
Kashmir","09/2021
09/2022",92.0,FlashReport_January 2026
1058,"Jammu and
Kashmir","12/2022
11/2023",54.0,FlashReport_January 2026
1059,"Jammu and
Kashmir","03/2021
08/2021",84.0,FlashReport_January 2026
1060,"Jammu and
Kashmir","07/2021
08/2022",23.0,FlashReport_January 2026
1061,"Jammu and
Kashmir","07/2021
02/2022",86.0,FlashReport_January 2026
1062,"Jammu and
Kashmir","07/2021
02/2022",42.0,FlashReport_January 2026
1063,"Jammu and
Kashmir","09/2021
04/2022",36.0,FlashReport_January 2026
1064,"Jammu and
Kashmir","11/2022
12/2023",42.0,FlashReport_January 2026
1065,"Jammu and
Kashmir","12/2017
01/2018",99.0,FlashReport_January 2026
1066,"Jammu and
Kashmir","11/2022
06/2023",82.0,FlashReport_January 2026
1067,"Jammu and
Kashmir","06/2022
12/2022",70.0,FlashReport_January 2026
1068,"Jammu and
Kashmir","03/2024
08/2024",41.0,FlashReport_January 2026
1069,"Jammu and
Kashmir","03/2021
08/2021",95.0,FlashReport_January 2026
1070,Jharkhand,"01/2022
01/2023",87.0,FlashReport_January 2026
1071,Jharkhand,"02/2020
08/2021",93.0,FlashReport_January 2026
1072,Jharkhand,"03/2022
08/2023",0.0,FlashReport_January 2026
1073,Jharkhand,"03/2023
11/2025",2.0,FlashReport_January 2026
1074,Jharkhand,"01/2025
09/2025",5.0,FlashReport_January 2026
1075,Jharkhand,"03/2020
04/2022",98.0,FlashReport_January 2026
1076,Jharkhand,"02/2022
06/2023",86.0,FlashReport_January 2026
1077,Jharkhand,"02/2022
06/2023",76.0,FlashReport_January 2026
1078,Jharkhand,"01/2025
12/2025",0.0,FlashReport_January 2026
1079,Jharkhand,"09/2020
10/2021",93.0,FlashReport_January 2026
1080,Jharkhand,"10/2022
11/2023",76.0,FlashReport_January 2026
1081,Jharkhand,"03/2022
05/2023",99.0,FlashReport_January 2026
1082,Jharkhand,"03/2018
12/2021",91.0,FlashReport_January 2026
1083,Jharkhand,"09/2022
12/2023",78.0,FlashReport_January 2026
1084,Jharkhand,"11/2024
01/2026",0.0,FlashReport_January 2026
1085,Jharkhand,"03/2023
01/2026",0.0,FlashReport_January 2026
1086,Karnataka,"08/2020
06/2021",52.0,FlashReport_January 2026
1087,Karnataka,"11/2022
07/2025",0.0,FlashReport_January 2026
1088,Karnataka,"03/2022
02/2023",86.0,FlashReport_January 2026
1089,Karnataka,"03/2022
03/2023",72.0,FlashReport_January 2026
1090,Karnataka,"03/2019
05/2019",68.0,FlashReport_January 2026
1091,Karnataka,"03/2022
02/2023",75.0,FlashReport_January 2026
1092,Karnataka,"03/2022
08/2022",92.0,FlashReport_January 2026
1093,Karnataka,"01/2022
01/2023",78.0,FlashReport_January 2026
1094,Karnataka,"02/2022
11/2022",0.0,FlashReport_January 2026
1095,Karnataka,"01/2021
12/2021",0.0,FlashReport_January 2026
1096,Karnataka,"03/2023
07/2025",10.0,FlashReport_January 2026
1097,Karnataka,"03/2022
01/2023",93.0,FlashReport_January 2026
1098,Karnataka,"01/2022
12/2022",76.0,FlashReport_January 2026
1099,Karnataka,"03/2019
12/2019",0.0,FlashReport_January 2026
1100,Karnataka,"01/2023
02/2024",42.0,FlashReport_January 2026
1101,Karnataka,"12/2022
08/2025",0.0,FlashReport_January 2026
1102,Karnataka,"12/2021
03/2023",77.0,FlashReport_January 2026
1103,Karnataka,"02/2022
12/2022",69.0,FlashReport_January 2026
1130,Kerala,"02/2017
08/2017",98.0,FlashReport_January 2026
1131,Kerala,"06/2020
10/2021",79.0,FlashReport_January 2026
1132,Kerala,"08/2020
11/2021",81.0,FlashReport_January 2026
1133,Kerala,"10/2020
10/2021",60.0,FlashReport_January 2026
1134,Kerala,"03/2020
12/2020",100.0,FlashReport_January 2026
1135,Kerala,"01/2021
01/2022",99.0,FlashReport_January 2026
1136,Kerala,"02/2021
01/2022",98.0,FlashReport_January 2026
1137,Kerala,"06/2021
09/2022",88.0,FlashReport_January 2026
1138,Kerala,"06/2021
09/2022",84.0,FlashReport_January 2026
1139,Kerala,"11/2021
10/2022",64.0,FlashReport_January 2026
1140,Kerala,"08/2022
02/2023",83.0,FlashReport_January 2026
1141,Kerala,"09/2021
03/2022",68.0,FlashReport_January 2026
1142,Kerala,"12/2021
08/2022",71.0,FlashReport_January 2026
1143,Kerala,"06/2021
04/2022",73.0,FlashReport_January 2026
1144,Kerala,"09/2022
06/2023",52.0,FlashReport_January 2026
1145,Kerala,"02/2018
02/2021",98.0,FlashReport_January 2026
1146,Ladakh,"03/2021
07/2021",90.0,FlashReport_January 2026
1147,Ladakh,"03/2021
07/2021",82.0,FlashReport_January 2026
1148,Ladakh,"03/2021
07/2021",75.0,FlashReport_January 2026
1149,Madhya Pradesh,"03/2015
08/2015",94.0,FlashReport_January 2026
1150,Madhya Pradesh,"03/2022
01/2024",0.0,FlashReport_January 2026
1151,Madhya Pradesh,"01/2022
09/2023",93.0,FlashReport_January 2026
1152,Madhya Pradesh,"03/2022
05/2023",88.0,FlashReport_January 2026
1153,Madhya Pradesh,"03/2022
02/2023",63.0,FlashReport_January 2026
1154,Madhya Pradesh,"02/2024
12/2025",0.0,FlashReport_January 2026
1155,Madhya Pradesh,"03/2022
06/2023",67.0,FlashReport_January 2026
1156,Madhya Pradesh,"03/2022
10/2023",50.0,FlashReport_January 2026
1157,Madhya Pradesh,"12/2021
04/2023",70.0,FlashReport_January 2026
1158,Madhya Pradesh,"02/2023
10/2024",51.0,FlashReport_January 2026
1159,Madhya Pradesh,"03/2025
01/2026",0.0,FlashReport_January 2026
1160,Madhya Pradesh,"03/2022
01/2023",83.0,FlashReport_January 2026
1161,Madhya Pradesh,"01/2021
04/2022",87.0,FlashReport_January 2026
1162,Madhya Pradesh,"11/2022
10/2023",59.0,FlashReport_January 2026
1163,Madhya Pradesh,"10/2024
11/2025",1.0,FlashReport_January 2026
1164,Madhya Pradesh,"09/2022
12/2023",73.0,FlashReport_January 2026
1165,Madhya Pradesh,"02/2022
11/2022",78.0,FlashReport_January 2026
1166,Madhya Pradesh,"03/2021
04/2022",83.0,FlashReport_January 2026
1167,Madhya Pradesh,"10/2024
10/2025",5.0,FlashReport_January 2026
1168,Madhya Pradesh,"03/2025
12/2025",0.0,FlashReport_January 2026
1169,Madhya Pradesh,"10/2024
11/2025",5.0,FlashReport_January 2026
1170,Madhya Pradesh,"09/2022
03/2023",80.0,FlashReport_January 2026
1171,Madhya Pradesh,"10/2024
10/2025",6.0,FlashReport_January 2026
1172,Madhya Pradesh,"01/2022
11/2022",79.0,FlashReport_January 2026
1173,Madhya Pradesh,"01/2020
10/2021",93.0,FlashReport_January 2026
1174,Madhya Pradesh,"01/2021
07/2021",57.0,FlashReport_January 2026
1175,Madhya Pradesh,"12/2021
09/2022",99.0,FlashReport_January 2026
1176,Madhya Pradesh,"10/2022
09/2023",68.0,FlashReport_January 2026
1177,Madhya Pradesh,"02/2024
01/2026",0.0,FlashReport_January 2026
1178,Madhya Pradesh,"03/2024
08/2025",9.0,FlashReport_January 2026
1179,Madhya Pradesh,"03/2025
01/2026",0.0,FlashReport_January 2026
1180,Madhya Pradesh,"02/2024
08/2025",5.0,FlashReport_January 2026
1181,Madhya Pradesh,"01/2020
08/2021",99.0,FlashReport_January 2026
1182,Madhya Pradesh,"01/2023
03/2024",39.0,FlashReport_January 2026
1183,Maharashtra,"03/2024
10/2025",0.0,FlashReport_January 2026
1184,Maharashtra,"03/2021
03/2022",95.0,FlashReport_January 2026
1185,Maharashtra,"03/2022
07/2023",62.0,FlashReport_January 2026
1186,Maharashtra,"02/2023
03/2024",88.0,FlashReport_January 2026
1187,Maharashtra,"07/2017
09/2017",95.0,FlashReport_January 2026
1188,Maharashtra,"12/2024
09/2025",1.0,FlashReport_January 2026
1189,Maharashtra,"09/2018
10/2018",98.0,FlashReport_January 2026
1190,Maharashtra,"03/2025
10/2025",0.0,FlashReport_January 2026
1191,Maharashtra,"03/2016
02/2018",97.0,FlashReport_January 2026
1192,Maharashtra,"03/2016
11/2017",0.0,FlashReport_January 2026
1193,Maharashtra,"03/2016
11/2017",90.0,FlashReport_January 2026
1194,Maharashtra,"06/2022
01/2023",77.0,FlashReport_January 2026
1195,Maharashtra,"03/2022
11/2023",34.0,FlashReport_January 2026
1196,Maharashtra,"03/2022
04/2023",95.0,FlashReport_January 2026
1197,Maharashtra,"02/2023
02/2024",34.0,FlashReport_January 2026
1198,Maharashtra,"03/2024
03/2025",0.0,FlashReport_January 2026
1199,Maharashtra,"03/2022
03/2024",27.0,FlashReport_January 2026
1200,Maharashtra,"03/2022
04/2023",63.0,FlashReport_January 2026
1201,Maharashtra,"02/2017
06/2017",97.0,FlashReport_January 2026
1202,Maharashtra,"03/2018
06/2018",86.0,FlashReport_January 2026
1203,Maharashtra,"01/2017
06/2017",91.0,FlashReport_January 2026
1204,Maharashtra,"03/2021
11/2022",93.0,FlashReport_January 2026
1205,Maharashtra,"03/2021
06/2022",55.0,FlashReport_January 2026
1206,Maharashtra,"02/2023
09/2024",55.0,FlashReport_January 2026
1207,Maharashtra,"03/2021
02/2022",87.0,FlashReport_January 2026
1208,Maharashtra,"01/2017
08/2017",96.0,FlashReport_January 2026
1209,Maharashtra,"01/2017
08/2017",98.0,FlashReport_January 2026
1210,Maharashtra,"03/2022
01/2023",62.0,FlashReport_January 2026
1211,Maharashtra,"03/2017
06/2017",80.0,FlashReport_January 2026
1212,Maharashtra,"02/2017
06/2017",83.0,FlashReport_January 2026
1213,Maharashtra,"03/2022
05/2023",62.0,FlashReport_January 2026
1214,Maharashtra,"03/2025
01/2026",0.0,FlashReport_January 2026
1215,Maharashtra,"03/2018
06/2018",99.0,FlashReport_January 2026
1216,Maharashtra,"03/2018
06/2018",89.0,FlashReport_January 2026
1217,Maharashtra,"03/2023
01/2024",93.0,FlashReport_January 2026
1218,Maharashtra,"02/2023
11/2023",99.0,FlashReport_January 2026
1219,Maharashtra,"03/2018
01/2022",81.0,FlashReport_January 2026
1220,Maharashtra,"02/2023
07/2024",34.0,FlashReport_January 2026
1221,Maharashtra,"06/2020
05/2022",99.0,FlashReport_January 2026
1222,Maharashtra,"06/2020
02/2022",90.0,FlashReport_January 2026
1223,Maharashtra,"05/2021
11/2022",86.0,FlashReport_January 2026
1224,Maharashtra,"05/2021
11/2022",91.0,FlashReport_January 2026
1225,Maharashtra,"06/2021
11/2022",90.0,FlashReport_January 2026
1226,Maharashtra,"09/2021
01/2023",84.0,FlashReport_January 2026
1227,Maharashtra,"11/2017
02/2019",86.0,FlashReport_January 2026
1228,Maharashtra,"12/2021
01/2023",49.0,FlashReport_January 2026
1229,Maharashtra,"12/2021
12/2022",73.0,FlashReport_January 2026
1230,Maharashtra,"12/2015
03/2016",97.0,FlashReport_January 2026
1231,Maharashtra,"03/2023
07/2023",72.0,FlashReport_January 2026
1232,Maharashtra,"02/2021
11/2021",99.0,FlashReport_January 2026
1233,Maharashtra,"12/2022
03/2023",96.0,FlashReport_January 2026
1234,Maharashtra,"01/2025
07/2025",5.0,FlashReport_January 2026
1235,Maharashtra,"02/2021
01/2022",97.0,FlashReport_January 2026
1236,Maharashtra,"02/2022
05/2023",65.0,FlashReport_January 2026
1237,Maharashtra,"02/2022
05/2023",63.0,FlashReport_January 2026
1238,Maharashtra,"02/2021
10/2021",81.0,FlashReport_January 2026
1239,Maharashtra,"02/2025
07/2025",15.0,FlashReport_January 2026
1240,Maharashtra,"02/2021
03/2022",0.0,FlashReport_January 2026
1261,Manipur,"04/2020
07/2020",96.0,FlashReport_January 2026
1262,Manipur,"06/2020
11/2025",0.0,FlashReport_January 2026
1263,Manipur,"04/2020
08/2025",0.0,FlashReport_January 2026
1264,Manipur,"07/2021
09/2021",92.0,FlashReport_January 2026
1265,Manipur,"03/2021
06/2021",97.0,FlashReport_January 2026
1266,Manipur,"09/2021
11/2021",84.0,FlashReport_January 2026
1267,Manipur,"09/2021
11/2021",83.0,FlashReport_January 2026
1268,Manipur,"03/2023
03/2024",77.0,FlashReport_January 2026
1269,Manipur,"09/2021
07/2023",90.0,FlashReport_January 2026
1270,Manipur,"09/2021
08/2022",96.0,FlashReport_January 2026
1271,Manipur,"02/2021
06/2021",99.0,FlashReport_January 2026
1272,Manipur,"02/2021
06/2021",74.0,FlashReport_January 2026
1273,Meghalaya,"08/2020
02/2022",98.0,FlashReport_January 2026
1274,Meghalaya,"12/2023
05/2025",0.0,FlashReport_January 2026
1275,Meghalaya,"03/2023
09/2025",10.0,FlashReport_January 2026
1276,Meghalaya,"03/2023
03/2025",13.0,FlashReport_January 2026
1277,Meghalaya,"07/2020
05/2024",36.0,FlashReport_January 2026
1278,Meghalaya,"07/2020
04/2024",45.0,FlashReport_January 2026
1279,Meghalaya,"07/2020
02/2024",46.0,FlashReport_January 2026
1280,Meghalaya,"07/2020
10/2023",78.0,FlashReport_January 2026
1281,Meghalaya,"09/2021
05/2022",74.0,FlashReport_January 2026
1282,Meghalaya,"03/2023
09/2024",42.0,FlashReport_January 2026
1283,Meghalaya,"03/2023
09/2024",34.0,FlashReport_January 2026
1284,Meghalaya,"03/2023
09/2024",54.0,FlashReport_January 2026
1285,Mizoram,"12/2021
07/2025",0.0,FlashReport_January 2026
1286,Mizoram,"12/2021
07/2025",0.0,FlashReport_January 2026
1287,Mizoram,"11/2021
07/2025",0.0,FlashReport_January 2026
1288,Mizoram,"12/2021
07/2025",0.0,FlashReport_January 2026
1289,Mizoram,"02/2024
10/2025",0.0,FlashReport_January 2026
1290,Mizoram,"02/2024
11/2025",0.0,FlashReport_January 2026
1291,Mizoram,"01/2024
12/2025",0.0,FlashReport_January 2026
1292,Mizoram,"02/2023
10/2025",0.0,FlashReport_January 2026
1293,Mizoram,"09/2021
09/2023",95.0,FlashReport_January 2026
1294,Mizoram,"03/2020
07/2020",0.0,FlashReport_January 2026
1295,Mizoram,"03/2020
07/2020",0.0,FlashReport_January 2026
1296,Mizoram,"03/2021
06/2021",64.0,FlashReport_January 2026
1297,Mizoram,"06/2021
07/2021",61.0,FlashReport_January 2026
1298,Mizoram,"09/2019
10/2019",95.0,FlashReport_January 2026
1299,Mizoram,"09/2019
10/2019",97.0,FlashReport_January 2026
1300,Mizoram,"09/2019
12/2019",98.0,FlashReport_January 2026
1301,Mizoram,"09/2019
10/2020",100.0,FlashReport_January 2026
1302,Mizoram,"09/2019
03/2020",99.0,FlashReport_January 2026
1303,Mizoram,"09/2019
10/2019",99.0,FlashReport_January 2026
1304,Mizoram,"02/2023
12/2024",4.0,FlashReport_January 2026
1305,Mizoram,"12/2021
11/2023",75.0,FlashReport_January 2026
1306,"Multi-States
(Andhra Pradesh,
Odisha)","02/2021
03/2022",93.0,FlashReport_January 2026
1307,"Multi-States
(Andhra Pradesh,
Tamil Nadu)","10/2020
05/2022",91.0,FlashReport_January 2026
1308,"Multi-States
(Andhra Pradesh,
Tamil Nadu)","03/2021
01/2023",98.0,FlashReport_January 2026
1309,"Multi-States
(Andhra Pradesh,
Tamil Nadu)","12/2024
09/2025",8.0,FlashReport_January 2026
1310,"Multi-States
(Andhra Pradesh,
Tamil Nadu)","02/2021
12/2022",98.0,FlashReport_January 2026
1311,"Multi-States
(Andhra Pradesh,
Tamil Nadu)","02/2021
10/2023",93.0,FlashReport_January 2026
1312,"Multi-States
(Andhra Pradesh,
Tamil Nadu)","12/2017
03/2018",100.0,FlashReport_January 2026
1313,"Multi-States
(Andhra Pradesh,
Telangana)","01/2021
09/2022",98.0,FlashReport_January 2026
1314,"Multi-States
(Andhra Pradesh,
Telangana)","03/2023
03/2025",7.0,FlashReport_January 2026
1315,"Multi-States
(Bihar, Jharkhand)","02/2021
12/2024",17.0,FlashReport_January 2026
1316,"Multi-States
(Bihar, Jharkhand)","06/2021
03/2022",92.0,FlashReport_January 2026
1317,"Multi-States
(Bihar, Jharkhand)","03/2023
07/2025",6.0,FlashReport_January 2026
1318,"Multi-States
(Bihar, Jharkhand)","09/2020
03/2022",91.0,FlashReport_January 2026
1319,"Multi-States
(Bihar, Jharkhand)","10/2016
11/2020",82.0,FlashReport_January 2026
1320,"Multi-States
(Bihar, Jharkhand)","12/2017
06/2019",78.0,FlashReport_January 2026
1321,"Multi-States
(Bihar, Uttar
Pradesh)","NA
09/2011",94.0,FlashReport_January 2026
1322,"Multi-States
(Bihar, Uttar
Pradesh)","03/2024
08/2025",6.0,FlashReport_January 2026
1323,"Multi-States
(Bihar, Uttar
Pradesh)","10/2022
08/2023",72.0,FlashReport_January 2026
1324,"Multi-States
(Bihar, West
Bengal)","01/2025
12/2025",0.0,FlashReport_January 2026
1325,"Multi-States
(Chhattisgarh,
Odisha)","02/2021
03/2022",99.0,FlashReport_January 2026
1326,"Multi-States
(Dadra & Nagar
Haveli and Daman
& Diu, Gujarat,
Maharashtra)","10/2020
03/2022",36.0,FlashReport_January 2026
1327,"Multi-States (Delhi,
Uttar Pradesh)","09/2020
06/2022",100.0,FlashReport_January 2026
1328,"Multi-States (Goa,
Karnataka)","01/2022
11/2022",78.0,FlashReport_January 2026
1329,"Multi-States
(Gujarat,
Maharashtra)","12/2019
09/2020",97.0,FlashReport_January 2026
1330,"Multi-States
(Haryana, Punjab)","01/2021
05/2022",98.0,FlashReport_January 2026
1331,"Multi-States
(Haryana, Punjab)","11/2021
12/2022",98.0,FlashReport_January 2026
1332,"Multi-States
(Haryana, Punjab)","10/2022
06/2023",100.0,FlashReport_January 2026
1333,"Multi-States
(Haryana, Punjab)","02/2023
12/2023",60.0,FlashReport_January 2026
1334,"Multi-States
(Haryana, Punjab)","03/2022
10/2023",78.0,FlashReport_January 2026
1335,"Multi-States
(Haryana,
Rajasthan)","08/2022
12/2022",85.0,FlashReport_January 2026
1336,"Multi-States
(Haryana, Uttar
Pradesh)","03/2024
08/2025",2.0,FlashReport_January 2026
1337,"Multi-States
(Haryana, Uttar
Pradesh)","06/2022
05/2023",70.0,FlashReport_January 2026
1338,"Multi-States
(Haryana, Uttar
Pradesh)","07/2022
06/2023",63.0,FlashReport_January 2026
1339,"Multi-States
(Jammu and
Kashmir, Punjab)","10/2021
09/2022",82.0,FlashReport_January 2026
1340,"Multi-States
(Jharkhand, Uttar
Pradesh)","03/2022
09/2023",92.0,FlashReport_January 2026
1341,"Multi-States
(Jharkhand, West
Bengal)","08/2010
04/2014",100.0,FlashReport_January 2026
1342,"Multi-States
(Jharkhand, West
Bengal)","03/2023
09/2025",5.0,FlashReport_January 2026
1343,"Multi-States
(Jharkhand, West
Bengal)","03/2018
12/2019",97.0,FlashReport_January 2026
1344,"Multi-States
(Jharkhand, West
Bengal)","02/2025
02/2026",0.0,FlashReport_January 2026
1345,"Multi-States
(Jharkhand, West
Bengal)","NA
12/2017",99.0,FlashReport_January 2026
1346,"Multi-States
(Karnataka,
Maharashtra)","11/2021
10/2022",97.0,FlashReport_January 2026
1347,"Multi-States
(Karnataka,
Maharashtra)","01/2022
10/2022",77.0,FlashReport_January 2026
1348,"Multi-States
(Karnataka, Tamil
Nadu)","03/2022
05/2023",75.0,FlashReport_January 2026
1349,"Multi-States
(Karnataka, Tamil
Nadu)","10/2021
10/2022",78.0,FlashReport_January 2026
1350,"Multi-States
(Karnataka,
Telangana)","02/2022
01/2023",80.0,FlashReport_January 2026
1351,"Multi-States
(Kerala,
Puducherry)","09/2017
12/2017",100.0,FlashReport_January 2026
1352,"Multi-States
(Madhya Pradesh,
Maharashtra)","12/2022
03/2024",58.0,FlashReport_January 2026
1353,"Multi-States
(Madhya Pradesh,
Uttar Pradesh)","10/2024
09/2025",17.0,FlashReport_January 2026
1354,"Multi-States
(Maharashtra,
Telangana)","03/2022
10/2022",100.0,FlashReport_January 2026
1355,"Multi-States
(Puducherry, Tamil
Nadu)","03/2018
11/2021",98.0,FlashReport_January 2026
1356,"Multi-States
(Puducherry, Tamil
Nadu)","03/2018
10/2020",77.0,FlashReport_January 2026
1357,"Multi-States (Uttar
Pradesh,
Uttarakhand)","04/2022
11/2022",99.0,FlashReport_January 2026
1358,"Multi-States (Uttar
Pradesh,
Uttarakhand)","04/2025
10/2025",3.0,FlashReport_January 2026
1359,"Multi-States (Uttar
Pradesh,
Uttarakhand)","02/2023
03/2024",35.0,FlashReport_January 2026
1360,"Multi-States (Uttar
Pradesh,
Uttarakhand)","11/2021
02/2023",90.0,FlashReport_January 2026
1361,Nagaland,"06/2020
06/2024",41.0,FlashReport_January 2026
1362,Nagaland,"02/2021
06/2023",0.0,FlashReport_January 2026
1363,Nagaland,"03/2021
07/2022",85.0,FlashReport_January 2026
1364,Nagaland,"07/2020
10/2020",34.0,FlashReport_January 2026
1365,Nagaland,"07/2020
06/2023",35.0,FlashReport_January 2026
1366,Nagaland,"07/2020
10/2020",67.0,FlashReport_January 2026
1367,Nagaland,"07/2020
11/2023",22.0,FlashReport_January 2026
1368,Nagaland,"03/2020
11/2023",91.0,FlashReport_January 2026
1369,Nagaland,"03/2020
01/2024",29.0,FlashReport_January 2026
1370,Nagaland,"03/2016
09/2023",0.0,FlashReport_January 2026
1371,Nagaland,"02/2017
09/2017",0.0,FlashReport_January 2026
1372,Nagaland,"12/2022
08/2023",78.0,FlashReport_January 2026
1373,Nagaland,"12/2022
08/2023",80.0,FlashReport_January 2026
1374,Nagaland,"12/2022
08/2023",38.0,FlashReport_January 2026
1375,Nagaland,"02/2021
06/2023",76.0,FlashReport_January 2026
1376,Nagaland,"01/2021
09/2023",81.0,FlashReport_January 2026
1377,Nagaland,"03/2021
09/2023",0.0,FlashReport_January 2026
1378,Nagaland,"03/2018
08/2023",95.0,FlashReport_January 2026
1379,Nagaland,"03/2018
09/2023",65.0,FlashReport_January 2026
1380,Odisha,"03/2022
02/2024",46.0,FlashReport_January 2026
1381,Odisha,"02/2022
04/2023",40.0,FlashReport_January 2026
1382,Odisha,"12/2021
05/2023",70.0,FlashReport_January 2026
1383,Odisha,"03/2022
06/2023",50.0,FlashReport_January 2026
1384,Odisha,"02/2023
05/2025",15.0,FlashReport_January 2026
1385,Odisha,"01/2022
05/2023",90.0,FlashReport_January 2026
1386,Odisha,"02/2022
05/2023",60.0,FlashReport_January 2026
1387,Odisha,"03/2021
03/2022",35.0,FlashReport_January 2026
1388,Odisha,"11/2021
06/2023",45.0,FlashReport_January 2026
1389,Odisha,"03/2022
02/2024",60.0,FlashReport_January 2026
1390,Odisha,"11/2014
03/2019",91.0,FlashReport_January 2026
1391,Odisha,"09/2023
11/2024",9.0,FlashReport_January 2026
1392,Odisha,"09/2021
05/2022",93.0,FlashReport_January 2026
1393,Odisha,"08/2021
06/2022",98.0,FlashReport_January 2026
1394,Odisha,"12/2021
10/2022",93.0,FlashReport_January 2026
1395,Odisha,"09/2020
03/2021",99.0,FlashReport_January 2026
1396,Odisha,"03/2023
12/2023",85.0,FlashReport_January 2026
1397,Odisha,"03/2023
12/2023",90.0,FlashReport_January 2026
1398,Odisha,"04/2022
08/2022",38.0,FlashReport_January 2026
1399,Odisha,"10/2017
12/2018",96.0,FlashReport_January 2026
1400,Odisha,"NA
12/2011",97.0,FlashReport_January 2026
1401,Odisha,"03/2021
04/2022",98.0,FlashReport_January 2026
1402,Odisha,"NA
03/2017",99.0,FlashReport_January 2026
1403,Odisha,"10/2017
01/2018",99.0,FlashReport_January 2026
1404,Odisha,"01/2018
02/2019",99.0,FlashReport_January 2026
1405,Odisha,"01/2018
02/2020",86.0,FlashReport_January 2026
1406,Punjab,"03/2022
10/2023",96.0,FlashReport_January 2026
1428,Punjab,"12/2020
06/2022",59.0,FlashReport_January 2026
1429,Punjab,"03/2021
06/2024",63.0,FlashReport_January 2026
1430,Punjab,"07/2021
09/2025",11.0,FlashReport_January 2026
1431,Rajasthan,"12/2020
10/2021",98.0,FlashReport_January 2026
1432,Rajasthan,"03/2022
02/2023",100.0,FlashReport_January 2026
1433,Rajasthan,"12/2021
09/2022",97.0,FlashReport_January 2026
1434,Rajasthan,"01/2022
12/2022",85.0,FlashReport_January 2026
1435,Rajasthan,"12/2021
05/2022",83.0,FlashReport_January 2026
1436,Rajasthan,"03/2022
10/2024",66.0,FlashReport_January 2026
1437,Rajasthan,"02/2023
10/2024",34.0,FlashReport_January 2026
1438,Rajasthan,"02/2022
09/2023",0.0,FlashReport_January 2026
1439,Rajasthan,"03/2022
02/2023",90.0,FlashReport_January 2026
1440,Rajasthan,"03/2022
10/2023",25.0,FlashReport_January 2026
1441,Rajasthan,"11/2019
05/2021",99.0,FlashReport_January 2026
1442,Rajasthan,"11/2019
05/2021",94.0,FlashReport_January 2026
1443,Rajasthan,"07/2020
07/2021",90.0,FlashReport_January 2026
1444,Rajasthan,"10/2019
08/2021",100.0,FlashReport_January 2026
1445,Rajasthan,"10/2019
07/2021",98.0,FlashReport_January 2026
1446,Rajasthan,"02/2018
04/2019",100.0,FlashReport_January 2026
1447,Rajasthan,"03/2025
12/2025",3.0,FlashReport_January 2026
1448,Rajasthan,"11/2021
08/2022",99.0,FlashReport_January 2026
1495,Telangana,"03/2018
06/2018",96.0,FlashReport_January 2026
1496,Telangana,"06/2017
11/2017",99.0,FlashReport_January 2026
1497,Telangana,"03/2022
07/2023",78.0,FlashReport_January 2026
1498,Telangana,"03/2022
10/2023",30.0,FlashReport_January 2026
1499,Telangana,"01/2022
01/2023",90.0,FlashReport_January 2026
1500,Telangana,"02/2018
06/2018",98.0,FlashReport_January 2026
1501,Telangana,"01/2022
12/2022",75.0,FlashReport_January 2026
1502,Telangana,"01/2017
05/2017",99.0,FlashReport_January 2026
1503,Telangana,"03/2017
11/2017",92.0,FlashReport_January 2026
1504,Telangana,"01/2022
12/2022",82.0,FlashReport_January 2026
1505,Telangana,"03/2022
03/2023",98.0,FlashReport_January 2026
1506,Telangana,"01/2022
12/2022",85.0,FlashReport_January 2026
1507,Telangana,"01/2022
01/2023",73.0,FlashReport_January 2026
1508,Telangana,"03/2022
01/2023",35.0,FlashReport_January 2026
1509,Telangana,"12/2021
08/2022",50.0,FlashReport_January 2026
1510,Telangana,"03/2022
03/2023",10.0,FlashReport_January 2026
1511,Telangana,"01/2021
10/2022",92.0,FlashReport_January 2026
1512,Telangana,"03/2022
07/2023",86.0,FlashReport_January 2026
1513,Telangana,"03/2023
06/2025",0.0,FlashReport_January 2026
1514,Telangana,"03/2023
06/2025",0.0,FlashReport_January 2026
1515,Telangana,"03/2023
07/2025",1.0,FlashReport_January 2026
1516,Telangana,"03/2023
07/2024",21.0,FlashReport_January 2026
1517,Telangana,"01/2021
01/2022",99.0,FlashReport_January 2026
1518,Telangana,"01/2021
09/2022",98.0,FlashReport_January 2026
1519,Telangana,"NA
03/2014",100.0,FlashReport_January 2026
1520,Tripura,"02/2022
01/2023",0.0,FlashReport_January 2026
1521,Tripura,"12/2023
09/2024",41.0,FlashReport_January 2026
1522,Tripura,"01/2024
12/2024",6.0,FlashReport_January 2026
1523,Tripura,"01/2024
09/2024",6.0,FlashReport_January 2026
1524,Tripura,"01/2024
09/2024",47.0,FlashReport_January 2026
1525,Tripura,"01/2024
07/2024",0.0,FlashReport_January 2026
1526,Tripura,"02/2020
09/2024",0.0,FlashReport_January 2026
1527,Tripura,"02/2020
07/2020",0.0,FlashReport_January 2026
1528,Tripura,"01/2023
05/2023",61.0,FlashReport_January 2026
1529,Tripura,"03/2023
03/2024",0.0,FlashReport_January 2026
1530,Uttar Pradesh,"02/2023
03/2024",91.0,FlashReport_January 2026
1531,Uttar Pradesh,"01/2022
01/2025",20.0,FlashReport_January 2026
1532,Uttar Pradesh,"12/2022
11/2024",22.0,FlashReport_January 2026
1533,Uttar Pradesh,"03/2021
03/2022",100.0,FlashReport_January 2026
1556,Uttar Pradesh,"03/2021
08/2022",90.0,FlashReport_January 2026
1557,Uttar Pradesh,"03/2022
01/2024",50.0,FlashReport_January 2026
1558,Uttar Pradesh,"03/2022
11/2023",93.0,FlashReport_January 2026
1559,Uttar Pradesh,"05/2023
10/2025",9.0,FlashReport_January 2026
1560,Uttar Pradesh,"04/2020
08/2022",100.0,FlashReport_January 2026
1561,Uttar Pradesh,"07/2018
02/2021",85.0,FlashReport_January 2026
1562,Uttar Pradesh,"04/2020
09/2022",90.0,FlashReport_January 2026
1563,Uttar Pradesh,"12/2022
06/2025",19.0,FlashReport_January 2026
1564,Uttar Pradesh,"03/2022
05/2025",27.0,FlashReport_January 2026
1565,Uttar Pradesh,"03/2024
01/2026",0.0,FlashReport_January 2026
1566,Uttar Pradesh,"05/2023
01/2026",0.0,FlashReport_January 2026
1567,Uttar Pradesh,"03/2023
03/2025",25.0,FlashReport_January 2026
1568,Uttar Pradesh,"01/2022
11/2024",37.0,FlashReport_January 2026
1569,Uttar Pradesh,"03/2022
11/2025",12.0,FlashReport_January 2026
1570,Uttar Pradesh,"03/2023
08/2025",5.0,FlashReport_January 2026
1571,Uttar Pradesh,"03/2023
01/2025",80.0,FlashReport_January 2026
1572,Uttar Pradesh,"05/2023
12/2025",14.0,FlashReport_January 2026
1573,Uttar Pradesh,"04/2020
07/2022",86.0,FlashReport_January 2026
1574,Uttar Pradesh,"04/2020
11/2022",98.0,FlashReport_January 2026
1622,Uttarakhand,"01/2024
10/2025",14.0,FlashReport_January 2026
1623,Uttarakhand,"02/2022
12/2025",0.0,FlashReport_January 2026
1624,Uttarakhand,"01/2024
10/2025",0.0,FlashReport_January 2026
1625,Uttarakhand,"03/2018
07/2018",69.0,FlashReport_January 2026
1626,Uttarakhand,"12/2023
06/2024",66.0,FlashReport_January 2026
1627,Uttarakhand,"12/2023
12/2024",40.0,FlashReport_January 2026
1628,Uttarakhand,"12/2023
06/2024",94.0,FlashReport_January 2026
1629,Uttarakhand,"06/2022
03/2023",74.0,FlashReport_January 2026
1630,Uttarakhand,"11/2021
10/2022",71.0,FlashReport_January 2026
1631,West Bengal,"11/2023
11/2025",0.0,FlashReport_January 2026
1632,West Bengal,"08/2016
11/2016",84.0,FlashReport_January 2026
1633,West Bengal,"03/2022
03/2023",64.0,FlashReport_January 2026
1634,West Bengal,"06/2020
10/2020",95.0,FlashReport_January 2026
1635,West Bengal,"06/2020
10/2020",91.0,FlashReport_January 2026
1636,West Bengal,"03/2018
10/2019",98.0,FlashReport_January 2026
1637,West Bengal,"03/2018
10/2020",96.0,FlashReport_January 2026
1638,West Bengal,"03/2025
11/2025",0.0,FlashReport_January 2026
1639,West Bengal,"08/2018
12/2018",95.0,FlashReport_January 2026
1640,West Bengal,"01/2021
02/2022",94.0,FlashReport_January 2026
1641,West Bengal,"03/2023
12/2025",0.0,FlashReport_January 2026
1642,Delhi,"10/2014
04/2018",98.0,FlashReport_January 2026
1643,Meghalaya,"09/2019
09/2020",99.0,FlashReport_January 2026
1644,"Multi-States
(Andhra Pradesh,
Bihar,
Chhattisgarh,
Jharkhand,
Madhya Pradesh,
Maharashtra,
Odisha,
Telangana, Uttar
Pradesh, West
Bengal)","04/2022
05/2024",97.0,FlashReport_January 2026
1645,"Multi-States
(Andhra Pradesh,
Bihar,
Chhattisgarh,
Jharkhand,
Madhya Pradesh,
Maharashtra,
Odisha,
Telangana, Uttar
Pradesh, West
Bengal)","NA
09/2021",87.0,FlashReport_January 2026
1646,"Multi-States
(Andhra Pradesh,
Chhattisgarh,
Jharkhand,
Maharashtra,
Odisha)","11/2021
05/2022",83.0,FlashReport_January 2026
1647,"Multi-States
(Arunachal
Pradesh, Assam)","12/2020
10/2021",99.0,FlashReport_January 2026
1648,"Multi-States
(Bihar, Gujarat,
Himachal Pradesh,
Jammu and
Kashmir, Ladakh,
Rajasthan, Uttar
Pradesh)","12/2019
04/2020",100.0,FlashReport_January 2026
1649,"Multi-States
(Bihar, Madhya
Pradesh,
Rajasthan, Uttar
Pradesh)","NA
03/2021",99.0,FlashReport_January 2026
1650,"Multi-States
(Maharashtra,
Telangana)","03/2020
03/2020",81.0,FlashReport_January 2026
1651,PAN India,"07/2022
07/2022",82.0,FlashReport_January 2026
1652,PAN India,"11/2020
11/2020",97.0,FlashReport_January 2026
1653,PAN India,"07/2017
10/2011",81.0,FlashReport_January 2026
1654,PAN India,"05/2023
05/2023",92.0,FlashReport_January 2026
1655,PAN India,"05/2023
06/2023",97.0,FlashReport_January 2026
1656,Bihar,"10/2017
03/2022",97.0,FlashReport_January 2026
1657,Bihar,"08/2017
07/2019",56.0,FlashReport_January 2026
1658,Bihar,"08/2017
07/2019",54.0,FlashReport_January 2026
1659,Bihar,"03/2010
03/2018",97.0,FlashReport_January 2026
1660,Bihar,"03/2010
03/2018",95.0,FlashReport_January 2026
1661,Uttar Pradesh,"05/2020
04/2023",79.0,FlashReport_January 2026
1662,Uttar Pradesh,"05/2020
11/2024",45.0,FlashReport_January 2026
1663,West Bengal,"05/2018
12/2021",93.0,FlashReport_January 2026
1664,Andhra Pradesh,"04/2005
01/2006",95.0,FlashReport_January 2026
1665,Andhra Pradesh,"04/2005
04/2005",98.0,FlashReport_January 2026
1666,Andhra Pradesh,"01/2009
11/2009",84.0,FlashReport_January 2026
1667,Assam,"04/1996
12/1996",55.0,FlashReport_January 2026
1668,Bihar,"04/2007
04/2007",44.0,FlashReport_January 2026
1669,Chhattisgarh,"04/2008
04/2008",72.0,FlashReport_January 2026
1670,Chhattisgarh,"04/2009
12/2009",86.0,FlashReport_January 2026
1671,Gujarat,"04/2017
04/2017",90.0,FlashReport_January 2026
1672,Gujarat,"04/1996
04/1996",93.0,FlashReport_January 2026
1673,Jharkhand,"04/2011
01/2012",70.0,FlashReport_January 2026
1674,Karnataka,"04/2014
04/2014",99.0,FlashReport_January 2026
1675,Madhya Pradesh,"04/2017
04/2017",49.0,FlashReport_January 2026
1676,Madhya Pradesh,"04/2008
01/2009",75.0,FlashReport_January 2026
1677,Madhya Pradesh,"04/2007
04/2007",80.0,FlashReport_January 2026
1678,Maharashtra,"04/2017
04/2017",52.0,FlashReport_January 2026
1679,Maharashtra,"04/2017
04/2018",76.0,FlashReport_January 2026
1680,Maharashtra,"04/2017
02/2019",80.0,FlashReport_January 2026
1681,Maharashtra,"04/2017
04/2018",69.0,FlashReport_January 2026
1682,Maharashtra,"04/2017
04/2018",91.0,FlashReport_January 2026
1683,Maharashtra,"05/2002
01/2017",49.0,FlashReport_January 2026
1684,Maharashtra,"04/1996
04/1996",89.0,FlashReport_January 2026
1685,Maharashtra,"04/2008
04/2008",72.0,FlashReport_January 2026
1686,Maharashtra,"04/2009
01/2010",97.0,FlashReport_January 2026
1687,Maharashtra,"04/2008
04/2008",65.0,FlashReport_January 2026
1688,Maharashtra,"04/2009
04/2009",72.0,FlashReport_January 2026
1689,Manipur,"04/1997
04/1997",98.0,FlashReport_January 2026
1690,"Multi-States
(Bihar, Jharkhand)","08/2017
01/2021",38.0,FlashReport_January 2026
1691,Odisha,"04/1997
01/1998",62.0,FlashReport_January 2026
1692,Odisha,"04/2003
01/2004",79.0,FlashReport_January 2026
1693,Punjab,"02/2016
04/2018",85.0,FlashReport_January 2026
1694,Punjab,"02/2010
04/2018",88.0,FlashReport_January 2026
1695,Telangana,"04/2005
04/2005",96.0,FlashReport_January 2026
1696,Telangana,"04/2005
01/2006",92.0,FlashReport_January 2026
1697,Telangana,"04/2006
04/2006",87.0,FlashReport_January 2026
1698,Telangana,"04/2007
01/2008",100.0,FlashReport_January 2026
1699,Uttar Pradesh,"04/2017
04/2017",1.0,FlashReport_January 2026
1700,Uttar Pradesh,"04/2007
12/2007",31.0,FlashReport_January 2026
1701,Uttar Pradesh,"04/2008
04/2008",82.0,FlashReport_January 2026
1702,Uttarakhand,"10/2023
11/2023",21.0,FlashReport_January 2026
1,,,,FlashReport_July 2026
2,,,,FlashReport_July 2026
3,,,,FlashReport_July 2026
4,,,,FlashReport_July 2026
5,,,,FlashReport_July 2026
6,,,,FlashReport_July 2026
7,,,,FlashReport_July 2026
8,,,,FlashReport_July 2026
9,,,,FlashReport_July 2026
10,,,,FlashReport_July 2026
11,,,,FlashReport_July 2026
12,,,,FlashReport_July 2026
13,,,,FlashReport_July 2026
14,,,,FlashReport_July 2026
15,,,,FlashReport_July 2026
16,,,,FlashReport_July 2026
17,,,,FlashReport_July 2026
Total,,,,FlashReport_July 2026
1,,,,FlashReport_July 2026
2,,,,FlashReport_July 2026
3,,,,FlashReport_July 2026
4,,,,FlashReport_July 2026
5,,,,FlashReport_July 2026
6,,,,FlashReport_July 2026
6,,,,FlashReport_July 2026
7,,,,FlashReport_July 2026
8,,,,FlashReport_July 2026
9,,,,FlashReport_July 2026
10,,,,FlashReport_July 2026
11,,,,FlashReport_July 2026
12,,,,FlashReport_July 2026
13,,,,FlashReport_July 2026
14,,,,FlashReport_July 2026
15,,,,FlashReport_July 2026
16,,,,FlashReport_July 2026
16,,,,FlashReport_July 2026
17,,,,FlashReport_July 2026
18,,,,FlashReport_July 2026
19,,,,FlashReport_July 2026
20,,,,FlashReport_July 2026
21,,,,FlashReport_July 2026
21,,,,FlashReport_July 2026
22,,,,FlashReport_July 2026
23,,,,FlashReport_July 2026
24,,,,FlashReport_July 2026
25,,,,FlashReport_July 2026
25,,,,FlashReport_July 2026
26,,,,FlashReport_July 2026
27,,,,FlashReport_July 2026
28,,,,FlashReport_July 2026
29,,,,FlashReport_July 2026
30,,,,FlashReport_July 2026
30,,,,FlashReport_July 2026
31,,,,FlashReport_July 2026
32,,,,FlashReport_July 2026
33,,,,FlashReport_July 2026
34,,,,FlashReport_July 2026
35,,,,FlashReport_July 2026
36,,,,FlashReport_July 2026
37,,,,FlashReport_July 2026
37,,,,FlashReport_July 2026
20,"Multi-States
(Uttarakhand, Himachal
Pradesh)","03/2022
05/2023",,FlashReport_July 2026
21,Tamil Nadu,"12/2005
11/2006",,FlashReport_July 2026
22,Uttar Pradesh,"03/2018
02/2019",,FlashReport_July 2026
23,Arunachal Pradesh,"02/2017
10/2020",,FlashReport_July 2026
24,Mizoram,"03/2020
07/2020",,FlashReport_July 2026
25,Mizoram,"03/2020
07/2020",,FlashReport_July 2026
1,Bihar,"08/2024
04/2026",,FlashReport_July 2026
2,Punjab,"08/2024
03/2026",,FlashReport_July 2026
3,Uttarakhand,"08/2024
03/2026",,FlashReport_July 2026
4,PAN India,"08/2023
06/2025",,FlashReport_July 2026
5,PAN India,"08/2023
04/2025",,FlashReport_July 2026
6,PAN India,"08/2023
02/2025",,FlashReport_July 2026
7,PAN India,"08/2023
06/2025",,FlashReport_July 2026
8,PAN India,"08/2023
05/2025",,FlashReport_July 2026
9,PAN India,"08/2023
03/2025",,FlashReport_July 2026
10,PAN India,"08/2023
03/2026",,FlashReport_July 2026
11,PAN India,"08/2023
06/2026",,FlashReport_July 2026
12,PAN India,"08/2023
06/2025",,FlashReport_July 2026
13,PAN India,"08/2023
07/2026",,FlashReport_July 2026
14,PAN India,"08/2023
03/2026",,FlashReport_July 2026
15,PAN India,"08/2023
02/2025",,FlashReport_July 2026
16,PAN India,"06/2023
05/2025",,FlashReport_July 2026
17,PAN India,"08/2023
02/2025",,FlashReport_July 2026
18,PAN India,"08/2023
03/2026",,FlashReport_July 2026
19,PAN India,"07/2017
11/2017",,FlashReport_July 2026
20,Rajasthan,"04/2026
04/2026",,FlashReport_July 2026
21,Uttar Pradesh,"06/2026
06/2026",,FlashReport_July 2026
22,Gujarat,"02/2026
07/2026",,FlashReport_July 2026
23,Jharkhand,"03/2023
07/2026",,FlashReport_July 2026
24,Maharashtra,"12/2025
04/2026",,FlashReport_July 2026
25,Odisha,"03/2023
06/2026",,FlashReport_July 2026
26,Telangana,"01/2025
07/2026",,FlashReport_July 2026
27,Uttarakhand,"08/2025
06/2026",,FlashReport_July 2026
28,Chhattisgarh,"06/2025
06/2025",,FlashReport_July 2026
29,Chhattisgarh,"02/2026
03/2026",,FlashReport_July 2026
30,Odisha,"09/2024
10/2024",,FlashReport_July 2026
31,Odisha,"09/2024
10/2024",,FlashReport_July 2026
32,Odisha,"02/2026
02/2026",,FlashReport_July 2026
33,Odisha,"06/2025
07/2025",,FlashReport_July 2026
34,Odisha,"02/2025
03/2025",,FlashReport_July 2026
35,West Bengal,"01/2025
02/2025",,FlashReport_July 2026
36,West Bengal,"01/2025
02/2025",,FlashReport_July 2026
22,Arunachal Pradesh,"08/2025
08/2025",3.89,FlashReport_July 2026
23,"Multi-States (Nagaland,
Mizoram, Manipur,
Meghalaya, Tripura,
Assam)","12/2014
03/2016",99.2,FlashReport_July 2026
24,"Multi-States (Sikkim,
Arunachal Pradesh)","10/2014
10/2014",83.9,FlashReport_July 2026
25,Assam,"03/2023
03/2023",83.8,FlashReport_July 2026
26,Assam,"03/2023
03/2023",87.5,FlashReport_July 2026
27,Mizoram,"07/2024
07/2024",34.0,FlashReport_July 2026
28,Assam,"04/2023
04/2023",99.0,FlashReport_July 2026
29,Assam,"08/2021
08/2021",80.5,FlashReport_July 2026
30,Assam,"09/2023
09/2023",63.5,FlashReport_July 2026
31,Assam,"01/2023
01/2023",55.4,FlashReport_July 2026
32,Assam,"06/2022
06/2022",60.1,FlashReport_July 2026
33,Assam,"04/2022
04/2022",84.3,FlashReport_July 2026
34,Assam,"10/2025
10/2025",7.8,FlashReport_July 2026
35,Assam,"12/2022
12/2022",72.0,FlashReport_July 2026
36,Assam,"12/2024
12/2024",29.0,FlashReport_July 2026
37,Assam,"12/2020
12/2020",95.9,FlashReport_July 2026
38,Assam,"01/2018
01/2018",94.4,FlashReport_July 2026
39,Assam,"07/2020
07/2020",87.0,FlashReport_July 2026
40,Nagaland,"08/2023
08/2023",43.0,FlashReport_July 2026
41,Tripura,"03/2022
03/2022",71.3,FlashReport_July 2026
42,Tripura,"04/2020
04/2020",88.2,FlashReport_July 2026
43,Meghalaya,"NA
01/1900",0.0,FlashReport_July 2026
44,Nagaland,"NA
01/1900",0.0,FlashReport_July 2026
45,Sikkim,"10/2018
12/2018",92.0,FlashReport_July 2026
46,Assam,"02/2024
04/2025",1.0,FlashReport_July 2026
47,Assam,"09/2016
06/2017",91.0,FlashReport_July 2026
48,Manipur,"10/2003
04/2009",78.0,FlashReport_July 2026
49,"Multi-States (Arunachal
Pradesh, Assam)","02/2011
05/2023",67.0,FlashReport_July 2026
50,"Multi-States (Assam,
Nagaland)","11/2006
12/2015",45.0,FlashReport_July 2026
51,"Multi-States
(Meghalaya, Assam)","11/2006
04/2011",87.0,FlashReport_July 2026
52,Sikkim,"10/2009
05/2010",80.0,FlashReport_July 2026
53,Arunachal Pradesh,"03/2019
11/2020",96.61,FlashReport_July 2026
54,Arunachal Pradesh,"12/2023
06/2026",14.69,FlashReport_July 2026
55,Arunachal Pradesh,"12/2023
02/2026",15.06,FlashReport_July 2026
56,Arunachal Pradesh,"08/2020
06/2025",19.57,FlashReport_July 2026
57,Arunachal Pradesh,"02/2017
03/2018",82.45,FlashReport_July 2026
58,Arunachal Pradesh,"02/2017
10/2020",99.69,FlashReport_July 2026
59,Arunachal Pradesh,"01/2024
01/2025",39.86,FlashReport_July 2026
60,Arunachal Pradesh,"12/2023
05/2025",22.81,FlashReport_July 2026
61,Arunachal Pradesh,"02/2024
01/2025",56.18,FlashReport_July 2026
62,Arunachal Pradesh,"02/2024
03/2025",19.13,FlashReport_July 2026
63,Arunachal Pradesh,"02/2024
07/2025",1.7,FlashReport_July 2026
64,Assam,"03/2022
01/2023",98.0,FlashReport_July 2026
65,Assam,"10/2014
10/2024",72.0,FlashReport_July 2026
66,Assam,"02/2023
02/2024",71.09,FlashReport_July 2026
67,Assam,"10/2014
10/2024",73.88,FlashReport_July 2026
68,Assam,"12/2017
05/2018",52.0,FlashReport_July 2026
69,Assam,"08/2024
01/2026",0.0,FlashReport_July 2026
70,Assam,"02/2020
09/2020",100.0,FlashReport_July 2026
71,Assam,"02/2020
12/2020",93.23,FlashReport_July 2026
72,Assam,"01/2024
02/2024",100.0,FlashReport_July 2026
73,Assam,"01/2016
10/2024",87.33,FlashReport_July 2026
74,Assam,"01/2016
10/2024",58.19,FlashReport_July 2026
75,Assam,"01/2016
01/2023",100.0,FlashReport_July 2026
76,Assam,"01/2016
09/2024",100.0,FlashReport_July 2026
77,Assam,"03/2015
12/2016",100.0,FlashReport_July 2026
78,Assam,"05/2019
12/2020",77.14,FlashReport_July 2026
79,Assam,"03/2022
11/2024",89.5,FlashReport_July 2026
80,Assam,"12/2023
03/2024",90.36,FlashReport_July 2026
81,Assam,"03/2023
08/2023",85.2,FlashReport_July 2026
82,Assam,"03/2023
08/2023",87.5,FlashReport_July 2026
83,Assam,"03/2023
08/2023",90.5,FlashReport_July 2026
84,Assam,"01/2023
05/2023",88.99,FlashReport_July 2026
85,Assam,"01/2024
01/2025",47.27,FlashReport_July 2026
86,Assam,"01/2023
11/2023",99.7,FlashReport_July 2026
87,Assam,"03/2023
08/2024",57.17,FlashReport_July 2026
88,Assam,"03/2022
04/2023",76.32,FlashReport_July 2026
89,Assam,"03/2024
04/2025",34.0,FlashReport_July 2026
90,Assam,"03/2023
02/2025",20.0,FlashReport_July 2026
91,Assam,"02/2024
08/2025",23.07,FlashReport_July 2026
92,Assam,"02/2024
02/2025",41.88,FlashReport_July 2026
93,Assam,"03/2024
03/2025",40.99,FlashReport_July 2026
94,Assam,"02/2024
04/2025",14.04,FlashReport_July 2026
95,Assam,"03/2024
09/2025",41.26,FlashReport_July 2026
96,Assam,"02/2024
09/2025",6.7,FlashReport_July 2026
97,Assam,"03/2025
12/2025",3.25,FlashReport_July 2026
98,Assam,"03/2023
12/2023",64.48,FlashReport_July 2026
99,Assam,"03/2023
12/2023",59.78,FlashReport_July 2026
100,Assam,"03/2023
12/2023",85.87,FlashReport_July 2026
101,Assam,"09/2021
11/2021",81.07,FlashReport_July 2026
102,Assam,"11/2023
12/2024",12.45,FlashReport_July 2026
103,Assam,"02/2024
02/2025",35.0,FlashReport_July 2026
104,Assam,"03/2020
06/2020",97.76,FlashReport_July 2026
105,Assam,"03/2023
02/2024",81.65,FlashReport_July 2026
106,Assam,"02/2023
01/2024",59.65,FlashReport_July 2026
107,Manipur,"03/2023
05/2025",14.5,FlashReport_July 2026
108,Manipur,"02/2021
06/2021",75.08,FlashReport_July 2026
109,Manipur,"02/2021
06/2021",100.0,FlashReport_July 2026
110,Manipur,"03/2023
12/2024",26.22,FlashReport_July 2026
111,Manipur,"03/2023
12/2024",28.12,FlashReport_July 2026
112,Manipur,"03/2020
07/2020",88.96,FlashReport_July 2026
113,Manipur,"09/2021
08/2022",97.0,FlashReport_July 2026
114,Manipur,"09/2021
07/2023",94.5,FlashReport_July 2026
115,Manipur,"03/2023
03/2024",80.04,FlashReport_July 2026
116,Manipur,"03/2020
07/2020",98.12,FlashReport_July 2026
136,Manipur,"01/2023
12/2023",92.52,FlashReport_July 2026
137,Meghalaya,"03/2023
03/2025",46.38,FlashReport_July 2026
138,Meghalaya,"03/2023
09/2025",26.8,FlashReport_July 2026
139,Meghalaya,"07/2020
05/2024",42.91,FlashReport_July 2026
140,Meghalaya,"07/2020
04/2024",53.43,FlashReport_July 2026
141,Meghalaya,"07/2020
02/2024",53.21,FlashReport_July 2026
142,Meghalaya,"07/2020
10/2023",100.0,FlashReport_July 2026
143,Meghalaya,"12/2023
05/2025",4.5,FlashReport_July 2026
144,Meghalaya,"09/2021
05/2022",83.05,FlashReport_July 2026
145,Meghalaya,"03/2023
09/2024",52.28,FlashReport_July 2026
146,Meghalaya,"03/2023
09/2024",50.48,FlashReport_July 2026
147,Meghalaya,"03/2023
09/2024",74.85,FlashReport_July 2026
148,Meghalaya,"08/2020
02/2022",99.62,FlashReport_July 2026
149,Mizoram,"12/2021
11/2023",99.52,FlashReport_July 2026
150,Mizoram,"10/2025
05/2026",2.0,FlashReport_July 2026
151,Mizoram,"02/2023
12/2024",4.71,FlashReport_July 2026
152,Mizoram,"02/2023
10/2025",15.1,FlashReport_July 2026
153,Mizoram,"01/2024
12/2025",0.0,FlashReport_July 2026
154,Mizoram,"02/2024
11/2025",13.95,FlashReport_July 2026
155,Mizoram,"02/2024
10/2025",18.9,FlashReport_July 2026
156,Mizoram,"12/2021
07/2025",6.72,FlashReport_July 2026
157,Mizoram,"11/2021
07/2025",11.86,FlashReport_July 2026
158,Mizoram,"12/2021
07/2025",17.12,FlashReport_July 2026
159,Mizoram,"09/2019
03/2020",99.82,FlashReport_July 2026
160,Mizoram,"09/2019
10/2019",97.51,FlashReport_July 2026
161,Mizoram,"12/2021
07/2025",17.86,FlashReport_July 2026
162,Mizoram,"03/2021
06/2021",64.78,FlashReport_July 2026
163,Mizoram,"06/2021
07/2021",61.34,FlashReport_July 2026
164,Mizoram,"09/2019
10/2019",95.35,FlashReport_July 2026
165,"Multi-States (Arunachal
Pradesh, Assam)","03/2023
09/2024",96.7,FlashReport_July 2026
166,Nagaland,"06/2020
06/2024",44.46,FlashReport_July 2026
167,Nagaland,"03/2016
09/2023",84.32,FlashReport_July 2026
168,Nagaland,"03/2021
07/2022",100.0,FlashReport_July 2026
169,Nagaland,"12/2022
08/2023",87.0,FlashReport_July 2026
170,Nagaland,"12/2022
08/2023",85.67,FlashReport_July 2026
171,Nagaland,"07/2020
10/2020",46.77,FlashReport_July 2026
172,Nagaland,"07/2020
06/2023",39.54,FlashReport_July 2026
173,Nagaland,"07/2020
10/2020",69.76,FlashReport_July 2026
174,Nagaland,"03/2018
09/2023",79.03,FlashReport_July 2026
175,Nagaland,"07/2020
11/2023",27.24,FlashReport_July 2026
176,Nagaland,"12/2022
08/2023",58.5,FlashReport_July 2026
177,Nagaland,"03/2020
11/2023",98.39,FlashReport_July 2026
178,Nagaland,"03/2020
01/2024",43.13,FlashReport_July 2026
179,Nagaland,"02/2021
06/2023",95.62,FlashReport_July 2026
180,Nagaland,"01/2021
09/2023",96.53,FlashReport_July 2026
181,Nagaland,"03/2021
09/2023",99.75,FlashReport_July 2026
182,Nagaland,"03/2018
08/2023",100.0,FlashReport_July 2026
183,Sikkim,"07/2020
10/2020",65.15,FlashReport_July 2026
184,Sikkim,"07/2020
10/2020",86.19,FlashReport_July 2026
185,Sikkim,"10/2020
12/2020",64.31,FlashReport_July 2026
186,Sikkim,"01/2021
02/2021",82.64,FlashReport_July 2026
187,Sikkim,"10/2020
05/2021",79.13,FlashReport_July 2026
188,Sikkim,"10/2021
05/2022",92.0,FlashReport_July 2026
189,Sikkim,"01/2021
04/2021",100.0,FlashReport_July 2026
190,Sikkim,"03/2018
01/2023",87.03,FlashReport_July 2026
191,Tripura,"01/2024
12/2024",9.5,FlashReport_July 2026
192,Tripura,"01/2024
09/2024",14.7,FlashReport_July 2026
193,Tripura,"01/2024
09/2024",60.7,FlashReport_July 2026
194,Tripura,"01/2024
07/2024",63.15,FlashReport_July 2026
195,Tripura,"02/2020
09/2024",53.14,FlashReport_July 2026
196,Tripura,"01/2023
05/2023",72.48,FlashReport_July 2026
197,Tripura,"12/2023
09/2024",48.3,FlashReport_July 2026
198,Tripura,"03/2023
03/2024",9.2,FlashReport_July 2026
199,Tripura,"02/2022
01/2023",54.56,FlashReport_July 2026
200,Assam,"08/2023
03/2026",0.0,FlashReport_July 2026
201,Meghalaya,"09/2019
09/2020",99.84,FlashReport_July 2026
202,"Multi-States (Arunachal
Pradesh, Assam)","12/2020
10/2021",99.84,FlashReport_July 2026
203,"Multi-States (Arunachal
Pradesh, Manipur,
Nagaland)","08/2023
06/2025",0.61,FlashReport_July 2026
204,"Multi-States (Arunachal
Pradesh, Meghalaya,
Sikkim, Mizoram,
Assam, Nagaland,
Manipur, Tripura)","07/2022
07/2022",87.7,FlashReport_July 2026
205,"Multi-States (Manipur,
Meghalaya, Arunachal
Pradesh, Nagaland,
Sikkim, Assam,
Mizoram, Tripura)","07/2017
11/2017",93.33,FlashReport_July 2026
206,"Multi-States
(Meghalaya, Manipur,
Assam, Mizoram,
Nagaland, Sikkim,
Arunachal Pradesh,
Tripura)","05/2023
05/2023",92.1,FlashReport_July 2026
207,"Multi-States (Nagaland,
Mizoram, Tripura,
Sikkim, Manipur,
Meghalaya, Arunachal
Pradesh, Assam)","07/2017
10/2011",99.98,FlashReport_July 2026
208,"Multi-States (Tripura,
Mizoram, Meghalaya)","08/2023
04/2025",0.0,FlashReport_July 2026
209,Sikkim,"08/2023
06/2026",0.0,FlashReport_July 2026
210,Assam,"04/1996
12/1996",55.44,FlashReport_July 2026
211,Manipur,"04/1997
04/1997",99.0,FlashReport_July 2026
1,Andhra Pradesh,"03/2023
01/2024",80.0,FlashReport_July 2026
2,Andhra Pradesh,"06/2020
09/2020",89.7,FlashReport_July 2026
3,Andhra Pradesh,"12/2022
08/2023",96.0,FlashReport_July 2026
4,Assam,"12/2016
03/2018",99.5,FlashReport_July 2026
5,Bihar,"08/2024
04/2025",4.15,FlashReport_July 2026
6,Bihar,"07/2024
07/2024",71.1,FlashReport_July 2026
7,Bihar,"10/2018
10/2018",99.26,FlashReport_July 2026
8,Gujarat,"01/2024
07/2025",46.69,FlashReport_July 2026
9,Gujarat,"06/2022
07/2022",88.0,FlashReport_July 2026
10,"Jammu and
Kashmir","10/2023
12/2023",58.35,FlashReport_July 2026
11,Karnataka,"06/2023
01/2024",88.5,FlashReport_July 2026
12,Karnataka,"06/2023
02/2024",97.0,FlashReport_July 2026
13,Kerala,"06/2023
02/2024",65.8,FlashReport_July 2026
14,Ladakh,"07/2018
09/2018",88.0,FlashReport_July 2026
15,Manipur,"11/2021
07/2022",53.14,FlashReport_July 2026
16,"Multi-States
(Karnataka,
Maharashtra,
Telangana, Uttar
Pradesh)","12/2020
10/2022",80.0,FlashReport_July 2026
17,Rajasthan,"08/2025
10/2025",13.6,FlashReport_July 2026
18,Rajasthan,"06/2022
05/2023",100.0,FlashReport_July 2026
19,Rajasthan,"06/2023
11/2023",78.71,FlashReport_July 2026
20,Sikkim,"11/2023
12/2023",36.14,FlashReport_July 2026
21,Tamil Nadu,"05/2018
06/2023",46.0,FlashReport_July 2026
22,Uttar Pradesh,"07/2024
07/2024",33.0,FlashReport_July 2026
23,Uttar Pradesh,"06/2024
07/2024",44.94,FlashReport_July 2026
24,West Bengal,"08/2024
09/2024",27.9,FlashReport_July 2026
25,West Bengal,"03/2023
12/2023",73.5,FlashReport_July 2026
26,Assam,"07/2022
07/2022",89.73,FlashReport_July 2026
27,Assam,"11/2022
11/2022",5.0,FlashReport_July 2026
28,Chhattisgarh,"12/2020
12/2020",11.81,FlashReport_July 2026
29,Chhattisgarh,"08/2020
08/2020",55.95,FlashReport_July 2026
30,Chhattisgarh,"12/2020
12/2020",39.34,FlashReport_July 2026
31,Chhattisgarh,"03/2016
03/2016",78.48,FlashReport_July 2026
32,Chhattisgarh,"02/2015
02/2015",42.47,FlashReport_July 2026
33,Chhattisgarh,"07/2015
07/2015",78.86,FlashReport_July 2026
34,Chhattisgarh,"07/2016
07/2016",96.15,FlashReport_July 2026
35,Chhattisgarh,"05/2018
05/2018",54.6,FlashReport_July 2026
36,Chhattisgarh,"01/2023
01/2023",2.01,FlashReport_July 2026
37,Chhattisgarh,"10/2022
10/2022",23.75,FlashReport_July 2026
38,Chhattisgarh,"11/2024
11/2024",23.75,FlashReport_July 2026
39,Chhattisgarh,"01/2025
01/2025",21.29,FlashReport_July 2026
40,Chhattisgarh,"09/2025
09/2025",0.01,FlashReport_July 2026
41,Chhattisgarh,"12/2024
12/2024",0.0,FlashReport_July 2026
42,Jharkhand,"08/2022
08/2022",63.3,FlashReport_July 2026
43,Jharkhand,"01/2022
01/2022",50.78,FlashReport_July 2026
44,Jharkhand,"01/2022
01/2022",23.28,FlashReport_July 2026
45,Jharkhand,"03/2024
03/2024",16.77,FlashReport_July 2026
46,Jharkhand,"08/2020
08/2020",25.11,FlashReport_July 2026
47,Jharkhand,"08/2020
08/2020",45.78,FlashReport_July 2026
48,Jharkhand,"03/2016
11/2019",87.0,FlashReport_July 2026
49,Jharkhand,"08/2020
08/2020",39.42,FlashReport_July 2026
50,Jharkhand,"07/2021
07/2021",68.9,FlashReport_July 2026
51,Jharkhand,"01/2021
01/2021",24.02,FlashReport_July 2026
52,Jharkhand,"11/2020
11/2020",11.24,FlashReport_July 2026
53,Jharkhand,"05/2021
05/2021",27.74,FlashReport_July 2026
54,Jharkhand,"02/2020
02/2020",43.69,FlashReport_July 2026
55,Jharkhand,"12/2009
12/2009",75.61,FlashReport_July 2026
56,Jharkhand,"08/2018
08/2018",53.03,FlashReport_July 2026
57,Jharkhand,"08/2020
08/2020",32.45,FlashReport_July 2026
58,Jharkhand,"08/2011
08/2011",84.02,FlashReport_July 2026
59,Jharkhand,"01/2023
01/2023",31.16,FlashReport_July 2026
60,Jharkhand,"02/2011
02/2011",70.47,FlashReport_July 2026
61,Jharkhand,"11/2020
11/2020",23.67,FlashReport_July 2026
62,Jharkhand,"05/2020
05/2020",56.47,FlashReport_July 2026
63,Jharkhand,"11/2019
11/2019",30.06,FlashReport_July 2026
64,Jharkhand,"12/2023
12/2023",0.05,FlashReport_July 2026
65,Jharkhand,"02/2020
02/2020",32.99,FlashReport_July 2026
66,Jharkhand,"03/2024
03/2024",4.18,FlashReport_July 2026
67,Jharkhand,"06/2025
07/2025",34.0,FlashReport_July 2026
68,Jharkhand,"10/2023
12/2023",40.0,FlashReport_July 2026
69,Madhya Pradesh,"03/2016
03/2016",75.15,FlashReport_July 2026
70,Madhya Pradesh,"07/2019
07/2019",51.31,FlashReport_July 2026
71,Madhya Pradesh,"11/2020
11/2020",53.73,FlashReport_July 2026
72,Madhya Pradesh,"12/2014
12/2014",58.2,FlashReport_July 2026
73,Madhya Pradesh,"01/2024
01/2024",41.29,FlashReport_July 2026
74,Madhya Pradesh,"12/2021
12/2021",17.78,FlashReport_July 2026
75,Madhya Pradesh,"09/2022
09/2022",67.13,FlashReport_July 2026
76,Madhya Pradesh,"11/2022
11/2022",11.2,FlashReport_July 2026
77,Madhya Pradesh,"07/2022
01/2023",2.02,FlashReport_July 2026
78,Madhya Pradesh,"07/2022
09/2023",9.39,FlashReport_July 2026
79,Madhya Pradesh,"08/2019
08/2019",56.88,FlashReport_July 2026
80,Madhya Pradesh,"02/2025
02/2025",2.1,FlashReport_July 2026
81,Madhya Pradesh,"05/2025
05/2025",0.3,FlashReport_July 2026
82,Maharashtra,"02/2020
05/2022",34.25,FlashReport_July 2026
83,Maharashtra,"08/2015
08/2015",80.77,FlashReport_July 2026
84,Maharashtra,"02/2020
02/2020",40.63,FlashReport_July 2026
85,Maharashtra,"02/2019
10/2021",19.02,FlashReport_July 2026
86,Maharashtra,"01/2022
01/2022",69.33,FlashReport_July 2026
87,Maharashtra,"08/2020
08/2020",32.21,FlashReport_July 2026
88,Maharashtra,"05/2019
09/2022",24.17,FlashReport_July 2026
89,Maharashtra,"06/2022
06/2022",12.2,FlashReport_July 2026
90,Maharashtra,"05/2022
05/2022",9.64,FlashReport_July 2026
91,Maharashtra,"04/2021
04/2021",8.44,FlashReport_July 2026
92,Maharashtra,"01/2023
09/2023",3.93,FlashReport_July 2026
93,Maharashtra,"12/2022
12/2022",5.35,FlashReport_July 2026
94,Maharashtra,"10/2023
10/2023",2.19,FlashReport_July 2026
95,Maharashtra,"03/2021
04/2021",12.98,FlashReport_July 2026
96,Maharashtra,"04/2024
04/2024",4.21,FlashReport_July 2026
97,Maharashtra,"08/2023
06/2024",2.31,FlashReport_July 2026
98,Maharashtra,"02/2017
09/2022",16.06,FlashReport_July 2026
99,Maharashtra,"06/2024
06/2024",27.92,FlashReport_July 2026
100,Maharashtra,"08/2016
08/2016",79.83,FlashReport_July 2026
101,Maharashtra,"11/2018
01/2019",94.57,FlashReport_July 2026
102,Maharashtra,"09/2018
09/2018",98.97,FlashReport_July 2026
103,Maharashtra,"11/2018
11/2018",86.49,FlashReport_July 2026
104,Maharashtra,"09/2024
09/2024",2.55,FlashReport_July 2026
105,Maharashtra,"01/2024
01/2025",0.11,FlashReport_July 2026
106,Maharashtra,"06/2024
02/2025",0.4,FlashReport_July 2026
107,Maharashtra,"08/2025
08/2025",0.0,FlashReport_July 2026
108,"Multi-States
(Madhya Pradesh,
Uttar Pradesh)","08/2020
08/2020",92.05,FlashReport_July 2026
109,"Multi-States
(Madhya Pradesh,
Uttar Pradesh)","06/2021
06/2021",57.12,FlashReport_July 2026
110,Odisha,"05/2021
05/2021",46.57,FlashReport_July 2026
111,Odisha,"02/2021
02/2021",61.04,FlashReport_July 2026
112,Odisha,"08/2020
08/2020",62.06,FlashReport_July 2026
113,Odisha,"04/2022
04/2022",35.8,FlashReport_July 2026
114,Odisha,"05/2018
05/2018",82.9,FlashReport_July 2026
115,Odisha,"11/2018
11/2018",53.54,FlashReport_July 2026
116,Odisha,"03/2020
03/2020",80.0,FlashReport_July 2026
117,Odisha,"04/2023
04/2023",10.43,FlashReport_July 2026
118,Odisha,"03/2024
03/2024",34.03,FlashReport_July 2026
119,Odisha,"11/2022
11/2022",33.55,FlashReport_July 2026
120,Odisha,"04/2023
04/2023",18.93,FlashReport_July 2026
121,Odisha,"10/2022
05/2023",74.8,FlashReport_July 2026
122,Telangana,"12/2021
12/2021",20.0,FlashReport_July 2026
123,Telangana,"03/2016
05/2017",77.0,FlashReport_July 2026
124,Telangana,"07/2019
05/2019",71.0,FlashReport_July 2026
125,Telangana,"08/2017
12/2022",81.0,FlashReport_July 2026
126,Telangana,"07/2021
08/2021",33.0,FlashReport_July 2026
127,Telangana,"10/2020
06/2020",97.0,FlashReport_July 2026
128,Telangana,"08/2017
09/2017",64.0,FlashReport_July 2026
129,West Bengal,"11/2020
11/2020",31.52,FlashReport_July 2026
130,West Bengal,"08/2021
08/2021",17.13,FlashReport_July 2026
131,West Bengal,"08/2018
08/2018",28.58,FlashReport_July 2026
132,West Bengal,"01/2023
01/2023",12.14,FlashReport_July 2026
133,West Bengal,"04/2020
04/2020",52.04,FlashReport_July 2026
134,West Bengal,"07/2021
07/2021",18.5,FlashReport_July 2026
135,West Bengal,"12/2023
12/2023",8.41,FlashReport_July 2026
136,West Bengal,"04/2020
04/2020",16.79,FlashReport_July 2026
137,West Bengal,"01/2023
01/2023",22.26,FlashReport_July 2026
138,West Bengal,"11/2024
11/2024",0.23,FlashReport_July 2026
139,Gujarat,"07/2022
01/2024",52.0,FlashReport_July 2026
140,Gujarat,"08/2023
06/2024",62.0,FlashReport_July 2026
141,Gujarat,"07/2022
03/2024",0.0,FlashReport_July 2026
142,Gujarat,"07/2022
04/2024",1.2,FlashReport_July 2026
143,Odisha,"01/2017
01/2024",4.1,FlashReport_July 2026
144,Rajasthan,"10/2024
09/2025",0.0,FlashReport_July 2026
145,Chhattisgarh,"05/2018
03/2017",43.7,FlashReport_July 2026
146,Jharkhand,"02/2018
05/2022",72.0,FlashReport_July 2026
147,Jharkhand,"07/2016
10/2016",37.0,FlashReport_July 2026
148,Jharkhand,"02/2019
09/2019",67.86,FlashReport_July 2026
149,Arunachal Pradesh,"02/2023
02/2023",17.93,FlashReport_July 2026
150,Arunachal Pradesh,"12/2024
05/2025",6.58,FlashReport_July 2026
151,Arunachal Pradesh,"12/2024
05/2025",5.6,FlashReport_July 2026
152,Arunachal Pradesh,"09/2025
09/2025",6.59,FlashReport_July 2026
153,Arunachal Pradesh,"04/2026
04/2026",0.0,FlashReport_July 2026
154,Bihar,"03/2019
06/2019",95.01,FlashReport_July 2026
155,Bihar,"11/2024
03/2025",15.0,FlashReport_July 2026
156,Chhattisgarh,"08/2023
08/2023",33.5,FlashReport_July 2026
157,Chhattisgarh,"09/2024
09/2024",22.31,FlashReport_July 2026
158,Gujarat,"03/2021
05/2021",51.86,FlashReport_July 2026
159,Himachal Pradesh,"10/2020
05/2021",80.69,FlashReport_July 2026
160,Himachal Pradesh,"11/2020
11/2020",52.13,FlashReport_July 2026
161,Himachal Pradesh,"01/2023
01/2023",34.66,FlashReport_July 2026
162,"Jammu and
Kashmir","10/2014
02/2018",82.05,FlashReport_July 2026
163,"Jammu and
Kashmir","03/2019
02/2020",87.0,FlashReport_July 2026
164,"Jammu and
Kashmir","02/2021
01/2022",31.53,FlashReport_July 2026
165,"Jammu and
Kashmir","05/2022
11/2022",36.52,FlashReport_July 2026
166,Jharkhand,"11/2017
11/2017",92.0,FlashReport_July 2026
167,Jharkhand,"04/2023
11/2024",14.3,FlashReport_July 2026
168,Madhya Pradesh,"11/2024
05/2025",11.5,FlashReport_July 2026
169,"Multi-States
(Arunachal
Pradesh, Assam)","09/2003
01/2005",97.98,FlashReport_July 2026
170,Odisha,"08/2022
09/2022",55.0,FlashReport_July 2026
171,Odisha,"11/2025
11/2025",2.7,FlashReport_July 2026
172,Sikkim,"03/2019
03/2020",73.78,FlashReport_July 2026
173,Sikkim,"03/2021
08/2021",97.56,FlashReport_July 2026
174,Telangana,"03/2026
03/2026",0.97,FlashReport_July 2026
175,Uttar Pradesh,"06/2026
06/2026",0.02,FlashReport_July 2026
176,Uttar Pradesh,"03/2024
03/2024",25.0,FlashReport_July 2026
177,Uttarakhand,"11/2006
11/2006",76.07,FlashReport_July 2026
178,Uttarakhand,"08/2008
01/2014",81.5,FlashReport_July 2026
179,West Bengal,"01/2023
02/2025",13.0,FlashReport_July 2026
180,West Bengal,"09/2014
09/2014",57.86,FlashReport_July 2026
181,West Bengal,"06/2019
02/2021",97.0,FlashReport_July 2026
182,Andhra Pradesh,"03/2025
03/2025",43.89,FlashReport_July 2026
183,Arunachal Pradesh,"08/2025
08/2025",3.89,FlashReport_July 2026
184,Delhi,"11/2023
10/2024",45.94,FlashReport_July 2026
185,Gujarat,"12/2023
12/2023",72.12,FlashReport_July 2026
186,Gujarat,"05/2024
05/2024",82.0,FlashReport_July 2026
187,Gujarat,"10/2024
10/2024",33.0,FlashReport_July 2026
188,Gujarat,"11/2024
11/2024",8.67,FlashReport_July 2026
189,Gujarat,"10/2024
10/2024",38.26,FlashReport_July 2026
190,Gujarat,"02/2025
02/2025",37.0,FlashReport_July 2026
191,Gujarat,"03/2025
03/2025",42.0,FlashReport_July 2026
192,Gujarat,"02/2025
02/2025",7.2,FlashReport_July 2026
193,Gujarat,"10/2024
10/2024",24.0,FlashReport_July 2026
194,Gujarat,"03/2025
03/2025",7.2,FlashReport_July 2026
195,Gujarat,"12/2025
12/2025",1.0,FlashReport_July 2026
196,Gujarat,"09/2024
09/2024",35.2,FlashReport_July 2026
197,Gujarat,"08/2024
08/2024",70.0,FlashReport_July 2026
198,"Jammu and
Kashmir","07/2024
07/2024",1.7,FlashReport_July 2026
199,Jharkhand,"02/2012
02/2012",96.4,FlashReport_July 2026
200,Karnataka,"12/2023
12/2023",95.95,FlashReport_July 2026
201,Karnataka,"01/2025
01/2025",38.07,FlashReport_July 2026
202,Karnataka,"02/2025
02/2025",18.75,FlashReport_July 2026
203,Karnataka,"03/2025
03/2025",23.01,FlashReport_July 2026
204,Karnataka,"09/2025
09/2025",2.5,FlashReport_July 2026
205,Karnataka,"02/2026
02/2026",1.0,FlashReport_July 2026
206,Kerala,"08/2025
08/2025",1.5,FlashReport_July 2026
207,Madhya Pradesh,"10/2024
10/2024",47.9,FlashReport_July 2026
208,Madhya Pradesh,"08/2024
08/2024",72.39,FlashReport_July 2026
209,Madhya Pradesh,"06/2024
06/2024",55.26,FlashReport_July 2026
210,Madhya Pradesh,"06/2025
06/2025",18.47,FlashReport_July 2026
211,Madhya Pradesh,"10/2025
10/2025",4.8,FlashReport_July 2026
212,Madhya Pradesh,"03/2025
03/2025",30.0,FlashReport_July 2026
213,Maharashtra,"05/2025
05/2025",5.0,FlashReport_July 2026
214,Maharashtra,"03/2026
03/2026",3.92,FlashReport_July 2026
215,"Multi-States
(Andhra Pradesh,
Karnataka)","03/2025
03/2025",28.77,FlashReport_July 2026
216,"Multi-States
(Andhra Pradesh,
Karnataka)","08/2024
03/2025",64.0,FlashReport_July 2026
217,"Multi-States
(Andhra Pradesh,
Odisha)","02/2026
02/2026",3.0,FlashReport_July 2026
218,"Multi-States
(Arunachal
Pradesh, Sikkim)","10/2014
10/2014",83.9,FlashReport_July 2026
219,"Multi-States
(Assam, Manipur,
Meghalaya,
Mizoram,
Nagaland, Tripura)","12/2014
03/2016",99.2,FlashReport_July 2026
220,"Multi-States
(Bihar, Odisha,
West Bengal)","09/2024
09/2024",29.75,FlashReport_July 2026
221,"Multi-States
(Bihar, Uttar
Pradesh)","10/2025
10/2025",6.38,FlashReport_July 2026
222,"Multi-States
(Bihar, West
Bengal)","11/2024
11/2024",1.5,FlashReport_July 2026
223,"Multi-States (Delhi,
Haryana,
Rajasthan)","02/2024
02/2024",92.47,FlashReport_July 2026
224,"Multi-States (Delhi,
Rajasthan)","12/2022
12/2022",68.9,FlashReport_July 2026
225,"Multi-States
(Gujarat,
Maharashtra)","11/2024
11/2024",18.56,FlashReport_July 2026
226,"Multi-States
(Haryana, Punjab,
Rajasthan)","11/2024
11/2024",33.3,FlashReport_July 2026
227,"Multi-States
(Haryana,
Rajasthan)","11/2024
11/2024",36.53,FlashReport_July 2026
228,"Multi-States
(Karnataka,
Maharashtra)","10/2025
10/2025",3.0,FlashReport_July 2026
229,"Multi-States
(Karnataka,
Telangana)","02/2024
02/2024",96.84,FlashReport_July 2026
230,"Multi-States
(Madhya Pradesh,
Rajasthan)","08/2024
08/2024",49.31,FlashReport_July 2026
231,"Multi-States
(Madhya Pradesh,
Rajasthan)","08/2024
08/2024",46.87,FlashReport_July 2026
232,"Multi-States
(Madhya Pradesh,
Rajasthan)","03/2025
03/2025",34.03,FlashReport_July 2026
233,"Multi-States
(Madhya Pradesh,
Rajasthan, Uttar
Pradesh)","01/2025
01/2025",10.0,FlashReport_July 2026
234,"Multi-States
(Rajasthan, Uttar
Pradesh)","12/2023
12/2023",73.45,FlashReport_July 2026
235,"Multi-States
(Rajasthan, Uttar
Pradesh)","12/2024
12/2024",40.71,FlashReport_July 2026
236,Rajasthan,"10/2023
10/2023",99.87,FlashReport_July 2026
237,Rajasthan,"12/2023
12/2023",79.39,FlashReport_July 2026
238,Rajasthan,"08/2024
08/2024",56.15,FlashReport_July 2026
239,Rajasthan,"08/2024
08/2024",57.31,FlashReport_July 2026
240,Rajasthan,"08/2024
08/2024",87.1,FlashReport_July 2026
241,Rajasthan,"11/2024
11/2024",47.28,FlashReport_July 2026
242,Rajasthan,"03/2025
03/2025",17.2,FlashReport_July 2026
243,Tamil Nadu,"01/2025
01/2025",23.78,FlashReport_July 2026
244,Uttar Pradesh,"12/2024
12/2024",12.07,FlashReport_July 2026
245,Telangana,"03/2024
11/2024",26.0,FlashReport_July 2026
246,"Andaman &
Nicobar","07/2021
11/2021",97.0,FlashReport_July 2026
247,Delhi,"07/2016
05/2018",46.7,FlashReport_July 2026
248,Gujarat,"02/2016
06/2016",98.5,FlashReport_July 2026
249,Uttarakhand,"11/2019
08/2019",40.3,FlashReport_July 2026
250,Bihar,"02/2019
02/2019",50.05,FlashReport_July 2026
251,Delhi,"03/2024
03/2024",4.31,FlashReport_July 2026
252,Delhi,"01/2026
01/2026",5.65,FlashReport_July 2026
253,Delhi,"07/2019
07/2019",83.46,FlashReport_July 2026
254,Gujarat,"03/2019
03/2019",81.9,FlashReport_July 2026
255,Haryana,"07/2023
08/2024",10.05,FlashReport_July 2026
256,Karnataka,"09/2024
06/2026",3.8,FlashReport_July 2026
257,Karnataka,"02/2014
02/2016",95.8,FlashReport_July 2026
258,Karnataka,"06/2021
01/2019",67.5,FlashReport_July 2026
259,Kerala,"11/2022
11/2022",41.2,FlashReport_July 2026
260,Madhya Pradesh,"11/2018
11/2018",62.7,FlashReport_July 2026
261,Madhya Pradesh,"11/2018
11/2018",65.48,FlashReport_July 2026
262,Maharashtra,"10/2023
10/2023",49.12,FlashReport_July 2026
263,Maharashtra,"09/2024
09/2024",9.04,FlashReport_July 2026
264,Maharashtra,"09/2024
09/2024",10.04,FlashReport_July 2026
265,Maharashtra,"07/2025
07/2025",2.4,FlashReport_July 2026
266,Maharashtra,"12/2025
12/2025",1.51,FlashReport_July 2026
267,Maharashtra,"04/2018
03/2019",48.0,FlashReport_July 2026
268,Maharashtra,"04/2018
07/2020",85.0,FlashReport_July 2026
269,Maharashtra,"07/2013
06/2016",99.21,FlashReport_July 2026
270,Maharashtra,"12/2022
12/2022",42.11,FlashReport_July 2026
271,"Multi-States (Delhi,
Haryana)","01/2025
01/2025",5.36,FlashReport_July 2026
272,Rajasthan,"04/2026
04/2026",1.79,FlashReport_July 2026
273,Rajasthan,"10/2025
09/2023",0.0,FlashReport_July 2026
274,Rajasthan,"05/2026
12/2023",12.48,FlashReport_July 2026
275,Tamil Nadu,"10/2024
11/2020",55.73,FlashReport_July 2026
276,Uttar Pradesh,"03/2026
03/2026",0.0,FlashReport_July 2026
277,Uttar Pradesh,"09/2025
05/2026",2.0,FlashReport_July 2026
278,Uttar Pradesh,"05/2019
11/2019",83.0,FlashReport_July 2026
279,Uttar Pradesh,"05/2019
12/2020",73.0,FlashReport_July 2026
280,Andhra Pradesh,"02/2017
07/2018",82.0,FlashReport_July 2026
281,Bihar,"11/2016
02/2019",85.0,FlashReport_July 2026
282,Haryana,"03/2017
11/2017",88.0,FlashReport_July 2026
283,Jharkhand,"02/2017
12/2018",76.0,FlashReport_July 2026
284,Jharkhand,"02/2017
12/2018",67.0,FlashReport_July 2026
285,Jharkhand,"02/2017
12/2018",81.0,FlashReport_July 2026
286,Karnataka,"12/2015
10/2016",80.0,FlashReport_July 2026
287,Madhya Pradesh,"12/2016
11/2017",99.0,FlashReport_July 2026
288,Madhya Pradesh,"11/2015
12/2016",96.0,FlashReport_July 2026
289,Madhya Pradesh,"05/2016
11/2017",90.0,FlashReport_July 2026
290,Maharashtra,"07/2016
09/2019",75.0,FlashReport_July 2026
291,Punjab,"11/2016
08/2020",90.0,FlashReport_July 2026
292,Punjab,"11/2016
08/2020",99.0,FlashReport_July 2026
293,Uttar Pradesh,"03/2017
06/2019",95.0,FlashReport_July 2026
294,Uttar Pradesh,"09/2016
05/2019",95.0,FlashReport_July 2026
295,West Bengal,"04/2019
02/2020",64.0,FlashReport_July 2026
296,Madhya Pradesh,"09/2011
04/2015",28.0,FlashReport_July 2026
297,Odisha,"04/2017
04/2017",95.64,FlashReport_July 2026
298,Odisha,"05/2018
05/2018",52.4,FlashReport_July 2026
299,Odisha,"11/2017
11/2019",93.18,FlashReport_July 2026
300,Tamil Nadu,"09/2017
12/2017",70.0,FlashReport_July 2026
301,Andhra Pradesh,"09/2019
12/2023",44.5,FlashReport_July 2026
302,Arunachal Pradesh,"09/2009
03/2013",80.0,FlashReport_July 2026
303,Assam,"05/2019
06/2021",97.98,FlashReport_July 2026
304,Bihar,"07/2022
08/2022",98.6,FlashReport_July 2026
305,Chhattisgarh,"05/2025
01/2026",0.0,FlashReport_July 2026
306,Delhi,"09/2009
11/2022",100.0,FlashReport_July 2026
307,Delhi,"09/2024
03/2025",14.0,FlashReport_July 2026
308,Gujarat,"12/2020
02/2021",86.0,FlashReport_July 2026
309,Himachal Pradesh,"09/2018
08/2020",98.6,FlashReport_July 2026
310,Himachal Pradesh,"03/2023
03/2024",93.0,FlashReport_July 2026
311,Himachal Pradesh,"03/2021
08/2022",86.0,FlashReport_July 2026
312,"Jammu and
Kashmir","03/2019
10/2020",96.0,FlashReport_July 2026
313,Kerala,"07/2017
03/2020",86.5,FlashReport_July 2026
314,Kerala,"05/2025
01/2026",0.0,FlashReport_July 2026
315,Madhya Pradesh,"12/2023
04/2024",67.5,FlashReport_July 2026
316,Meghalaya,"09/2009
09/2014",97.5,FlashReport_July 2026
317,Mizoram,"09/2009
06/2014",4.0,FlashReport_July 2026
318,Nagaland,"09/2009
12/2014",98.0,FlashReport_July 2026
319,Odisha,"10/2018
09/2019",98.5,FlashReport_July 2026
320,Odisha,"02/2024
05/2024",10.45,FlashReport_July 2026
321,Odisha,"09/2023
01/2024",50.0,FlashReport_July 2026
322,Puducherry,"09/2009
07/2013",99.5,FlashReport_July 2026
323,Punjab,"10/2019
07/2020",91.7,FlashReport_July 2026
324,Punjab,"08/2024
04/2025",58.0,FlashReport_July 2026
325,Sikkim,"08/2020
01/2022",96.5,FlashReport_July 2026
326,Sikkim,"02/2024
03/2024",38.0,FlashReport_July 2026
327,Telangana,"09/2022
11/2022",90.39,FlashReport_July 2026
328,Uttar Pradesh,"06/2020
06/2020",99.1,FlashReport_July 2026
329,Uttarakhand,"06/2020
04/2024",63.0,FlashReport_July 2026
330,West Bengal,"06/2018
04/2019",97.0,FlashReport_July 2026
331,Manipur,"06/2022
01/2022",97.5,FlashReport_July 2026
332,Assam,"03/2023
03/2023",83.8,FlashReport_July 2026
333,Assam,"03/2023
03/2023",87.5,FlashReport_July 2026
334,Gujarat,"05/2023
05/2023",68.0,FlashReport_July 2026
335,Maharashtra,"06/2017
06/2017",86.0,FlashReport_July 2026
336,Maharashtra,"05/2023
05/2023",77.9,FlashReport_July 2026
337,Mizoram,"07/2024
07/2024",34.0,FlashReport_July 2026
338,Rajasthan,"12/2023
12/2023",97.5,FlashReport_July 2026
339,Tamil Nadu,"01/2022
01/2022",81.0,FlashReport_July 2026
340,Tamil Nadu,"11/2012
11/2012",86.4,FlashReport_July 2026
341,Uttar Pradesh,"12/2018
12/2018",96.0,FlashReport_July 2026
342,Uttar Pradesh,"09/2022
09/2022",77.2,FlashReport_July 2026
343,West Bengal,"01/2019
01/2019",93.2,FlashReport_July 2026
344,Andhra Pradesh,"03/2016
03/2016",96.9,FlashReport_July 2026
345,Andhra Pradesh,"09/2025
09/2025",20.2,FlashReport_July 2026
346,Andhra Pradesh,"09/2021
09/2021",94.0,FlashReport_July 2026
347,Assam,"07/2020
07/2020",87.0,FlashReport_July 2026
348,Assam,"01/2018
01/2018",94.4,FlashReport_July 2026
349,Assam,"12/2020
12/2020",95.9,FlashReport_July 2026
350,Assam,"12/2024
12/2024",29.0,FlashReport_July 2026
351,Assam,"12/2022
12/2022",72.0,FlashReport_July 2026
352,Assam,"10/2025
10/2025",7.8,FlashReport_July 2026
353,Assam,"04/2022
04/2022",84.3,FlashReport_July 2026
354,Assam,"06/2022
06/2022",60.1,FlashReport_July 2026
355,Assam,"01/2023
01/2023",55.4,FlashReport_July 2026
356,Assam,"09/2023
09/2023",63.5,FlashReport_July 2026
357,Assam,"08/2021
08/2021",80.5,FlashReport_July 2026
358,Assam,"04/2023
04/2023",99.0,FlashReport_July 2026
359,Bihar,"10/2023
10/2023",56.0,FlashReport_July 2026
360,Bihar,"01/2020
01/2020",91.8,FlashReport_July 2026
361,Bihar,"01/2022
01/2022",66.3,FlashReport_July 2026
362,Bihar,"12/2022
12/2022",33.6,FlashReport_July 2026
363,Bihar,"12/2022
12/2022",30.3,FlashReport_July 2026
364,Chhattisgarh,"06/2022
06/2022",2.2,FlashReport_July 2026
365,Gujarat,"08/2021
08/2021",95.6,FlashReport_July 2026
366,Gujarat,"02/2017
02/2017",96.8,FlashReport_July 2026
367,Gujarat,"04/2021
04/2021",93.7,FlashReport_July 2026
368,Gujarat,"09/2020
09/2020",89.6,FlashReport_July 2026
369,Gujarat,"01/2022
01/2022",87.7,FlashReport_July 2026
370,Gujarat,"01/2022
01/2022",50.0,FlashReport_July 2026
371,Gujarat,"05/2022
05/2022",97.6,FlashReport_July 2026
372,Gujarat,"07/2021
07/2021",94.6,FlashReport_July 2026
373,Gujarat,"08/2022
08/2022",66.0,FlashReport_July 2026
374,Gujarat,"11/2022
11/2022",70.9,FlashReport_July 2026
375,Haryana,"06/2019
06/2019",65.4,FlashReport_July 2026
376,Haryana,"03/2022
03/2022",90.1,FlashReport_July 2026
377,Haryana,"02/2021
02/2021",94.3,FlashReport_July 2026
378,Haryana,"12/2020
12/2020",92.5,FlashReport_July 2026
379,"Jammu and
Kashmir","03/2022
03/2022",0.6,FlashReport_July 2026
380,Jharkhand,"11/2019
11/2019",66.2,FlashReport_July 2026
381,Jharkhand,"02/2023
02/2023",58.4,FlashReport_July 2026
382,Karnataka,"10/2023
10/2023",90.4,FlashReport_July 2026
383,Karnataka,"03/2024
03/2024",54.8,FlashReport_July 2026
384,Karnataka,"01/2006
01/2006",47.0,FlashReport_July 2026
385,Karnataka,"01/2022
01/2022",85.6,FlashReport_July 2026
386,Kerala,"09/2024
09/2024",48.8,FlashReport_July 2026
387,Kerala,"12/2023
12/2023",45.2,FlashReport_July 2026
388,Madhya Pradesh,"05/2024
05/2024",73.0,FlashReport_July 2026
389,Madhya Pradesh,"05/2023
05/2023",33.5,FlashReport_July 2026
390,Maharashtra,"04/2021
04/2021",91.9,FlashReport_July 2026
391,Maharashtra,"12/2024
12/2024",14.1,FlashReport_July 2026
392,Maharashtra,"05/2025
05/2025",7.2,FlashReport_July 2026
393,Maharashtra,"06/2025
06/2025",8.2,FlashReport_July 2026
394,Maharashtra,"04/2025
04/2025",0.0,FlashReport_July 2026
395,Maharashtra,"11/2025
11/2025",56.3,FlashReport_July 2026
396,Maharashtra,"03/2022
03/2022",3.4,FlashReport_July 2026
397,Maharashtra,"04/2022
04/2022",72.9,FlashReport_July 2026
398,Maharashtra,"05/2023
05/2023",87.3,FlashReport_July 2026
399,"Multi-States
(Chhattisgarh,
Odisha)","09/2024
09/2024",38.4,FlashReport_July 2026
400,"Multi-States
(Gujarat, Haryana,
Rajasthan)","05/2025
05/2025",43.3,FlashReport_July 2026
401,Nagaland,"08/2023
08/2023",43.0,FlashReport_July 2026
402,Odisha,"07/2020
07/2020",94.9,FlashReport_July 2026
403,Odisha,"02/2022
02/2022",5.8,FlashReport_July 2026
404,Odisha,"04/2021
04/2021",86.0,FlashReport_July 2026
405,Offshore,"12/2015
12/2015",90.0,FlashReport_July 2026
406,Offshore,"09/2024
09/2024",60.2,FlashReport_July 2026
407,Offshore,"08/2025
08/2025",23.5,FlashReport_July 2026
408,Offshore,"06/2022
06/2022",92.9,FlashReport_July 2026
409,Offshore,"06/2022
06/2022",95.6,FlashReport_July 2026
410,Offshore,"06/2024
06/2024",98.7,FlashReport_July 2026
411,Offshore,"05/2023
05/2023",47.4,FlashReport_July 2026
412,Punjab,"05/2020
05/2020",95.9,FlashReport_July 2026
413,Punjab,"07/2023
07/2023",91.1,FlashReport_July 2026
414,Punjab,"03/2022
03/2022",2.0,FlashReport_July 2026
415,Rajasthan,"07/2011
07/2011",90.2,FlashReport_July 2026
416,Rajasthan,"12/2022
12/2022",31.1,FlashReport_July 2026
417,Tamil Nadu,"09/2021
09/2021",10.2,FlashReport_July 2026
418,Tamil Nadu,"06/2009
06/2009",97.4,FlashReport_July 2026
419,Tamil Nadu,"01/2024
01/2024",76.9,FlashReport_July 2026
420,Tamil Nadu,"12/2022
12/2022",25.5,FlashReport_July 2026
421,Telangana,"03/2025
03/2025",29.1,FlashReport_July 2026
422,Tripura,"04/2020
04/2020",88.2,FlashReport_July 2026
423,Tripura,"03/2022
03/2022",71.3,FlashReport_July 2026
424,Uttar Pradesh,"09/2025
09/2025",62.5,FlashReport_July 2026
425,Uttar Pradesh,"09/2025
09/2025",62.5,FlashReport_July 2026
426,Uttar Pradesh,"04/2022
04/2022",57.3,FlashReport_July 2026
427,Uttar Pradesh,"12/2022
12/2022",19.8,FlashReport_July 2026
428,West Bengal,"03/2017
03/2017",95.7,FlashReport_July 2026
429,West Bengal,"09/2024
09/2024",16.5,FlashReport_July 2026
430,West Bengal,"11/2021
11/2021",89.0,FlashReport_July 2026
431,West Bengal,"03/2020
03/2020",94.4,FlashReport_July 2026
432,West Bengal,"11/2022
11/2022",98.3,FlashReport_July 2026
433,West Bengal,"03/2022
03/2022",3.0,FlashReport_July 2026
434,West Bengal,"12/2022
12/2022",43.8,FlashReport_July 2026
435,Bihar,"09/2020
09/2020",1.12,FlashReport_July 2026
436,Bihar,"NA
01/1900",0.0,FlashReport_July 2026
437,Bihar,"NA
01/1900",0.0,FlashReport_July 2026
438,Bihar,"NA
01/1900",0.0,FlashReport_July 2026
439,Bihar,"NA
01/1900",0.0,FlashReport_July 2026
440,Bihar,"NA
01/1900",0.0,FlashReport_July 2026
441,Bihar,"NA
01/1900",0.0,FlashReport_July 2026
442,Bihar,"03/2019
10/2022",50.0,FlashReport_July 2026
443,Chhattisgarh,"02/2023
10/2023",55.0,FlashReport_July 2026
444,Chhattisgarh,"10/2023
10/2023",84.0,FlashReport_July 2026
445,Chhattisgarh,"02/2020
09/2024",45.0,FlashReport_July 2026
446,Delhi,"09/2025
09/2025",40.0,FlashReport_July 2026
447,Delhi,"10/2016
06/2022",57.0,FlashReport_July 2026
448,Gujarat,"01/2019
01/2019",94.0,FlashReport_July 2026
449,Gujarat,"09/2022
09/2022",88.0,FlashReport_July 2026
450,Gujarat,"04/2022
10/2022",81.0,FlashReport_July 2026
451,Haryana,"02/2019
02/2019",67.45,FlashReport_July 2026
452,"Jammu and
Kashmir","01/2019
03/2019",79.0,FlashReport_July 2026
453,"Jammu and
Kashmir","09/2019
01/2022",75.0,FlashReport_July 2026
454,"Jammu and
Kashmir","NA
01/1900",0.0,FlashReport_July 2026
455,Jharkhand,"09/2023
02/2024",40.0,FlashReport_July 2026
456,Jharkhand,"06/2018
03/2023",57.0,FlashReport_July 2026
457,Ladakh,"10/2019
01/1900",0.0,FlashReport_July 2026
458,Madhya Pradesh,"12/2021
11/2022",86.0,FlashReport_July 2026
459,Madhya Pradesh,"08/2023
10/2023",45.0,FlashReport_July 2026
460,Maharashtra,"07/2021
01/1900",40.14,FlashReport_July 2026
461,Meghalaya,"NA
01/1900",0.0,FlashReport_July 2026
462,Nagaland,"NA
01/1900",0.0,FlashReport_July 2026
463,Punjab,"11/2019
07/2027",0.0,FlashReport_July 2026
464,Punjab,"01/2020
03/2026",5.0,FlashReport_July 2026
465,Sikkim,"10/2018
12/2018",92.0,FlashReport_July 2026
466,Tamil Nadu,"12/2018
12/2018",54.0,FlashReport_July 2026
467,Telangana,"12/2018
07/2022",87.58,FlashReport_July 2026
468,Uttarakhand,"10/2022
02/2024",95.0,FlashReport_July 2026
469,Uttarakhand,"08/2021
04/2023",78.0,FlashReport_July 2026
470,Andhra Pradesh,"02/2021
04/2023",95.0,FlashReport_July 2026
471,Gujarat,"06/2022
04/2023",28.0,FlashReport_July 2026
472,Gujarat,"08/2022
10/2023",58.0,FlashReport_July 2026
473,Karnataka,"02/2015
10/2024",35.0,FlashReport_July 2026
474,Karnataka,"07/2019
03/2025",28.1,FlashReport_July 2026
475,Maharashtra,"10/2013
08/2022",67.0,FlashReport_July 2026
476,Maharashtra,"12/2008
06/2009",89.0,FlashReport_July 2026
477,Odisha,"12/2010
02/2025",7.2,FlashReport_July 2026
478,Uttarakhand,"02/2021
12/2021",90.5,FlashReport_July 2026
479,"Multi-States
(Bihar, Jharkhand,
Uttar Pradesh,
West Bengal)","01/2018
02/2018",85.1,FlashReport_July 2026
480,Gujarat,"10/2022
03/2024",60.0,FlashReport_July 2026
481,Gujarat,"09/2021
09/2021",92.0,FlashReport_July 2026
482,Karnataka,"12/2023
06/2024",95.0,FlashReport_July 2026
483,Odisha,"05/2022
01/2023",76.0,FlashReport_July 2026
484,Gujarat,"02/2019
01/2022",79.87,FlashReport_July 2026
485,Haryana,"05/2018
12/2021",60.0,FlashReport_July 2026
486,Andhra Pradesh,"08/2024
10/2025",16.22,FlashReport_July 2026
487,Andhra Pradesh,"08/2024
10/2025",5.39,FlashReport_July 2026
488,Andhra Pradesh,"12/2020
02/2024",47.77,FlashReport_July 2026
489,Bihar,"08/2024
04/2026",5.0,FlashReport_July 2026
490,Karnataka,"12/2020
02/2023",27.12,FlashReport_July 2026
491,Kerala,"08/2024
10/2025",5.3,FlashReport_July 2026
492,Punjab,"08/2024
03/2026",3.4,FlashReport_July 2026
493,Rajasthan,"08/2024
01/2026",6.32,FlashReport_July 2026
494,Telangana,"08/2024
02/2026",4.87,FlashReport_July 2026
495,Uttar Pradesh,"08/2024
04/2026",27.79,FlashReport_July 2026
496,Uttarakhand,"08/2024
03/2026",3.23,FlashReport_July 2026
497,Chhattisgarh,"08/2021
07/2022",23.09,FlashReport_July 2026
498,Chhattisgarh,"02/2026
03/2026",0.0,FlashReport_July 2026
499,Chhattisgarh,"07/2024
08/2024",82.79,FlashReport_July 2026
500,Chhattisgarh,"10/2023
12/2023",74.3,FlashReport_July 2026
501,Chhattisgarh,"11/2023
01/2024",94.73,FlashReport_July 2026
502,Chhattisgarh,"11/2015
09/2020",95.8,FlashReport_July 2026
503,Chhattisgarh,"01/2009
10/2021",83.42,FlashReport_July 2026
504,Chhattisgarh,"06/2025
06/2025",48.01,FlashReport_July 2026
505,Jharkhand,"03/2015
10/2015",64.26,FlashReport_July 2026
506,Jharkhand,"01/2025
02/2025",62.05,FlashReport_July 2026
507,Jharkhand,"01/2025
02/2025",55.91,FlashReport_July 2026
508,Jharkhand,"03/2024
04/2024",53.15,FlashReport_July 2026
509,Jharkhand,"11/2023
12/2023",68.07,FlashReport_July 2026
510,Karnataka,"11/2014
06/2024",70.33,FlashReport_July 2026
511,Odisha,"02/2026
02/2026",0.0,FlashReport_July 2026
512,Odisha,"02/2025
03/2025",89.83,FlashReport_July 2026
513,Odisha,"06/2025
07/2025",71.75,FlashReport_July 2026
514,Odisha,"09/2024
10/2024",54.16,FlashReport_July 2026
515,Odisha,"09/2024
10/2024",22.59,FlashReport_July 2026
516,West Bengal,"01/2025
02/2025",18.72,FlashReport_July 2026
517,West Bengal,"01/2025
02/2025",11.87,FlashReport_July 2026
518,West Bengal,"09/2023
09/2023",37.19,FlashReport_July 2026
519,West Bengal,"07/2024
08/2024",67.5,FlashReport_July 2026
520,West Bengal,"09/2024
10/2024",62.17,FlashReport_July 2026
521,West Bengal,"11/2024
12/2024",74.55,FlashReport_July 2026
522,West Bengal,"07/2024
12/2024",34.58,FlashReport_July 2026
523,West Bengal,"01/2025
02/2025",27.66,FlashReport_July 2026
524,Andhra Pradesh,"03/2012
08/2015",2.0,FlashReport_July 2026
525,Andhra Pradesh,"03/2023
11/2024",0.0,FlashReport_July 2026
526,Andhra Pradesh,"07/2023
01/2025",0.0,FlashReport_July 2026
527,Andhra Pradesh,"01/2014
10/2017",65.0,FlashReport_July 2026
528,Andhra Pradesh,"04/2023
06/2024",21.0,FlashReport_July 2026
529,Andhra Pradesh,"04/2023
03/2024",87.0,FlashReport_July 2026
530,Andhra Pradesh,"10/2024
10/2024",0.0,FlashReport_July 2026
531,Andhra Pradesh,"05/2016
07/2014",75.01,FlashReport_July 2026
532,Assam,"02/2024
04/2025",1.0,FlashReport_July 2026
533,Assam,"09/2016
06/2017",91.0,FlashReport_July 2026
534,Bihar,"12/2023
04/2019",80.0,FlashReport_July 2026
535,Bihar,"06/2024
07/2026",0.0,FlashReport_July 2026
536,Bihar,"11/2024
05/2026",0.0,FlashReport_July 2026
537,Bihar,"10/2007
12/2008",74.0,FlashReport_July 2026
538,Bihar,"08/2009
09/2020",40.0,FlashReport_July 2026
539,Bihar,"08/2002
02/2000",95.0,FlashReport_July 2026
540,Bihar,"06/2010
01/2011",86.5,FlashReport_July 2026
541,Bihar,"11/2015
02/2017",92.0,FlashReport_July 2026
542,Bihar,"03/2018
02/2018",91.0,FlashReport_July 2026
543,Bihar,"03/2018
03/2019",99.0,FlashReport_July 2026
544,Bihar,"03/2016
04/2017",95.0,FlashReport_July 2026
545,Bihar,"10/2022
02/2025",38.0,FlashReport_July 2026
546,Bihar,"02/2019
04/2026",0.0,FlashReport_July 2026
547,Chhattisgarh,"03/2016
01/2014",95.15,FlashReport_July 2026
548,Chhattisgarh,"02/2013
04/2013",89.0,FlashReport_July 2026
549,Chhattisgarh,"07/2011
05/2021",100.0,FlashReport_July 2026
550,Chhattisgarh,"12/2022
03/2023",3.0,FlashReport_July 2026
551,Chhattisgarh,"07/2009
12/2009",82.0,FlashReport_July 2026
552,Chhattisgarh,"04/2014
04/2014",83.36,FlashReport_July 2026
553,Chhattisgarh,"06/2022
03/2024",38.0,FlashReport_July 2026
554,Chhattisgarh,"09/2022
10/2024",5.0,FlashReport_July 2026
555,Chhattisgarh,"09/2022
03/2023",10.0,FlashReport_July 2026
556,Delhi,"06/2012
04/2014",23.0,FlashReport_July 2026
557,Goa,"NA
01/2022",0.0,FlashReport_July 2026
558,Gujarat,"07/2023
01/2024",31.0,FlashReport_July 2026
559,Gujarat,"02/2023
11/2025",5.0,FlashReport_July 2026
560,Gujarat,"05/2022
05/2024",32.0,FlashReport_July 2026
561,Gujarat,"02/2023
05/2024",25.0,FlashReport_July 2026
562,Gujarat,"05/2022
04/2024",40.0,FlashReport_July 2026
563,Gujarat,"08/2023
04/2024",50.0,FlashReport_July 2026
564,Gujarat,"02/2023
03/2024",23.0,FlashReport_July 2026
565,Gujarat,"07/2023
07/2023",16.0,FlashReport_July 2026
566,Gujarat,"01/2017
06/2026",34.0,FlashReport_July 2026
567,Gujarat,"10/2021
08/2022",90.0,FlashReport_July 2026
568,Gujarat,"05/2022
05/2024",30.0,FlashReport_July 2026
569,Gujarat,"10/2022
03/2025",22.0,FlashReport_July 2026
570,Haryana,"02/2023
04/2023",77.0,FlashReport_July 2026
571,Jharkhand,"11/2022
09/2025",60.0,FlashReport_July 2026
572,Jharkhand,"06/2025
07/2026",0.0,FlashReport_July 2026
573,Jharkhand,"01/2018
04/2022",65.0,FlashReport_July 2026
574,Jharkhand,"08/2021
11/2025",14.0,FlashReport_July 2026
575,Jharkhand,"11/2022
11/2022",72.0,FlashReport_July 2026
576,Karnataka,"03/2019
12/2025",0.5,FlashReport_July 2026
577,Karnataka,"04/2013
08/2017",35.0,FlashReport_July 2026
578,Karnataka,"01/2014
06/2023",83.0,FlashReport_July 2026
579,Karnataka,"01/1999
08/2023",10.0,FlashReport_July 2026
580,Karnataka,"02/2010
02/2025",35.0,FlashReport_July 2026
581,Karnataka,"03/2011
11/2017",22.0,FlashReport_July 2026
582,Karnataka,"03/2018
05/2022",70.0,FlashReport_July 2026
583,Karnataka,"09/2019
12/2023",14.0,FlashReport_July 2026
584,Karnataka,"10/2020
10/2020",20.02,FlashReport_July 2026
585,Kerala,"04/2023
10/2024",30.0,FlashReport_July 2026
586,Kerala,"04/2023
10/2024",25.0,FlashReport_July 2026
587,Madhya Pradesh,"02/2010
04/2018",91.0,FlashReport_July 2026
588,Madhya Pradesh,"11/2015
08/2016",88.0,FlashReport_July 2026
589,Madhya Pradesh,"08/2016
09/2017",84.0,FlashReport_July 2026
590,Madhya Pradesh,"10/2021
08/2022",100.0,FlashReport_July 2026
591,Maharashtra,"05/2023
06/2024",0.0,FlashReport_July 2026
592,Maharashtra,"08/2022
01/2026",10.0,FlashReport_July 2026
593,Maharashtra,"04/2023
07/2023",25.0,FlashReport_July 2026
594,Maharashtra,"12/2023
05/2025",1.0,FlashReport_July 2026
595,Maharashtra,"07/2023
12/2024",15.0,FlashReport_July 2026
596,Maharashtra,"02/1997
04/2013",93.0,FlashReport_July 2026
597,Maharashtra,"02/1999
12/2003",60.0,FlashReport_July 2026
598,Maharashtra,"05/2017
11/2023",69.0,FlashReport_July 2026
599,Maharashtra,"02/2008
04/2013",47.0,FlashReport_July 2026
600,Maharashtra,"09/2015
09/2015",73.0,FlashReport_July 2026
601,Maharashtra,"09/2015
10/2015",88.0,FlashReport_July 2026
602,Maharashtra,"03/2016
05/2016",86.0,FlashReport_July 2026
603,Maharashtra,"10/2017
11/2018",95.0,FlashReport_July 2026
604,Maharashtra,"04/2017
06/2017",88.0,FlashReport_July 2026
605,Maharashtra,"05/2017
04/2018",100.0,FlashReport_July 2026
606,Maharashtra,"01/2019
09/2024",22.0,FlashReport_July 2026
607,Manipur,"10/2003
04/2009",78.0,FlashReport_July 2026
608,"Multi-States
(Andhra Pradesh,
Karnataka)","10/2011
06/2015",20.0,FlashReport_July 2026
609,"Multi-States
(Andhra Pradesh,
Karnataka)","02/2007
02/2011",65.0,FlashReport_July 2026
610,"Multi-States
(Andhra Pradesh,
Odisha)","12/2015
01/2016",74.0,FlashReport_July 2026
611,"Multi-States
(Andhra Pradesh,
Tamil Nadu)","07/2008
05/2009",16.0,FlashReport_July 2026
612,"Multi-States
(Andhra Pradesh,
Tamil Nadu)","04/2025
04/2025",0.0,FlashReport_July 2026
613,"Multi-States
(Andhra Pradesh,
Tamil Nadu)","04/2016
08/2016",50.0,FlashReport_July 2026
614,"Multi-States
(Andhra Pradesh,
Telangana)","02/2024
07/2025",22.0,FlashReport_July 2026
615,"Multi-States
(Andhra Pradesh,
Telangana)","11/2024
06/2026",0.0,FlashReport_July 2026
616,"Multi-States
(Andhra Pradesh,
Telangana)","04/2016
01/2021",90.0,FlashReport_July 2026
617,"Multi-States
(Arunachal
Pradesh, Assam)","02/2011
05/2023",67.0,FlashReport_July 2026
618,"Multi-States
(Assam,
Meghalaya)","11/2006
04/2011",87.0,FlashReport_July 2026
619,"Multi-States
(Assam,
Nagaland)","11/2006
12/2015",45.0,FlashReport_July 2026
620,"Multi-States
(Bihar, Jharkhand)","11/2004
05/2017",90.0,FlashReport_July 2026
621,"Multi-States
(Bihar, Jharkhand)","03/2014
04/2026",40.0,FlashReport_July 2026
622,"Multi-States
(Bihar, Jharkhand,
Uttar Pradesh,
West Bengal)","08/2023
09/2025",3.0,FlashReport_July 2026
623,"Multi-States
(Bihar, Uttar
Pradesh)","05/2022
06/2023",25.0,FlashReport_July 2026
624,"Multi-States
(Bihar, Uttar
Pradesh)","08/2023
03/2024",32.0,FlashReport_July 2026
625,"Multi-States
(Bihar, Uttar
Pradesh)","10/2022
06/2024",0.0,FlashReport_July 2026
626,"Multi-States
(Bihar, Uttar
Pradesh)","03/2013
12/2015",95.0,FlashReport_July 2026
627,"Multi-States
(Bihar, West
Bengal)","08/2022
10/2023",65.0,FlashReport_July 2026
628,"Multi-States
(Chhattisgarh,
Maharashtra)","09/2016
12/2016",95.0,FlashReport_July 2026
629,"Multi-States
(Chhattisgarh,
Maharashtra)","09/2022
03/2023",3.0,FlashReport_July 2026
630,"Multi-States
(Chhattisgarh,
Maharashtra)","09/2022
03/2023",3.0,FlashReport_July 2026
631,"Multi-States
(Chhattisgarh,
Maharashtra)","09/2022
03/2023",10.0,FlashReport_July 2026
632,"Multi-States
(Chhattisgarh,
Odisha)","12/2015
10/2021",90.0,FlashReport_July 2026
633,"Multi-States
(Chhattisgarh,
Odisha)","09/2016
03/2016",88.0,FlashReport_July 2026
634,"Multi-States
(Dadra & Nagar
Haveli and Daman
& Diu, Gujarat,
Maharashtra)","03/2015
09/2017",62.16,FlashReport_July 2026
635,"Multi-States (Delhi,
Gujarat, Madhya
Pradesh,
Maharashtra,
Rajasthan)","09/2019
09/2019",66.32,FlashReport_July 2026
636,"Multi-States
(Gujarat, Haryana,
Maharashtra,
Rajasthan, Uttar
Pradesh)","02/2008
01/2012",96.0,FlashReport_July 2026
637,"Multi-States
(Gujarat, Madhya
Pradesh)","06/2012
12/2008",57.0,FlashReport_July 2026
638,"Multi-States
(Gujarat, Madhya
Pradesh)","02/2007
08/2008",58.0,FlashReport_July 2026
639,"Multi-States
(Gujarat,
Rajasthan)","07/2022
05/2023",48.0,FlashReport_July 2026
640,"Multi-States
(Gujarat,
Rajasthan)","02/2024
02/2024",36.0,FlashReport_July 2026
641,"Multi-States
(Haryana,
Himachal Pradesh)","02/2018
07/2022",47.0,FlashReport_July 2026
642,"Multi-States
(Himachal
Pradesh, Punjab)","03/1983
04/1983",84.0,FlashReport_July 2026
643,"Multi-States
(Jharkhand,
Odisha)","03/2016
02/2017",95.0,FlashReport_July 2026
644,"Multi-States
(Jharkhand,
Odisha, West
Bengal)","08/2024
08/2024",2.0,FlashReport_July 2026
645,"Multi-States
(Jharkhand, West
Bengal)","09/2024
09/2024",0.0,FlashReport_July 2026
646,"Multi-States
(Jharkhand, West
Bengal)","09/2016
11/2016",98.0,FlashReport_July 2026
647,"Multi-States
(Karnataka, Tamil
Nadu)","04/2019
07/2020",85.0,FlashReport_July 2026
648,"Multi-States
(Kerala, Tamil
Nadu)","08/2017
08/2019",59.0,FlashReport_July 2026
649,"Multi-States
(Madhya Pradesh,
Maharashtra)","01/2008
09/2011",75.0,FlashReport_July 2026
650,"Multi-States
(Madhya Pradesh,
Maharashtra)","09/2016
12/2016",55.0,FlashReport_July 2026
651,"Multi-States
(Madhya Pradesh,
Rajasthan)","02/2000
08/2001",86.0,FlashReport_July 2026
652,"Multi-States
(Madhya Pradesh,
Rajasthan)","10/2018
01/2022",60.0,FlashReport_July 2026
653,"Multi-States
(Madhya Pradesh,
Rajasthan, Uttar
Pradesh)","09/2016
02/2017",94.0,FlashReport_July 2026
654,"Multi-States
(Madhya Pradesh,
Uttar Pradesh)","01/2007
02/1999",73.0,FlashReport_July 2026
655,"Multi-States
(Madhya Pradesh,
Uttar Pradesh)","09/2016
03/2020",98.0,FlashReport_July 2026
656,"Multi-States
(Madhya Pradesh,
Uttar Pradesh)","03/2018
04/2019",73.0,FlashReport_July 2026
657,"Multi-States
(Odisha, West
Bengal)","08/2024
08/2024",2.0,FlashReport_July 2026
658,"Multi-States
(Odisha, West
Bengal)","03/2019
02/2020",84.0,FlashReport_July 2026
659,"Multi-States
(Puducherry, Tamil
Nadu)","11/1995
02/2014",80.0,FlashReport_July 2026
660,"Multi-States
(Sikkim, West
Bengal)","10/2009
05/2010",80.0,FlashReport_July 2026
661,"Multi-States (Uttar
Pradesh, West
Bengal)","08/2017
06/2024",15.0,FlashReport_July 2026
662,Odisha,"10/2021
10/2021",44.0,FlashReport_July 2026
663,Odisha,"08/2022
07/2022",82.0,FlashReport_July 2026
664,Odisha,"08/2022
06/2022",53.0,FlashReport_July 2026
665,Odisha,"09/2022
06/2022",88.0,FlashReport_July 2026
666,Odisha,"01/2014
02/2024",55.0,FlashReport_July 2026
667,Odisha,"04/2023
01/2024",88.0,FlashReport_July 2026
668,Odisha,"09/2022
12/2023",45.0,FlashReport_July 2026
669,Odisha,"04/2023
10/2023",0.0,FlashReport_July 2026
670,Odisha,"08/2023
11/2025",7.0,FlashReport_July 2026
671,Odisha,"08/2024
05/2026",0.0,FlashReport_July 2026
672,Odisha,"03/1994
03/2001",93.0,FlashReport_July 2026
673,Odisha,"03/2004
07/2008",56.0,FlashReport_July 2026
674,Odisha,"03/2012
09/2016",87.0,FlashReport_July 2026
675,Odisha,"12/2015
01/2016",56.0,FlashReport_July 2026
676,Odisha,"11/2015
05/2016",25.0,FlashReport_July 2026
677,Odisha,"12/2015
04/2016",86.0,FlashReport_July 2026
678,Odisha,"07/2017
09/2022",1.0,FlashReport_July 2026
679,Odisha,"02/2018
04/2026",6.0,FlashReport_July 2026
680,PAN India,"06/2020
04/2023",48.0,FlashReport_July 2026
681,Punjab,"NA
10/2022",99.0,FlashReport_July 2026
682,Punjab,"03/2019
12/2022",70.0,FlashReport_July 2026
683,Rajasthan,"01/2023
08/2023",75.0,FlashReport_July 2026
684,Rajasthan,"09/2022
06/2023",0.0,FlashReport_July 2026
685,Rajasthan,"02/2024
08/2024",7.0,FlashReport_July 2026
686,Rajasthan,"02/2024
09/2024",23.0,FlashReport_July 2026
687,Rajasthan,"01/2024
01/2024",95.0,FlashReport_July 2026
688,Rajasthan,"04/2025
05/2026",3.0,FlashReport_July 2026
689,Rajasthan,"04/2019
11/2019",95.0,FlashReport_July 2026
690,Rajasthan,"06/2022
02/2021",56.0,FlashReport_July 2026
691,Rajasthan,"11/2021
11/2021",98.0,FlashReport_July 2026
692,Rajasthan,"12/2022
04/2024",72.0,FlashReport_July 2026
693,Tamil Nadu,"11/2007
11/2008",99.9,FlashReport_July 2026
694,Tamil Nadu,"05/2022
10/2022",0.0,FlashReport_July 2026
695,Tamil Nadu,"12/2017
07/2018",0.0,FlashReport_July 2026
696,Tamil Nadu,"04/2011
06/2016",14.0,FlashReport_July 2026
697,Telangana,"07/2016
02/2023",91.0,FlashReport_July 2026
698,Uttar Pradesh,"10/2018
01/2024",15.0,FlashReport_July 2026
699,Uttar Pradesh,"08/2019
04/2025",1.0,FlashReport_July 2026
700,Uttar Pradesh,"10/2024
08/2025",5.0,FlashReport_July 2026
701,Uttar Pradesh,"08/2023
01/2026",12.0,FlashReport_July 2026
702,Uttar Pradesh,"03/2023
04/2025",22.0,FlashReport_July 2026
703,Uttar Pradesh,"11/2017
04/2020",100.0,FlashReport_July 2026
704,Uttar Pradesh,"11/2017
03/2019",80.0,FlashReport_July 2026
705,Uttar Pradesh,"03/2017
03/2023",85.0,FlashReport_July 2026
706,Uttar Pradesh,"08/2019
12/2020",77.0,FlashReport_July 2026
707,Uttar Pradesh,"04/2019
02/2021",87.0,FlashReport_July 2026
708,Uttar Pradesh,"04/2019
12/2025",11.0,FlashReport_July 2026
709,Uttar Pradesh,"03/2018
11/2019",94.0,FlashReport_July 2026
710,Uttar Pradesh,"01/2019
08/2022",77.0,FlashReport_July 2026
711,West Bengal,"07/2015
12/2005",49.0,FlashReport_July 2026
712,West Bengal,"03/2001
03/2005",75.0,FlashReport_July 2026
713,West Bengal,"12/2010
12/2010",18.0,FlashReport_July 2026
714,"Andaman &
Nicobar","02/2018
03/2024",81.95,FlashReport_July 2026
715,"Andaman &
Nicobar","02/2018
05/2024",50.15,FlashReport_July 2026
716,"Andaman &
Nicobar","03/2015
05/2024",12.98,FlashReport_July 2026
717,Andhra Pradesh,"03/2022
05/2023",75.2,FlashReport_July 2026
718,Andhra Pradesh,"03/2020
11/2021",74.41,FlashReport_July 2026
719,Andhra Pradesh,"03/2023
12/2024",95.77,FlashReport_July 2026
720,Andhra Pradesh,"10/2024
09/2025",49.71,FlashReport_July 2026
721,Andhra Pradesh,"10/2024
07/2025",41.98,FlashReport_July 2026
722,Andhra Pradesh,"11/2016
05/2017",91.9,FlashReport_July 2026
723,Andhra Pradesh,"10/2022
11/2023",90.19,FlashReport_July 2026
724,Andhra Pradesh,"12/2021
05/2022",90.2,FlashReport_July 2026
725,Andhra Pradesh,"10/2024
08/2025",37.7,FlashReport_July 2026
726,Andhra Pradesh,"10/2024
08/2025",33.55,FlashReport_July 2026
727,Andhra Pradesh,"10/2024
04/2025",37.95,FlashReport_July 2026
728,Andhra Pradesh,"03/2022
10/2024",90.33,FlashReport_July 2026
729,Andhra Pradesh,"03/2018
09/2018",100.0,FlashReport_July 2026
730,Andhra Pradesh,"01/2024
04/2025",45.62,FlashReport_July 2026
731,Andhra Pradesh,"03/2018
08/2018",98.52,FlashReport_July 2026
732,Andhra Pradesh,"02/2016
05/2016",100.0,FlashReport_July 2026
733,Andhra Pradesh,"08/2016
01/2017",98.2,FlashReport_July 2026
734,Andhra Pradesh,"03/2016
09/2016",98.6,FlashReport_July 2026
735,Andhra Pradesh,"03/2023
01/2025",13.0,FlashReport_July 2026
736,Andhra Pradesh,"04/2020
11/2023",56.69,FlashReport_July 2026
737,Andhra Pradesh,"08/2020
10/2022",93.01,FlashReport_July 2026
738,Andhra Pradesh,"08/2020
07/2022",98.09,FlashReport_July 2026
739,Andhra Pradesh,"01/2018
10/2020",68.8,FlashReport_July 2026
740,Andhra Pradesh,"02/2021
06/2023",94.24,FlashReport_July 2026
741,Andhra Pradesh,"11/2020
10/2022",99.46,FlashReport_July 2026
742,Andhra Pradesh,"07/2024
03/2025",39.1,FlashReport_July 2026
743,Andhra Pradesh,"03/2025
10/2025",18.9,FlashReport_July 2026
744,Andhra Pradesh,"10/2018
01/2020",95.73,FlashReport_July 2026
745,Andhra Pradesh,"01/2018
01/2019",100.0,FlashReport_July 2026
746,Andhra Pradesh,"11/2017
03/2018",98.47,FlashReport_July 2026
747,Andhra Pradesh,"12/2022
03/2026",5.01,FlashReport_July 2026
748,Andhra Pradesh,"02/2021
02/2022",99.5,FlashReport_July 2026
749,Andhra Pradesh,"03/2020
01/2022",98.6,FlashReport_July 2026
750,Andhra Pradesh,"01/2023
02/2024",87.65,FlashReport_July 2026
751,Andhra Pradesh,"02/2023
02/2024",47.2,FlashReport_July 2026
752,Andhra Pradesh,"02/2022
02/2024",67.05,FlashReport_July 2026
753,Andhra Pradesh,"01/2023
02/2024",76.97,FlashReport_July 2026
754,Andhra Pradesh,"12/2022
03/2024",77.21,FlashReport_July 2026
755,Andhra Pradesh,"01/2023
03/2024",87.24,FlashReport_July 2026
756,Andhra Pradesh,"02/2023
02/2025",54.56,FlashReport_July 2026
757,Andhra Pradesh,"02/2023
02/2024",65.92,FlashReport_July 2026
758,Andhra Pradesh,"02/2023
03/2024",73.78,FlashReport_July 2026
759,Andhra Pradesh,"02/2023
02/2024",64.2,FlashReport_July 2026
760,Andhra Pradesh,"05/2022
09/2023",90.4,FlashReport_July 2026
761,Andhra Pradesh,"03/2022
10/2023",98.84,FlashReport_July 2026
762,Andhra Pradesh,"02/2022
01/2023",94.9,FlashReport_July 2026
763,Andhra Pradesh,"09/2022
08/2023",93.0,FlashReport_July 2026
764,Andhra Pradesh,"03/2018
12/2018",80.19,FlashReport_July 2026
765,Andhra Pradesh,"12/2024
02/2026",7.2,FlashReport_July 2026
766,Andhra Pradesh,"01/2023
02/2024",79.0,FlashReport_July 2026
767,Andhra Pradesh,"08/2022
09/2023",84.03,FlashReport_July 2026
768,Andhra Pradesh,"10/2022
07/2023",92.34,FlashReport_July 2026
769,Andhra Pradesh,"10/2022
08/2023",84.92,FlashReport_July 2026
770,Andhra Pradesh,"03/2024
12/2024",42.48,FlashReport_July 2026
771,Andhra Pradesh,"01/2020
02/2021",98.2,FlashReport_July 2026
772,Andhra Pradesh,"12/2022
03/2026",2.25,FlashReport_July 2026
773,Andhra Pradesh,"02/2021
03/2022",99.83,FlashReport_July 2026
774,Andhra Pradesh,"02/2021
10/2022",84.6,FlashReport_July 2026
775,Andhra Pradesh,"02/2023
02/2024",66.12,FlashReport_July 2026
776,Andhra Pradesh,"02/2023
02/2024",70.2,FlashReport_July 2026
777,Andhra Pradesh,"02/2023
02/2024",44.56,FlashReport_July 2026
778,Andhra Pradesh,"02/2023
02/2024",73.0,FlashReport_July 2026
779,Andhra Pradesh,"08/2022
10/2023",53.7,FlashReport_July 2026
780,Andhra Pradesh,"08/2022
12/2023",55.53,FlashReport_July 2026
781,Andhra Pradesh,"10/2022
07/2023",100.0,FlashReport_July 2026
782,Arunachal Pradesh,"03/2019
11/2020",96.61,FlashReport_July 2026
783,Arunachal Pradesh,"02/2024
07/2025",1.7,FlashReport_July 2026
784,Arunachal Pradesh,"02/2024
03/2025",19.13,FlashReport_July 2026
785,Arunachal Pradesh,"02/2024
01/2025",56.18,FlashReport_July 2026
786,Arunachal Pradesh,"12/2023
05/2025",22.81,FlashReport_July 2026
787,Arunachal Pradesh,"01/2024
01/2025",39.86,FlashReport_July 2026
788,Arunachal Pradesh,"02/2017
10/2020",99.69,FlashReport_July 2026
789,Arunachal Pradesh,"02/2017
03/2018",82.45,FlashReport_July 2026
790,Arunachal Pradesh,"08/2020
06/2025",19.57,FlashReport_July 2026
791,Arunachal Pradesh,"12/2023
02/2026",15.06,FlashReport_July 2026
792,Arunachal Pradesh,"12/2023
06/2026",14.69,FlashReport_July 2026
793,Assam,"03/2022
04/2023",76.32,FlashReport_July 2026
794,Assam,"03/2024
04/2025",34.0,FlashReport_July 2026
795,Assam,"03/2023
02/2025",20.0,FlashReport_July 2026
796,Assam,"02/2024
09/2025",6.7,FlashReport_July 2026
797,Assam,"03/2025
12/2025",3.25,FlashReport_July 2026
798,Assam,"03/2023
12/2023",64.48,FlashReport_July 2026
799,Assam,"03/2023
12/2023",59.78,FlashReport_July 2026
800,Assam,"03/2023
12/2023",85.87,FlashReport_July 2026
801,Assam,"09/2021
11/2021",81.07,FlashReport_July 2026
802,Assam,"11/2023
12/2024",12.45,FlashReport_July 2026
803,Assam,"02/2024
02/2025",35.0,FlashReport_July 2026
804,Assam,"03/2020
06/2020",97.76,FlashReport_July 2026
805,Assam,"03/2023
08/2024",57.17,FlashReport_July 2026
806,Assam,"02/2024
08/2025",23.07,FlashReport_July 2026
807,Assam,"02/2024
02/2025",41.88,FlashReport_July 2026
808,Assam,"03/2024
03/2025",40.99,FlashReport_July 2026
809,Assam,"02/2024
04/2025",14.04,FlashReport_July 2026
810,Assam,"03/2024
09/2025",41.26,FlashReport_July 2026
811,Assam,"03/2023
02/2024",81.65,FlashReport_July 2026
812,Assam,"02/2023
01/2024",59.65,FlashReport_July 2026
813,Assam,"01/2023
11/2023",99.7,FlashReport_July 2026
814,Assam,"01/2024
01/2025",47.27,FlashReport_July 2026
815,Assam,"01/2023
05/2023",88.99,FlashReport_July 2026
816,Assam,"03/2023
08/2023",90.5,FlashReport_July 2026
817,Assam,"03/2023
08/2023",87.5,FlashReport_July 2026
818,Assam,"03/2023
08/2023",85.2,FlashReport_July 2026
819,Assam,"12/2023
03/2024",90.36,FlashReport_July 2026
820,Assam,"03/2022
11/2024",89.5,FlashReport_July 2026
821,Assam,"05/2019
12/2020",77.14,FlashReport_July 2026
822,Assam,"03/2015
12/2016",100.0,FlashReport_July 2026
823,Assam,"01/2016
09/2024",100.0,FlashReport_July 2026
824,Assam,"01/2016
01/2023",100.0,FlashReport_July 2026
825,Assam,"01/2016
10/2024",58.19,FlashReport_July 2026
826,Assam,"01/2016
10/2024",87.33,FlashReport_July 2026
827,Assam,"01/2024
02/2024",100.0,FlashReport_July 2026
828,Assam,"02/2020
12/2020",93.23,FlashReport_July 2026
829,Assam,"02/2020
09/2020",100.0,FlashReport_July 2026
830,Assam,"08/2024
01/2026",0.0,FlashReport_July 2026
831,Assam,"12/2017
05/2018",52.0,FlashReport_July 2026
832,Assam,"10/2014
10/2024",73.88,FlashReport_July 2026
833,Assam,"02/2023
02/2024",71.09,FlashReport_July 2026
834,Assam,"10/2014
10/2024",72.0,FlashReport_July 2026
835,Assam,"03/2022
01/2023",98.0,FlashReport_July 2026
836,Bihar,"03/2022
07/2023",88.65,FlashReport_July 2026
837,Bihar,"03/2021
11/2022",73.21,FlashReport_July 2026
838,Bihar,"01/2014
11/2016",97.0,FlashReport_July 2026
839,Bihar,"01/2014
10/2016",99.74,FlashReport_July 2026
840,Bihar,"03/2023
07/2024",62.0,FlashReport_July 2026
841,Bihar,"02/2022
06/2026",2.0,FlashReport_July 2026
842,Bihar,"02/2024
08/2024",61.0,FlashReport_July 2026
843,Bihar,"02/2022
05/2023",96.0,FlashReport_July 2026
844,Bihar,"01/2022
05/2025",7.5,FlashReport_July 2026
845,Bihar,"09/2022
01/2026",4.0,FlashReport_July 2026
846,Bihar,"02/2022
06/2023",93.0,FlashReport_July 2026
847,Bihar,"11/2022
12/2024",58.75,FlashReport_July 2026
848,Bihar,"01/2022
10/2024",39.0,FlashReport_July 2026
849,Bihar,"02/2019
03/2021",75.33,FlashReport_July 2026
850,Bihar,"09/2018
06/2021",98.6,FlashReport_July 2026
851,Bihar,"07/2020
05/2023",52.6,FlashReport_July 2026
852,Bihar,"01/2024
05/2024",18.66,FlashReport_July 2026
853,Bihar,"03/2023
09/2025",9.07,FlashReport_July 2026
854,Bihar,"04/2022
12/2023",83.01,FlashReport_July 2026
855,Bihar,"03/2023
09/2025",24.8,FlashReport_July 2026
856,Bihar,"03/2023
10/2025",26.77,FlashReport_July 2026
857,Bihar,"03/2023
10/2025",26.31,FlashReport_July 2026
858,Bihar,"09/2022
09/2023",22.05,FlashReport_July 2026
859,Bihar,"02/2022
03/2023",54.8,FlashReport_July 2026
860,Bihar,"02/2022
07/2023",50.8,FlashReport_July 2026
861,Bihar,"03/2022
02/2023",36.25,FlashReport_July 2026
862,Bihar,"01/2025
04/2026",0.8,FlashReport_July 2026
863,Bihar,"03/2025
10/2025",25.78,FlashReport_July 2026
864,Bihar,"03/2023
10/2024",49.0,FlashReport_July 2026
865,Bihar,"10/2024
01/2026",27.5,FlashReport_July 2026
866,Bihar,"12/2015
10/2016",97.73,FlashReport_July 2026
867,Bihar,"10/2021
06/2022",95.72,FlashReport_July 2026
868,Bihar,"09/2020
04/2021",97.85,FlashReport_July 2026
869,Bihar,"09/2020
12/2021",99.14,FlashReport_July 2026
870,Bihar,"02/2017
12/2019",90.07,FlashReport_July 2026
871,Bihar,"03/2017
12/2018",94.0,FlashReport_July 2026
872,Bihar,"02/2024
08/2024",77.28,FlashReport_July 2026
873,Bihar,"10/2022
03/2024",63.91,FlashReport_July 2026
874,Bihar,"07/2023
03/2024",88.3,FlashReport_July 2026
875,Bihar,"08/2022
11/2024",10.97,FlashReport_July 2026
876,Bihar,"02/2019
02/2020",92.4,FlashReport_July 2026
877,Bihar,"08/2022
01/2025",23.78,FlashReport_July 2026
878,Bihar,"01/2018
11/2019",99.8,FlashReport_July 2026
879,Bihar,"02/2024
10/2024",26.84,FlashReport_July 2026
880,Bihar,"03/2022
03/2024",30.41,FlashReport_July 2026
881,Bihar,"06/2022
02/2024",100.0,FlashReport_July 2026
882,Bihar,"12/2015
06/2017",99.95,FlashReport_July 2026
883,Bihar,"10/2022
12/2023",99.5,FlashReport_July 2026
884,Bihar,"01/2021
03/2022",82.72,FlashReport_July 2026
885,Bihar,"07/2013
12/2018",99.99,FlashReport_July 2026
886,Bihar,"01/2021
04/2022",77.3,FlashReport_July 2026
887,Bihar,"02/2021
03/2022",95.9,FlashReport_July 2026
888,Bihar,"08/2010
08/2010",99.45,FlashReport_July 2026
889,Chhattisgarh,"01/2024
04/2025",42.0,FlashReport_July 2026
890,Chhattisgarh,"03/2018
01/2019",97.9,FlashReport_July 2026
891,Chhattisgarh,"12/2022
03/2025",70.0,FlashReport_July 2026
892,Chhattisgarh,"12/2022
12/2024",0.0,FlashReport_July 2026
893,Chhattisgarh,"03/2022
05/2025",38.56,FlashReport_July 2026
894,Chhattisgarh,"03/2022
07/2024",60.0,FlashReport_July 2026
895,Chhattisgarh,"03/2022
05/2025",28.07,FlashReport_July 2026
896,Chhattisgarh,"03/2022
07/2024",60.0,FlashReport_July 2026
897,Chhattisgarh,"03/2022
01/2024",11.0,FlashReport_July 2026
898,Chhattisgarh,"06/2022
07/2023",75.39,FlashReport_July 2026
899,Chhattisgarh,"06/2022
06/2023",73.96,FlashReport_July 2026
900,Chhattisgarh,"04/2020
03/2022",94.81,FlashReport_July 2026
901,Chhattisgarh,"03/2022
02/2024",81.5,FlashReport_July 2026
902,Chhattisgarh,"08/2024
04/2026",0.0,FlashReport_July 2026
903,Chhattisgarh,"11/2021
09/2022",99.35,FlashReport_July 2026
904,Chhattisgarh,"12/2021
01/2023",100.0,FlashReport_July 2026
905,Chhattisgarh,"03/2022
10/2023",70.73,FlashReport_July 2026
906,Chhattisgarh,"02/2021
01/2022",98.75,FlashReport_July 2026
907,Chhattisgarh,"06/2025
06/2026",0.0,FlashReport_July 2026
908,Chhattisgarh,"10/2015
04/2016",100.0,FlashReport_July 2026
909,Chhattisgarh,"12/2019
12/2020",93.1,FlashReport_July 2026
910,Chhattisgarh,"03/2026
06/2026",0.0,FlashReport_July 2026
911,"Dadra & Nagar
Haveli and Daman
& Diu","10/2022
02/2024",80.0,FlashReport_July 2026
912,Delhi,"07/2020
10/2021",99.99,FlashReport_July 2026
913,Delhi,"01/2018
10/2019",100.0,FlashReport_July 2026
914,Delhi,"03/2018
09/2020",98.8,FlashReport_July 2026
915,Goa,"07/2024
02/2026",1.0,FlashReport_July 2026
916,Goa,"04/2023
04/2024",99.08,FlashReport_July 2026
917,Goa,"12/2024
04/2026",0.0,FlashReport_July 2026
918,Goa,"01/2024
08/2024",59.18,FlashReport_July 2026
919,Gujarat,"10/2022
01/2025",35.0,FlashReport_July 2026
920,Gujarat,"03/2024
08/2025",35.0,FlashReport_July 2026
921,Gujarat,"03/2024
08/2025",53.0,FlashReport_July 2026
922,Gujarat,"03/2024
09/2025",36.0,FlashReport_July 2026
923,Gujarat,"03/2022
03/2024",98.0,FlashReport_July 2026
924,Gujarat,"03/2023
06/2024",90.0,FlashReport_July 2026
925,Gujarat,"12/2022
02/2024",77.0,FlashReport_July 2026
926,Gujarat,"02/2024
12/2025",23.0,FlashReport_July 2026
927,Gujarat,"09/2022
12/2023",64.5,FlashReport_July 2026
928,Gujarat,"09/2020
12/2022",85.5,FlashReport_July 2026
929,Gujarat,"11/2019
05/2021",100.0,FlashReport_July 2026
930,Gujarat,"02/2018
11/2019",91.34,FlashReport_July 2026
931,Gujarat,"07/2023
04/2024",21.75,FlashReport_July 2026
932,Gujarat,"05/2020
07/2021",100.0,FlashReport_July 2026
933,Gujarat,"05/2020
12/2021",98.08,FlashReport_July 2026
934,Gujarat,"06/2024
08/2024",91.83,FlashReport_July 2026
935,Gujarat,"03/2024
01/2025",48.73,FlashReport_July 2026
936,Gujarat,"01/2023
12/2023",64.52,FlashReport_July 2026
937,Gujarat,"02/2020
03/2021",99.7,FlashReport_July 2026
938,Gujarat,"03/2024
02/2025",35.47,FlashReport_July 2026
939,Gujarat,"03/2022
01/2023",96.0,FlashReport_July 2026
940,Gujarat,"12/2021
03/2023",87.12,FlashReport_July 2026
941,Gujarat,"03/2023
11/2025",25.82,FlashReport_July 2026
942,Gujarat,"03/2023
11/2025",10.08,FlashReport_July 2026
943,Gujarat,"03/2025
05/2026",7.0,FlashReport_July 2026
944,Gujarat,"03/2022
09/2023",76.83,FlashReport_July 2026
945,Gujarat,"02/2016
02/2017",100.0,FlashReport_July 2026
946,Gujarat,"09/2020
02/2022",98.9,FlashReport_July 2026
947,Gujarat,"02/2026
07/2026",0.0,FlashReport_July 2026
948,Haryana,"12/2020
12/2021",99.91,FlashReport_July 2026
949,Haryana,"12/2020
01/2022",99.89,FlashReport_July 2026
950,Haryana,"05/2024
05/2025",61.38,FlashReport_July 2026
951,Haryana,"01/2019
07/2020",97.86,FlashReport_July 2026
952,Haryana,"03/2022
06/2023",87.05,FlashReport_July 2026
953,Haryana,"11/2022
12/2023",99.5,FlashReport_July 2026
954,Haryana,"03/2022
02/2023",68.0,FlashReport_July 2026
955,Haryana,"02/2023
10/2023",92.97,FlashReport_July 2026
956,Haryana,"01/2019
07/2020",99.97,FlashReport_July 2026
957,Haryana,"05/2020
11/2021",77.76,FlashReport_July 2026
958,Haryana,"11/2022
08/2023",96.66,FlashReport_July 2026
959,Himachal Pradesh,"06/2021
06/2024",22.26,FlashReport_July 2026
960,Himachal Pradesh,"03/2021
07/2023",23.24,FlashReport_July 2026
961,Himachal Pradesh,"03/2021
05/2023",62.28,FlashReport_July 2026
962,Himachal Pradesh,"08/2020
10/2022",70.58,FlashReport_July 2026
963,Himachal Pradesh,"08/2020
06/2022",93.62,FlashReport_July 2026
964,Himachal Pradesh,"08/2020
11/2023",58.0,FlashReport_July 2026
965,Himachal Pradesh,"06/2023
03/2026",0.0,FlashReport_July 2026
966,Himachal Pradesh,"03/2016
01/2018",100.0,FlashReport_July 2026
967,Himachal Pradesh,"06/2017
03/2018",95.65,FlashReport_July 2026
968,Himachal Pradesh,"02/2022
06/2022",100.0,FlashReport_July 2026
969,Himachal Pradesh,"03/2022
09/2023",99.18,FlashReport_July 2026
970,Himachal Pradesh,"06/2022
11/2024",99.86,FlashReport_July 2026
971,Himachal Pradesh,"07/2022
03/2024",56.61,FlashReport_July 2026
972,Himachal Pradesh,"02/2023
03/2025",35.3,FlashReport_July 2026
973,Himachal Pradesh,"03/2022
04/2023",97.2,FlashReport_July 2026
974,Himachal Pradesh,"03/2021
12/2022",97.45,FlashReport_July 2026
975,Himachal Pradesh,"08/2022
10/2023",94.37,FlashReport_July 2026
976,Himachal Pradesh,"01/2024
05/2025",31.46,FlashReport_July 2026
977,Himachal Pradesh,"06/2025
06/2026",0.68,FlashReport_July 2026
978,Himachal Pradesh,"03/2022
04/2023",64.2,FlashReport_July 2026
979,Himachal Pradesh,"04/2022
03/2024",59.88,FlashReport_July 2026
980,Himachal Pradesh,"03/2018
11/2018",90.11,FlashReport_July 2026
981,Himachal Pradesh,"03/2021
05/2022",68.65,FlashReport_July 2026
982,"Jammu and
Kashmir","03/2024
01/2026",3.0,FlashReport_July 2026
983,"Jammu and
Kashmir","09/2023
11/2024",51.0,FlashReport_July 2026
984,"Jammu and
Kashmir","03/2023
09/2024",46.8,FlashReport_July 2026
985,"Jammu and
Kashmir","03/2023
08/2024",57.0,FlashReport_July 2026
986,"Jammu and
Kashmir","11/2021
06/2023",54.89,FlashReport_July 2026
987,"Jammu and
Kashmir","06/2022
08/2023",85.5,FlashReport_July 2026
988,"Jammu and
Kashmir","03/2024
11/2024",41.7,FlashReport_July 2026
989,"Jammu and
Kashmir","09/2021
07/2024",60.0,FlashReport_July 2026
990,"Jammu and
Kashmir","10/2022
01/2024",71.27,FlashReport_July 2026
991,"Jammu and
Kashmir","03/2020
09/2021",90.06,FlashReport_July 2026
992,"Jammu and
Kashmir","03/2020
08/2021",92.1,FlashReport_July 2026
993,"Jammu and
Kashmir","07/2021
07/2022",89.2,FlashReport_July 2026
994,"Jammu and
Kashmir","07/2020
11/2022",95.27,FlashReport_July 2026
995,"Jammu and
Kashmir","07/2020
10/2020",94.26,FlashReport_July 2026
996,"Jammu and
Kashmir","03/2021
08/2021",53.49,FlashReport_July 2026
997,"Jammu and
Kashmir","03/2018
11/2018",94.06,FlashReport_July 2026
998,"Jammu and
Kashmir","07/2020
10/2020",96.95,FlashReport_July 2026
999,"Jammu and
Kashmir","03/2021
08/2021",50.64,FlashReport_July 2026
1000,"Jammu and
Kashmir","03/2021
07/2021",98.55,FlashReport_July 2026
1001,"Jammu and
Kashmir","03/2018
07/2019",92.5,FlashReport_July 2026
1002,"Jammu and
Kashmir","03/2018
01/2023",75.29,FlashReport_July 2026
1003,"Jammu and
Kashmir","10/2021
09/2022",90.01,FlashReport_July 2026
1004,"Jammu and
Kashmir","06/2022
06/2023",66.74,FlashReport_July 2026
1005,"Jammu and
Kashmir","09/2021
09/2022",94.14,FlashReport_July 2026
1006,"Jammu and
Kashmir","12/2022
11/2023",70.17,FlashReport_July 2026
1007,"Jammu and
Kashmir","03/2021
08/2021",89.0,FlashReport_July 2026
1008,"Jammu and
Kashmir","12/2024
05/2026",0.02,FlashReport_July 2026
1009,"Jammu and
Kashmir","07/2021
08/2022",30.5,FlashReport_July 2026
1010,"Jammu and
Kashmir","07/2021
02/2022",87.1,FlashReport_July 2026
1011,"Jammu and
Kashmir","07/2021
02/2022",42.8,FlashReport_July 2026
1012,"Jammu and
Kashmir","11/2022
12/2023",55.02,FlashReport_July 2026
1013,"Jammu and
Kashmir","11/2022
06/2023",83.87,FlashReport_July 2026
1014,"Jammu and
Kashmir","06/2022
12/2022",74.63,FlashReport_July 2026
1015,"Jammu and
Kashmir","03/2024
08/2024",64.88,FlashReport_July 2026
1016,"Jammu and
Kashmir","03/2021
08/2021",99.97,FlashReport_July 2026
1017,Jharkhand,"01/2022
01/2023",89.0,FlashReport_July 2026
1018,Jharkhand,"02/2022
01/2024",5.0,FlashReport_July 2026
1019,Jharkhand,"02/2020
08/2021",95.0,FlashReport_July 2026
1020,Jharkhand,"03/2023
11/2025",15.0,FlashReport_July 2026
1021,Jharkhand,"05/2022
01/2024",54.54,FlashReport_July 2026
1022,Jharkhand,"01/2025
02/2026",0.0,FlashReport_July 2026
1023,Jharkhand,"01/2025
09/2025",19.91,FlashReport_July 2026
1024,Jharkhand,"08/2024
02/2026",9.76,FlashReport_July 2026
1025,Jharkhand,"03/2020
04/2022",99.9,FlashReport_July 2026
1026,Jharkhand,"02/2022
06/2023",86.57,FlashReport_July 2026
1027,Jharkhand,"02/2022
06/2023",78.1,FlashReport_July 2026
1028,Jharkhand,"03/2023
07/2026",0.0,FlashReport_July 2026
1029,Jharkhand,"03/2023
05/2026",5.65,FlashReport_July 2026
1030,Jharkhand,"03/2023
07/2026",0.0,FlashReport_July 2026
1031,Jharkhand,"03/2023
07/2026",0.1,FlashReport_July 2026
1032,Jharkhand,"03/2024
09/2024",49.5,FlashReport_July 2026
1033,Jharkhand,"01/2025
12/2025",0.0,FlashReport_July 2026
1034,Jharkhand,"10/2022
11/2023",76.95,FlashReport_July 2026
1035,Jharkhand,"03/2023
10/2024",29.2,FlashReport_July 2026
1036,Jharkhand,"02/2024
01/2026",11.1,FlashReport_July 2026
1037,Jharkhand,"02/2017
11/2019",98.5,FlashReport_July 2026
1038,Jharkhand,"03/2018
12/2021",91.83,FlashReport_July 2026
1039,Jharkhand,"09/2022
12/2023",90.53,FlashReport_July 2026
1040,Jharkhand,"11/2024
01/2026",12.0,FlashReport_July 2026
1041,Jharkhand,"03/2023
01/2026",13.0,FlashReport_July 2026
1042,Karnataka,"08/2020
06/2021",65.0,FlashReport_July 2026
1043,Karnataka,"11/2022
07/2025",22.0,FlashReport_July 2026
1044,Karnataka,"03/2023
01/2026",14.0,FlashReport_July 2026
1045,Karnataka,"03/2022
03/2023",85.0,FlashReport_July 2026
1046,Karnataka,"03/2019
05/2019",69.0,FlashReport_July 2026
1047,Karnataka,"03/2023
02/2026",6.0,FlashReport_July 2026
1048,Karnataka,"03/2022
02/2023",83.0,FlashReport_July 2026
1049,Karnataka,"03/2023
10/2024",69.54,FlashReport_July 2026
1050,Karnataka,"03/2022
10/2022",100.0,FlashReport_July 2026
1051,Karnataka,"02/2023
03/2024",90.0,FlashReport_July 2026
1052,Karnataka,"02/2023
06/2025",36.0,FlashReport_July 2026
1053,Karnataka,"01/2022
01/2023",83.33,FlashReport_July 2026
1054,Karnataka,"01/2021
12/2021",98.0,FlashReport_July 2026
1055,Karnataka,"03/2023
07/2025",48.5,FlashReport_July 2026
1056,Karnataka,"03/2022
01/2023",96.0,FlashReport_July 2026
1057,Karnataka,"02/2023
09/2024",75.0,FlashReport_July 2026
1058,Karnataka,"01/2022
12/2022",88.33,FlashReport_July 2026
1059,Karnataka,"01/2023
03/2024",65.0,FlashReport_July 2026
1060,Karnataka,"03/2023
04/2026",0.0,FlashReport_July 2026
1061,Karnataka,"02/2023
01/2025",60.21,FlashReport_July 2026
1062,Karnataka,"03/2023
05/2026",0.0,FlashReport_July 2026
1063,Karnataka,"01/2023
02/2024",65.0,FlashReport_July 2026
1064,Karnataka,"12/2022
08/2025",12.0,FlashReport_July 2026
1065,Karnataka,"01/2024
11/2025",25.18,FlashReport_July 2026
1066,Karnataka,"12/2021
03/2023",83.19,FlashReport_July 2026
1067,Karnataka,"01/2017
01/2018",98.87,FlashReport_July 2026
1068,Karnataka,"08/2020
04/2021",99.2,FlashReport_July 2026
1069,Karnataka,"02/2022
12/2022",81.35,FlashReport_July 2026
1070,Karnataka,"03/2023
11/2024",53.8,FlashReport_July 2026
1071,Karnataka,"01/2024
04/2025",24.5,FlashReport_July 2026
1072,Karnataka,"02/2024
03/2025",58.7,FlashReport_July 2026
1073,Karnataka,"02/2024
08/2024",38.97,FlashReport_July 2026
1074,Karnataka,"12/2020
11/2021",94.21,FlashReport_July 2026
1075,Karnataka,"02/2018
05/2019",99.19,FlashReport_July 2026
1076,Karnataka,"11/2024
01/2026",12.67,FlashReport_July 2026
1077,Karnataka,"03/2023
05/2023",92.51,FlashReport_July 2026
1078,Karnataka,"03/2018
12/2020",95.23,FlashReport_July 2026
1079,Karnataka,"02/2023
04/2025",27.8,FlashReport_July 2026
1080,Karnataka,"02/2023
12/2025",14.53,FlashReport_July 2026
1081,Karnataka,"02/2023
04/2025",19.58,FlashReport_July 2026
1082,Karnataka,"01/2023
04/2025",17.36,FlashReport_July 2026
1083,Karnataka,"01/2019
10/2021",84.25,FlashReport_July 2026
1084,Karnataka,"03/2021
10/2022",76.1,FlashReport_July 2026
1085,Karnataka,"12/2020
09/2021",99.8,FlashReport_July 2026
1086,Karnataka,"03/2021
08/2022",61.36,FlashReport_July 2026
1087,Karnataka,"02/2022
02/2023",94.89,FlashReport_July 2026
1088,Karnataka,"02/2020
02/2021",99.2,FlashReport_July 2026
1089,Karnataka,"07/2012
03/2014",97.94,FlashReport_July 2026
1090,Karnataka,"03/2023
11/2024",40.63,FlashReport_July 2026
1091,Karnataka,"02/2024
09/2025",15.0,FlashReport_July 2026
1092,Karnataka,"02/2024
06/2025",40.21,FlashReport_July 2026
1093,Karnataka,"12/2015
03/2017",97.8,FlashReport_July 2026
1094,Karnataka,"02/2018
12/2019",99.19,FlashReport_July 2026
1095,Karnataka,"09/2021
03/2022",24.7,FlashReport_July 2026
1096,Karnataka,"04/2016
08/2017",99.7,FlashReport_July 2026
1097,Karnataka,"03/2018
03/2019",75.72,FlashReport_July 2026
1098,Karnataka,"03/2022
04/2023",73.9,FlashReport_July 2026
1099,Karnataka,"04/2020
01/2021",82.34,FlashReport_July 2026
1100,Karnataka,"02/2018
10/2019",100.0,FlashReport_July 2026
1101,Karnataka,"02/2018
10/2019",99.98,FlashReport_July 2026
1102,Karnataka,"02/2018
03/2021",98.0,FlashReport_July 2026
1103,Kerala,"02/2017
08/2017",98.0,FlashReport_July 2026
1104,Kerala,"06/2020
10/2021",90.82,FlashReport_July 2026
1105,Kerala,"08/2020
11/2021",83.7,FlashReport_July 2026
1106,Kerala,"10/2020
10/2021",60.07,FlashReport_July 2026
1107,Kerala,"03/2020
12/2020",100.0,FlashReport_July 2026
1108,Kerala,"01/2021
01/2022",100.0,FlashReport_July 2026
1109,Kerala,"02/2021
01/2022",100.0,FlashReport_July 2026
1110,Kerala,"06/2021
09/2022",95.27,FlashReport_July 2026
1111,Kerala,"06/2021
09/2022",95.05,FlashReport_July 2026
1112,Kerala,"11/2021
10/2022",71.11,FlashReport_July 2026
1113,Kerala,"08/2022
02/2023",91.63,FlashReport_July 2026
1114,Kerala,"09/2021
03/2022",81.49,FlashReport_July 2026
1115,Kerala,"12/2021
08/2022",71.2,FlashReport_July 2026
1116,Kerala,"06/2021
04/2022",73.89,FlashReport_July 2026
1117,Kerala,"09/2022
06/2023",81.98,FlashReport_July 2026
1118,Kerala,"02/2018
02/2021",98.75,FlashReport_July 2026
1119,Kerala,"06/2020
10/2021",86.65,FlashReport_July 2026
1120,Kerala,"06/2021
10/2022",81.8,FlashReport_July 2026
1121,Kerala,"12/2021
07/2022",44.34,FlashReport_July 2026
1122,Ladakh,"03/2021
07/2021",97.1,FlashReport_July 2026
1123,Ladakh,"03/2021
07/2021",91.01,FlashReport_July 2026
1124,Ladakh,"03/2021
07/2021",84.94,FlashReport_July 2026
1125,Madhya Pradesh,"03/2024
02/2025",50.0,FlashReport_July 2026
1126,Madhya Pradesh,"03/2015
08/2015",94.5,FlashReport_July 2026
1127,Madhya Pradesh,"03/2022
01/2024",41.25,FlashReport_July 2026
1128,Madhya Pradesh,"03/2022
05/2023",91.0,FlashReport_July 2026
1129,Madhya Pradesh,"03/2022
02/2023",67.57,FlashReport_July 2026
1130,Madhya Pradesh,"02/2024
12/2025",36.85,FlashReport_July 2026
1131,Madhya Pradesh,"03/2023
11/2024",60.14,FlashReport_July 2026
1132,Madhya Pradesh,"03/2023
11/2024",43.0,FlashReport_July 2026
1133,Madhya Pradesh,"03/2022
01/2024",88.0,FlashReport_July 2026
1134,Madhya Pradesh,"02/2024
03/2026",0.0,FlashReport_July 2026
1135,Madhya Pradesh,"03/2022
10/2023",62.8,FlashReport_July 2026
1136,Madhya Pradesh,"12/2021
04/2023",92.33,FlashReport_July 2026
1137,Madhya Pradesh,"03/2023
12/2024",99.15,FlashReport_July 2026
1138,Madhya Pradesh,"02/2023
10/2024",73.5,FlashReport_July 2026
1139,Madhya Pradesh,"03/2023
12/2024",79.0,FlashReport_July 2026
1140,Madhya Pradesh,"03/2023
12/2024",16.52,FlashReport_July 2026
1141,Madhya Pradesh,"03/2023
03/2024",46.33,FlashReport_July 2026
1142,Madhya Pradesh,"03/2022
01/2024",57.26,FlashReport_July 2026
1143,Madhya Pradesh,"03/2025
01/2026",0.0,FlashReport_July 2026
1144,Madhya Pradesh,"08/2022
01/2023",79.72,FlashReport_July 2026
1145,Madhya Pradesh,"03/2022
01/2023",87.3,FlashReport_July 2026
1146,Madhya Pradesh,"01/2021
04/2022",92.5,FlashReport_July 2026
1147,Madhya Pradesh,"11/2022
02/2024",90.1,FlashReport_July 2026
1148,Madhya Pradesh,"11/2022
10/2023",63.79,FlashReport_July 2026
1149,Madhya Pradesh,"03/2024
08/2024",98.85,FlashReport_July 2026
1150,Madhya Pradesh,"10/2024
11/2025",20.23,FlashReport_July 2026
1151,Madhya Pradesh,"10/2024
03/2026",12.25,FlashReport_July 2026
1152,Madhya Pradesh,"09/2022
12/2023",90.04,FlashReport_July 2026
1153,Madhya Pradesh,"02/2022
11/2022",93.05,FlashReport_July 2026
1154,Madhya Pradesh,"08/2022
08/2024",99.5,FlashReport_July 2026
1155,Madhya Pradesh,"10/2024
10/2025",38.26,FlashReport_July 2026
1156,Madhya Pradesh,"03/2025
12/2025",14.6,FlashReport_July 2026
1157,Madhya Pradesh,"10/2024
11/2025",35.25,FlashReport_July 2026
1158,Madhya Pradesh,"11/2022
03/2024",78.75,FlashReport_July 2026
1159,Madhya Pradesh,"09/2022
03/2024",79.8,FlashReport_July 2026
1160,Madhya Pradesh,"08/2022
03/2024",79.63,FlashReport_July 2026
1161,Madhya Pradesh,"09/2022
03/2023",89.72,FlashReport_July 2026
1162,Madhya Pradesh,"10/2024
10/2025",32.38,FlashReport_July 2026
1163,Madhya Pradesh,"01/2022
11/2022",96.09,FlashReport_July 2026
1164,Madhya Pradesh,"12/2021
09/2022",99.0,FlashReport_July 2026
1165,Madhya Pradesh,"10/2022
09/2023",69.04,FlashReport_July 2026
1166,Madhya Pradesh,"08/2017
02/2018",100.0,FlashReport_July 2026
1167,Madhya Pradesh,"08/2023
04/2024",84.44,FlashReport_July 2026
1168,Madhya Pradesh,"02/2024
01/2026",27.6,FlashReport_July 2026
1169,Madhya Pradesh,"03/2024
02/2026",17.5,FlashReport_July 2026
1170,Madhya Pradesh,"03/2024
08/2025",28.28,FlashReport_July 2026
1171,Madhya Pradesh,"02/2024
03/2025",52.15,FlashReport_July 2026
1172,Madhya Pradesh,"03/2025
01/2026",11.57,FlashReport_July 2026
1173,Madhya Pradesh,"02/2024
08/2025",21.61,FlashReport_July 2026
1174,Madhya Pradesh,"03/2023
01/2026",0.0,FlashReport_July 2026
1175,Madhya Pradesh,"01/2020
08/2021",99.8,FlashReport_July 2026
1176,Madhya Pradesh,"01/2023
03/2024",40.25,FlashReport_July 2026
1177,Maharashtra,"03/2024
10/2025",8.24,FlashReport_July 2026
1178,Maharashtra,"03/2022
07/2023",70.14,FlashReport_July 2026
1179,Maharashtra,"07/2017
09/2017",95.84,FlashReport_July 2026
1180,Maharashtra,"11/2024
04/2026",12.0,FlashReport_July 2026
1181,Maharashtra,"12/2024
09/2025",20.0,FlashReport_July 2026
1182,Maharashtra,"03/2025
10/2025",67.16,FlashReport_July 2026
1183,Maharashtra,"03/2016
02/2018",97.5,FlashReport_July 2026
1184,Maharashtra,"03/2016
11/2017",80.06,FlashReport_July 2026
1185,Maharashtra,"03/2016
11/2017",90.14,FlashReport_July 2026
1186,Maharashtra,"06/2022
01/2023",93.45,FlashReport_July 2026
1187,Maharashtra,"03/2024
05/2025",85.0,FlashReport_July 2026
1188,Maharashtra,"03/2024
05/2025",74.29,FlashReport_July 2026
1189,Maharashtra,"03/2022
11/2023",50.25,FlashReport_July 2026
1190,Maharashtra,"03/2024
05/2025",88.56,FlashReport_July 2026
1191,Maharashtra,"03/2024
01/2025",98.0,FlashReport_July 2026
1192,Maharashtra,"02/2023
02/2024",34.15,FlashReport_July 2026
1193,Maharashtra,"03/2024
03/2025",62.5,FlashReport_July 2026
1194,Maharashtra,"03/2022
03/2024",37.2,FlashReport_July 2026
1195,Maharashtra,"09/2024
06/2025",41.93,FlashReport_July 2026
1196,Maharashtra,"03/2022
04/2023",65.14,FlashReport_July 2026
1197,Maharashtra,"03/2018
06/2018",86.3,FlashReport_July 2026
1198,Maharashtra,"02/2024
10/2024",87.0,FlashReport_July 2026
1199,Maharashtra,"01/2017
06/2017",91.89,FlashReport_July 2026
1200,Maharashtra,"03/2021
11/2022",93.75,FlashReport_July 2026
1201,Maharashtra,"03/2021
06/2022",67.39,FlashReport_July 2026
1202,Maharashtra,"02/2023
09/2024",81.42,FlashReport_July 2026
1203,Maharashtra,"03/2024
05/2025",68.23,FlashReport_July 2026
1204,Maharashtra,"03/2024
05/2025",54.04,FlashReport_July 2026
1205,Maharashtra,"03/2024
04/2025",43.46,FlashReport_July 2026
1206,Maharashtra,"03/2024
05/2025",15.0,FlashReport_July 2026
1207,Maharashtra,"01/2017
08/2017",96.19,FlashReport_July 2026
1208,Maharashtra,"01/2017
08/2017",98.08,FlashReport_July 2026
1209,Maharashtra,"03/2022
01/2023",68.93,FlashReport_July 2026
1210,Maharashtra,"03/2024
01/2025",76.2,FlashReport_July 2026
1211,Maharashtra,"03/2017
06/2017",82.0,FlashReport_July 2026
1212,Maharashtra,"02/2017
06/2017",83.93,FlashReport_July 2026
1213,Maharashtra,"03/2024
04/2025",100.0,FlashReport_July 2026
1214,Maharashtra,"03/2025
01/2026",35.45,FlashReport_July 2026
1215,Maharashtra,"03/2018
06/2018",95.29,FlashReport_July 2026
1216,Maharashtra,"02/2024
12/2024",72.0,FlashReport_July 2026
1217,Maharashtra,"03/2018
06/2018",89.08,FlashReport_July 2026
1218,Maharashtra,"02/2023
11/2023",100.0,FlashReport_July 2026
1219,Maharashtra,"03/2018
01/2022",93.07,FlashReport_July 2026
1220,Maharashtra,"02/2023
07/2024",53.5,FlashReport_July 2026
1221,Maharashtra,"06/2020
02/2022",98.2,FlashReport_July 2026
1222,Maharashtra,"05/2021
11/2022",98.0,FlashReport_July 2026
1223,Maharashtra,"05/2021
11/2022",94.6,FlashReport_July 2026
1224,Maharashtra,"06/2021
11/2022",95.5,FlashReport_July 2026
1225,Maharashtra,"09/2021
01/2023",90.73,FlashReport_July 2026
1226,Maharashtra,"01/2025
06/2025",24.08,FlashReport_July 2026
1227,Maharashtra,"11/2017
02/2019",89.2,FlashReport_July 2026
1228,Maharashtra,"12/2021
01/2023",51.14,FlashReport_July 2026
1229,Maharashtra,"12/2021
12/2022",90.12,FlashReport_July 2026
1230,Maharashtra,"03/2023
07/2023",84.0,FlashReport_July 2026
1231,Maharashtra,"02/2024
10/2024",40.5,FlashReport_July 2026
1232,Maharashtra,"03/2025
06/2025",77.0,FlashReport_July 2026
1233,Maharashtra,"02/2021
11/2021",99.79,FlashReport_July 2026
1234,Maharashtra,"12/2022
03/2023",98.66,FlashReport_July 2026
1235,Maharashtra,"12/2023
10/2024",70.01,FlashReport_July 2026
1236,Maharashtra,"01/2025
07/2025",33.35,FlashReport_July 2026
1237,Maharashtra,"08/2022
11/2023",69.25,FlashReport_July 2026
1238,Maharashtra,"03/2018
03/2019",96.22,FlashReport_July 2026
1239,Maharashtra,"02/2021
01/2022",97.69,FlashReport_July 2026
1240,Maharashtra,"03/2025
06/2025",43.57,FlashReport_July 2026
1241,Maharashtra,"10/2024
04/2025",48.55,FlashReport_July 2026
1242,Maharashtra,"02/2022
05/2023",81.57,FlashReport_July 2026
1243,Maharashtra,"02/2022
05/2023",68.95,FlashReport_July 2026
1244,Maharashtra,"02/2021
10/2021",81.54,FlashReport_July 2026
1245,Maharashtra,"02/2025
07/2025",40.11,FlashReport_July 2026
1246,Maharashtra,"03/2025
01/2026",51.0,FlashReport_July 2026
1247,Maharashtra,"02/2021
03/2022",83.19,FlashReport_July 2026
1248,Maharashtra,"12/2025
04/2026",5.1,FlashReport_July 2026
1249,Maharashtra,"09/2009
10/2010",99.05,FlashReport_July 2026
1250,Maharashtra,"06/2022
11/2022",96.73,FlashReport_July 2026
1251,Maharashtra,"02/2022
11/2022",97.4,FlashReport_July 2026
1252,Maharashtra,"01/2021
09/2021",86.2,FlashReport_July 2026
1253,Maharashtra,"08/2020
03/2022",99.87,FlashReport_July 2026
1254,Maharashtra,"03/2018
01/2019",87.0,FlashReport_July 2026
1255,Maharashtra,"12/2025
04/2026",1.0,FlashReport_July 2026
1256,Maharashtra,"01/2021
09/2021",97.4,FlashReport_July 2026
1257,Maharashtra,"02/2026
06/2026",0.0,FlashReport_July 2026
1258,Maharashtra,"03/2026
06/2026",0.0,FlashReport_July 2026
1259,Maharashtra,"01/2026
06/2026",0.0,FlashReport_July 2026
1260,Manipur,"03/2021
07/2021",94.71,FlashReport_July 2026
1261,Manipur,"09/2020
12/2024",76.63,FlashReport_July 2026
1262,Manipur,"09/2020
10/2020",91.39,FlashReport_July 2026
1263,Manipur,"09/2020
02/2025",48.35,FlashReport_July 2026
1264,Manipur,"03/2020
07/2020",98.12,FlashReport_July 2026
1265,Manipur,"03/2020
07/2020",88.96,FlashReport_July 2026
1266,Manipur,"03/2023
12/2024",28.12,FlashReport_July 2026
1267,Manipur,"03/2023
12/2024",26.22,FlashReport_July 2026
1268,Manipur,"03/2023
05/2025",14.5,FlashReport_July 2026
1269,Manipur,"01/2023
12/2023",92.52,FlashReport_July 2026
1270,Manipur,"12/2021
02/2023",95.2,FlashReport_July 2026
1271,Manipur,"12/2021
11/2022",91.02,FlashReport_July 2026
1272,Manipur,"09/2021
06/2022",86.05,FlashReport_July 2026
1273,Manipur,"03/2021
09/2021",86.33,FlashReport_July 2026
1274,Manipur,"03/2021
03/2025",93.1,FlashReport_July 2026
1275,Manipur,"03/2021
08/2021",85.84,FlashReport_July 2026
1276,Manipur,"06/2020
08/2020",88.2,FlashReport_July 2026
1277,Manipur,"04/2020
07/2020",100.0,FlashReport_July 2026
1278,Manipur,"04/2020
07/2020",100.0,FlashReport_July 2026
1279,Manipur,"06/2020
11/2025",9.17,FlashReport_July 2026
1280,Manipur,"04/2020
08/2025",25.93,FlashReport_July 2026
1281,Manipur,"07/2021
09/2021",95.28,FlashReport_July 2026
1282,Manipur,"03/2021
06/2021",98.5,FlashReport_July 2026
1283,Manipur,"09/2021
11/2021",84.87,FlashReport_July 2026
1284,Manipur,"09/2021
11/2021",86.87,FlashReport_July 2026
1285,Manipur,"03/2023
03/2024",80.04,FlashReport_July 2026
1286,Manipur,"09/2021
07/2023",94.5,FlashReport_July 2026
1287,Manipur,"09/2021
08/2022",97.0,FlashReport_July 2026
1288,Manipur,"02/2021
06/2021",100.0,FlashReport_July 2026
1289,Manipur,"02/2021
06/2021",75.08,FlashReport_July 2026
1290,Meghalaya,"08/2020
02/2022",99.62,FlashReport_July 2026
1291,Meghalaya,"12/2023
05/2025",4.5,FlashReport_July 2026
1292,Meghalaya,"03/2023
09/2025",26.8,FlashReport_July 2026
1293,Meghalaya,"03/2023
03/2025",46.38,FlashReport_July 2026
1294,Meghalaya,"07/2020
05/2024",42.91,FlashReport_July 2026
1295,Meghalaya,"07/2020
04/2024",53.43,FlashReport_July 2026
1296,Meghalaya,"07/2020
02/2024",53.21,FlashReport_July 2026
1297,Meghalaya,"07/2020
10/2023",100.0,FlashReport_July 2026
1298,Meghalaya,"09/2021
05/2022",83.05,FlashReport_July 2026
1299,Meghalaya,"03/2023
09/2024",52.28,FlashReport_July 2026
1300,Meghalaya,"03/2023
09/2024",50.48,FlashReport_July 2026
1301,Meghalaya,"03/2023
09/2024",74.85,FlashReport_July 2026
1302,Mizoram,"12/2021
07/2025",17.86,FlashReport_July 2026
1303,Mizoram,"12/2021
07/2025",17.12,FlashReport_July 2026
1304,Mizoram,"11/2021
07/2025",11.86,FlashReport_July 2026
1305,Mizoram,"12/2021
07/2025",6.72,FlashReport_July 2026
1306,Mizoram,"02/2024
10/2025",18.9,FlashReport_July 2026
1307,Mizoram,"02/2024
11/2025",13.95,FlashReport_July 2026
1308,Mizoram,"01/2024
12/2025",0.0,FlashReport_July 2026
1309,Mizoram,"02/2023
10/2025",15.1,FlashReport_July 2026
1310,Mizoram,"03/2021
06/2021",64.78,FlashReport_July 2026
1311,Mizoram,"06/2021
07/2021",61.34,FlashReport_July 2026
1312,Mizoram,"09/2019
10/2019",95.35,FlashReport_July 2026
1313,Mizoram,"09/2019
10/2019",97.51,FlashReport_July 2026
1314,Mizoram,"09/2019
03/2020",99.82,FlashReport_July 2026
1315,Mizoram,"02/2023
12/2024",4.71,FlashReport_July 2026
1316,Mizoram,"12/2021
11/2023",99.52,FlashReport_July 2026
1317,Mizoram,"10/2025
05/2026",2.0,FlashReport_July 2026
1318,"Multi-States
(Andhra Pradesh,
Karnataka)","12/2020
10/2022",99.2,FlashReport_July 2026
1319,"Multi-States
(Andhra Pradesh,
Odisha)","02/2021
03/2022",99.63,FlashReport_July 2026
1320,"Multi-States
(Andhra Pradesh,
Tamil Nadu)","10/2020
05/2022",99.02,FlashReport_July 2026
1321,"Multi-States
(Andhra Pradesh,
Tamil Nadu)","03/2021
01/2023",98.89,FlashReport_July 2026
1322,"Multi-States
(Andhra Pradesh,
Tamil Nadu)","12/2024
09/2025",15.58,FlashReport_July 2026
1323,"Multi-States
(Andhra Pradesh,
Tamil Nadu)","02/2021
10/2023",99.8,FlashReport_July 2026
1324,"Multi-States
(Andhra Pradesh,
Tamil Nadu)","12/2017
03/2018",100.0,FlashReport_July 2026
1325,"Multi-States
(Andhra Pradesh,
Telangana)","01/2021
09/2022",98.82,FlashReport_July 2026
1326,"Multi-States
(Andhra Pradesh,
Telangana)","03/2023
10/2025",5.8,FlashReport_July 2026
1327,"Multi-States
(Andhra Pradesh,
Telangana)","03/2023
03/2025",25.78,FlashReport_July 2026
1328,"Multi-States
(Andhra Pradesh,
Telangana)","01/2022
01/2023",70.6,FlashReport_July 2026
1329,"Multi-States
(Arunachal
Pradesh, Assam)","03/2023
09/2024",96.7,FlashReport_July 2026
1330,"Multi-States
(Bihar, Jharkhand)","02/2021
12/2024",37.93,FlashReport_July 2026
1331,"Multi-States
(Bihar, Jharkhand)","03/2023
07/2025",28.16,FlashReport_July 2026
1332,"Multi-States
(Bihar, Jharkhand)","03/2023
05/2026",3.94,FlashReport_July 2026
1333,"Multi-States
(Bihar, Jharkhand)","09/2020
03/2022",91.3,FlashReport_July 2026
1334,"Multi-States
(Bihar, Jharkhand)","10/2016
11/2020",87.02,FlashReport_July 2026
1335,"Multi-States
(Bihar, Jharkhand)","12/2017
06/2019",78.0,FlashReport_July 2026
1336,"Multi-States
(Bihar, Jharkhand)","02/2021
08/2022",92.74,FlashReport_July 2026
1337,"Multi-States
(Bihar, Uttar
Pradesh)","02/2009
09/2011",99.92,FlashReport_July 2026
1338,"Multi-States
(Bihar, Uttar
Pradesh)","03/2023
11/2024",47.63,FlashReport_July 2026
1339,"Multi-States
(Bihar, Uttar
Pradesh)","03/2024
08/2025",22.26,FlashReport_July 2026
1340,"Multi-States
(Bihar, Uttar
Pradesh)","10/2022
08/2023",86.11,FlashReport_July 2026
1341,"Multi-States
(Bihar, West
Bengal)","01/2025
12/2025",20.14,FlashReport_July 2026
1342,"Multi-States
(Dadra & Nagar
Haveli and Daman
& Diu, Gujarat,
Maharashtra)","10/2020
03/2022",36.23,FlashReport_July 2026
1343,"Multi-States (Goa,
Karnataka)","01/2022
11/2022",84.7,FlashReport_July 2026
1344,"Multi-States
(Gujarat,
Maharashtra)","12/2019
09/2020",99.7,FlashReport_July 2026
1345,"Multi-States
(Haryana, Punjab)","01/2021
05/2022",98.7,FlashReport_July 2026
1346,"Multi-States
(Haryana, Punjab)","02/2023
12/2023",76.3,FlashReport_July 2026
1347,"Multi-States
(Haryana, Punjab)","03/2022
10/2023",90.01,FlashReport_July 2026
1348,"Multi-States
(Haryana, Punjab)","05/2022
05/2023",81.33,FlashReport_July 2026
1349,"Multi-States
(Haryana,
Rajasthan)","08/2022
12/2022",88.9,FlashReport_July 2026
1350,"Multi-States
(Haryana, Uttar
Pradesh)","03/2024
08/2025",17.16,FlashReport_July 2026
1351,"Multi-States
(Haryana, Uttar
Pradesh)","06/2022
05/2023",82.75,FlashReport_July 2026
1352,"Multi-States
(Haryana, Uttar
Pradesh)","07/2022
06/2023",76.3,FlashReport_July 2026
1353,"Multi-States
(Himachal
Pradesh, Punjab)","03/2023
05/2025",26.43,FlashReport_July 2026
1354,"Multi-States
(Jammu and
Kashmir, Punjab)","10/2021
09/2022",87.3,FlashReport_July 2026
1355,"Multi-States
(Jharkhand, West
Bengal)","08/2010
04/2014",100.0,FlashReport_July 2026
1356,"Multi-States
(Jharkhand, West
Bengal)","03/2023
09/2025",24.76,FlashReport_July 2026
1357,"Multi-States
(Jharkhand, West
Bengal)","03/2018
12/2019",97.65,FlashReport_July 2026
1358,"Multi-States
(Jharkhand, West
Bengal)","02/2025
02/2026",8.65,FlashReport_July 2026
1359,"Multi-States
(Karnataka,
Kerala)","05/2020
11/2021",100.0,FlashReport_July 2026
1360,"Multi-States
(Karnataka,
Maharashtra)","01/2022
10/2022",85.3,FlashReport_July 2026
1361,"Multi-States
(Karnataka,
Maharashtra)","03/2023
10/2024",57.62,FlashReport_July 2026
1362,"Multi-States
(Karnataka, Tamil
Nadu)","03/2022
05/2023",92.95,FlashReport_July 2026
1363,"Multi-States
(Karnataka, Tamil
Nadu)","10/2021
10/2022",78.7,FlashReport_July 2026
1364,"Multi-States
(Karnataka,
Telangana)","03/2022
11/2022",99.51,FlashReport_July 2026
1365,"Multi-States
(Karnataka,
Telangana)","02/2022
01/2023",93.79,FlashReport_July 2026
1366,"Multi-States
(Kerala,
Puducherry)","09/2017
12/2017",100.0,FlashReport_July 2026
1367,"Multi-States
(Madhya Pradesh,
Maharashtra)","12/2022
03/2024",64.0,FlashReport_July 2026
1368,"Multi-States
(Madhya Pradesh,
Uttar Pradesh)","02/2023
03/2024",97.4,FlashReport_July 2026
1369,"Multi-States
(Madhya Pradesh,
Uttar Pradesh)","10/2024
09/2025",49.18,FlashReport_July 2026
1370,"Multi-States
(Maharashtra,
Telangana)","03/2022
03/2024",78.16,FlashReport_July 2026
1371,"Multi-States
(Puducherry, Tamil
Nadu)","03/2018
11/2021",98.32,FlashReport_July 2026
1372,"Multi-States
(Puducherry, Tamil
Nadu)","03/2018
11/2021",98.75,FlashReport_July 2026
1373,"Multi-States
(Puducherry, Tamil
Nadu)","03/2018
10/2020",85.6,FlashReport_July 2026
1374,"Multi-States (Uttar
Pradesh,
Uttarakhand)","04/2022
11/2022",99.29,FlashReport_July 2026
1375,"Multi-States (Uttar
Pradesh,
Uttarakhand)","01/2023
03/2024",44.41,FlashReport_July 2026
1376,"Multi-States (Uttar
Pradesh,
Uttarakhand)","04/2025
10/2025",22.64,FlashReport_July 2026
1377,"Multi-States (Uttar
Pradesh,
Uttarakhand)","02/2023
03/2024",53.84,FlashReport_July 2026
1378,"Multi-States (Uttar
Pradesh,
Uttarakhand)","11/2021
02/2023",92.98,FlashReport_July 2026
1379,"Multi-States (Uttar
Pradesh,
Uttarakhand)","12/2015
01/2018",99.85,FlashReport_July 2026
1380,Nagaland,"06/2020
06/2024",44.46,FlashReport_July 2026
1381,Nagaland,"03/2021
07/2022",100.0,FlashReport_July 2026
1382,Nagaland,"07/2020
10/2020",46.77,FlashReport_July 2026
1383,Nagaland,"07/2020
06/2023",39.54,FlashReport_July 2026
1384,Nagaland,"07/2020
10/2020",69.76,FlashReport_July 2026
1385,Nagaland,"07/2020
11/2023",27.24,FlashReport_July 2026
1386,Nagaland,"03/2020
11/2023",98.39,FlashReport_July 2026
1387,Nagaland,"03/2020
01/2024",43.13,FlashReport_July 2026
1388,Nagaland,"03/2016
09/2023",84.32,FlashReport_July 2026
1389,Nagaland,"12/2022
08/2023",87.0,FlashReport_July 2026
1390,Nagaland,"12/2022
08/2023",85.67,FlashReport_July 2026
1391,Nagaland,"12/2022
08/2023",58.5,FlashReport_July 2026
1392,Nagaland,"02/2021
06/2023",95.62,FlashReport_July 2026
1393,Nagaland,"01/2021
09/2023",96.53,FlashReport_July 2026
1394,Nagaland,"03/2021
09/2023",99.75,FlashReport_July 2026
1395,Nagaland,"03/2018
08/2023",100.0,FlashReport_July 2026
1396,Nagaland,"03/2018
09/2023",79.03,FlashReport_July 2026
1397,Odisha,"03/2023
04/2025",0.0,FlashReport_July 2026
1398,Odisha,"03/2022
02/2024",56.11,FlashReport_July 2026
1399,Odisha,"03/2023
12/2024",38.0,FlashReport_July 2026
1400,Odisha,"02/2022
04/2023",55.0,FlashReport_July 2026
1401,Odisha,"12/2021
05/2023",78.0,FlashReport_July 2026
1402,Odisha,"03/2023
06/2026",0.0,FlashReport_July 2026
1403,Odisha,"01/2022
06/2025",3.0,FlashReport_July 2026
1404,Odisha,"03/2022
06/2023",66.0,FlashReport_July 2026
1405,Odisha,"09/2021
01/2025",25.0,FlashReport_July 2026
1406,Odisha,"02/2023
05/2025",25.0,FlashReport_July 2026
1407,Odisha,"02/2022
05/2023",92.0,FlashReport_July 2026
1408,Odisha,"03/2021
03/2022",70.0,FlashReport_July 2026
1409,Odisha,"11/2021
06/2023",90.0,FlashReport_July 2026
1410,Odisha,"03/2022
02/2024",60.0,FlashReport_July 2026
1411,Odisha,"03/2023
04/2025",15.0,FlashReport_July 2026
1412,Odisha,"03/2022
10/2024",34.0,FlashReport_July 2026
1413,Odisha,"11/2014
03/2019",91.32,FlashReport_July 2026
1414,Odisha,"03/2024
06/2024",54.2,FlashReport_July 2026
1415,Odisha,"09/2023
11/2024",25.04,FlashReport_July 2026
1416,Odisha,"03/2025
05/2025",9.95,FlashReport_July 2026
1417,Odisha,"09/2021
05/2022",97.8,FlashReport_July 2026
1418,Odisha,"08/2021
06/2022",99.6,FlashReport_July 2026
1419,Odisha,"12/2021
10/2022",99.9,FlashReport_July 2026
1420,Odisha,"09/2023
06/2024",100.0,FlashReport_July 2026
1421,Odisha,"12/2024
02/2026",5.4,FlashReport_July 2026
1422,Odisha,"03/2023
12/2023",92.02,FlashReport_July 2026
1423,Odisha,"03/2023
12/2023",98.22,FlashReport_July 2026
1424,Odisha,"03/2023
12/2023",96.75,FlashReport_July 2026
1425,Odisha,"04/2022
08/2022",38.0,FlashReport_July 2026
1426,Odisha,"03/2021
04/2022",99.7,FlashReport_July 2026
1427,Odisha,"09/2016
03/2017",99.98,FlashReport_July 2026
1428,Odisha,"10/2017
01/2018",99.0,FlashReport_July 2026
1429,Odisha,"01/2018
02/2019",99.0,FlashReport_July 2026
1430,Odisha,"01/2018
02/2020",86.0,FlashReport_July 2026
1431,Odisha,"03/2023
11/2024",36.02,FlashReport_July 2026
1432,Odisha,"02/2021
03/2022",99.99,FlashReport_July 2026
1433,Odisha,"10/2017
03/2018",99.66,FlashReport_July 2026
1434,Punjab,"03/2023
05/2025",45.0,FlashReport_July 2026
1435,Punjab,"03/2021
10/2023",83.0,FlashReport_July 2026
1436,Punjab,"12/2020
07/2022",73.35,FlashReport_July 2026
1437,Punjab,"03/2021
02/2025",27.6,FlashReport_July 2026
1438,Punjab,"12/2021
04/2023",34.79,FlashReport_July 2026
1439,Punjab,"11/2024
07/2025",29.01,FlashReport_July 2026
1440,Punjab,"03/2021
01/2023",56.7,FlashReport_July 2026
1441,Punjab,"05/2020
08/2023",99.0,FlashReport_July 2026
1442,Punjab,"03/2021
11/2022",72.41,FlashReport_July 2026
1443,Punjab,"03/2021
06/2024",74.0,FlashReport_July 2026
1444,Punjab,"06/2021
09/2023",81.5,FlashReport_July 2026
1445,Punjab,"11/2024
03/2026",5.79,FlashReport_July 2026
1446,Punjab,"05/2020
12/2022",76.0,FlashReport_July 2026
1447,Punjab,"03/2022
05/2023",98.66,FlashReport_July 2026
1448,Punjab,"07/2021
02/2023",80.25,FlashReport_July 2026
1449,Punjab,"11/2022
03/2025",20.03,FlashReport_July 2026
1450,Punjab,"03/2023
04/2024",67.0,FlashReport_July 2026
1451,Punjab,"12/2020
03/2022",96.0,FlashReport_July 2026
1452,Punjab,"02/2021
08/2022",82.88,FlashReport_July 2026
1453,Punjab,"08/2021
06/2023",68.2,FlashReport_July 2026
1454,Punjab,"10/2021
06/2023",80.9,FlashReport_July 2026
1455,Punjab,"12/2020
06/2022",68.9,FlashReport_July 2026
1456,Punjab,"03/2021
06/2024",66.53,FlashReport_July 2026
1457,Punjab,"07/2021
09/2025",25.55,FlashReport_July 2026
1458,Punjab,"03/2021
11/2022",33.85,FlashReport_July 2026
1459,Punjab,"05/2021
12/2022",15.31,FlashReport_July 2026
1460,Rajasthan,"01/2022
12/2022",98.58,FlashReport_July 2026
1461,Rajasthan,"12/2021
05/2022",92.77,FlashReport_July 2026
1462,Rajasthan,"03/2022
10/2024",72.0,FlashReport_July 2026
1463,Rajasthan,"02/2023
10/2024",63.52,FlashReport_July 2026
1464,Rajasthan,"02/2024
11/2024",23.0,FlashReport_July 2026
1465,Rajasthan,"03/2022
10/2023",50.33,FlashReport_July 2026
1466,Rajasthan,"01/2025
06/2025",56.2,FlashReport_July 2026
1467,Rajasthan,"11/2019
05/2021",95.25,FlashReport_July 2026
1468,Rajasthan,"07/2020
07/2021",98.28,FlashReport_July 2026
1469,Rajasthan,"02/2019
06/2021",100.0,FlashReport_July 2026
1470,Rajasthan,"10/2019
08/2021",100.0,FlashReport_July 2026
1471,Rajasthan,"10/2019
07/2021",99.2,FlashReport_July 2026
1472,Rajasthan,"09/2022
03/2024",37.27,FlashReport_July 2026
1473,Rajasthan,"09/2022
09/2024",42.75,FlashReport_July 2026
1474,Rajasthan,"02/2018
04/2019",100.0,FlashReport_July 2026
1475,Rajasthan,"03/2025
12/2025",21.22,FlashReport_July 2026
1476,Rajasthan,"11/2021
08/2022",100.0,FlashReport_July 2026
1477,Rajasthan,"01/2024
07/2024",89.37,FlashReport_July 2026
1478,Rajasthan,"03/2025
03/2026",17.0,FlashReport_July 2026
1479,Rajasthan,"03/2026
08/2026",0.0,FlashReport_July 2026
1480,Rajasthan,"03/2026
07/2026",0.0,FlashReport_July 2026
1481,Sikkim,"10/2021
05/2022",92.0,FlashReport_July 2026
1482,Sikkim,"03/2018
01/2023",87.03,FlashReport_July 2026
1483,Sikkim,"01/2021
04/2021",100.0,FlashReport_July 2026
1484,Sikkim,"10/2020
05/2021",79.13,FlashReport_July 2026
1485,Sikkim,"01/2021
02/2021",82.64,FlashReport_July 2026
1486,Sikkim,"10/2020
12/2020",64.31,FlashReport_July 2026
1487,Sikkim,"07/2020
10/2020",86.19,FlashReport_July 2026
1488,Sikkim,"07/2020
10/2020",65.15,FlashReport_July 2026
1489,Tamil Nadu,"03/2022
09/2024",94.0,FlashReport_July 2026
1490,Tamil Nadu,"01/2021
07/2022",93.04,FlashReport_July 2026
1491,Tamil Nadu,"12/2020
08/2022",53.56,FlashReport_July 2026
1492,Tamil Nadu,"05/2023
02/2024",38.52,FlashReport_July 2026
1493,Tamil Nadu,"02/2021
07/2022",89.97,FlashReport_July 2026
1494,Tamil Nadu,"08/2018
02/2019",93.55,FlashReport_July 2026
1495,Tamil Nadu,"06/2024
01/2025",38.26,FlashReport_July 2026
1496,Tamil Nadu,"03/2024
03/2025",47.84,FlashReport_July 2026
1497,Tamil Nadu,"12/2018
03/2020",99.42,FlashReport_July 2026
1498,Tamil Nadu,"11/2022
08/2023",81.85,FlashReport_July 2026
1499,Tamil Nadu,"02/2021
01/2023",44.53,FlashReport_July 2026
1500,Tamil Nadu,"03/2022
02/2023",95.95,FlashReport_July 2026
1501,Tamil Nadu,"12/2018
03/2020",98.12,FlashReport_July 2026
1502,Tamil Nadu,"03/2023
11/2023",18.13,FlashReport_July 2026
1503,Tamil Nadu,"03/2023
11/2023",22.8,FlashReport_July 2026
1504,Tamil Nadu,"03/2018
01/2022",99.8,FlashReport_July 2026
1505,Tamil Nadu,"01/2019
12/2020",97.65,FlashReport_July 2026
1506,Tamil Nadu,"01/2019
01/2021",93.6,FlashReport_July 2026
1507,Tamil Nadu,"01/2025
06/2025",37.62,FlashReport_July 2026
1508,Tamil Nadu,"02/2018
04/2019",100.0,FlashReport_July 2026
1509,Tamil Nadu,"03/2023
11/2023",8.58,FlashReport_July 2026
1510,Tamil Nadu,"12/2009
06/2011",99.99,FlashReport_July 2026
1511,Tamil Nadu,"10/2009
09/2010",100.0,FlashReport_July 2026
1512,Tamil Nadu,"02/2019
12/2021",77.57,FlashReport_July 2026
1513,Tamil Nadu,"02/2019
05/2022",58.65,FlashReport_July 2026
1514,Tamil Nadu,"02/2019
12/2023",53.41,FlashReport_July 2026
1515,Tamil Nadu,"03/2018
11/2018",99.75,FlashReport_July 2026
1516,Tamil Nadu,"03/2023
11/2023",17.24,FlashReport_July 2026
1517,Tamil Nadu,"07/2025
05/2026",0.0,FlashReport_July 2026
1518,Tamil Nadu,"03/2024
12/2024",46.31,FlashReport_July 2026
1519,Tamil Nadu,"03/2022
09/2022",97.92,FlashReport_July 2026
1520,Telangana,"01/2018
05/2018",92.62,FlashReport_July 2026
1521,Telangana,"10/2016
03/2017",100.0,FlashReport_July 2026
1522,Telangana,"03/2023
07/2024",45.85,FlashReport_July 2026
1523,Telangana,"03/2021
07/2022",83.47,FlashReport_July 2026
1524,Telangana,"03/2018
07/2018",54.26,FlashReport_July 2026
1525,Telangana,"03/2021
07/2022",91.0,FlashReport_July 2026
1526,Telangana,"02/2018
06/2018",88.22,FlashReport_July 2026
1527,Telangana,"01/2017
05/2017",99.2,FlashReport_July 2026
1528,Telangana,"05/2018
06/2021",92.1,FlashReport_July 2026
1529,Telangana,"03/2018
06/2018",96.0,FlashReport_July 2026
1530,Telangana,"03/2022
02/2024",46.0,FlashReport_July 2026
1531,Telangana,"03/2022
07/2023",90.05,FlashReport_July 2026
1532,Telangana,"03/2022
10/2023",46.63,FlashReport_July 2026
1533,Telangana,"01/2022
05/2026",90.69,FlashReport_July 2026
1534,Telangana,"10/2022
05/2024",79.07,FlashReport_July 2026
1535,Telangana,"10/2022
02/2025",13.33,FlashReport_July 2026
1536,Telangana,"01/2022
12/2022",77.85,FlashReport_July 2026
1537,Telangana,"10/2022
07/2024",68.9,FlashReport_July 2026
1538,Telangana,"10/2022
08/2024",70.6,FlashReport_July 2026
1539,Telangana,"01/2022
12/2022",94.97,FlashReport_July 2026
1540,Telangana,"03/2022
03/2023",98.6,FlashReport_July 2026
1541,Telangana,"01/2022
12/2022",85.0,FlashReport_July 2026
1542,Telangana,"01/2022
01/2023",74.06,FlashReport_July 2026
1543,Telangana,"01/2021
10/2022",97.26,FlashReport_July 2026
1544,Telangana,"03/2022
07/2023",92.4,FlashReport_July 2026
1545,Telangana,"03/2023
10/2025",5.63,FlashReport_July 2026
1546,Telangana,"01/2023
06/2025",9.04,FlashReport_July 2026
1547,Telangana,"03/2023
12/2024",11.28,FlashReport_July 2026
1548,Telangana,"03/2023
06/2025",0.5,FlashReport_July 2026
1549,Telangana,"03/2023
04/2024",77.65,FlashReport_July 2026
1550,Telangana,"03/2023
07/2025",10.11,FlashReport_July 2026
1551,Telangana,"03/2023
03/2025",45.89,FlashReport_July 2026
1552,Telangana,"10/2021
11/2024",24.2,FlashReport_July 2026
1553,Telangana,"01/2021
01/2022",99.98,FlashReport_July 2026
1554,Telangana,"11/2022
05/2026",0.0,FlashReport_July 2026
1555,Telangana,"01/2021
09/2022",98.02,FlashReport_July 2026
1556,Telangana,"11/2013
03/2014",100.0,FlashReport_July 2026
1557,Telangana,"01/2015
02/2015",82.76,FlashReport_July 2026
1558,Telangana,"10/2024
10/2025",55.62,FlashReport_July 2026
1559,Telangana,"01/2025
07/2026",0.0,FlashReport_July 2026
1560,Tripura,"02/2022
01/2023",54.56,FlashReport_July 2026
1561,Tripura,"12/2023
09/2024",48.3,FlashReport_July 2026
1562,Tripura,"01/2024
12/2024",9.5,FlashReport_July 2026
1563,Tripura,"01/2024
09/2024",14.7,FlashReport_July 2026
1564,Tripura,"01/2024
09/2024",60.7,FlashReport_July 2026
1565,Tripura,"01/2024
07/2024",63.15,FlashReport_July 2026
1566,Tripura,"02/2020
09/2024",53.14,FlashReport_July 2026
1567,Tripura,"01/2023
05/2023",72.48,FlashReport_July 2026
1568,Tripura,"03/2023
03/2024",9.2,FlashReport_July 2026
1569,Uttar Pradesh,"01/2022
01/2025",39.0,FlashReport_July 2026
1570,Uttar Pradesh,"12/2022
11/2024",31.09,FlashReport_July 2026
1571,Uttar Pradesh,"12/2019
10/2020",95.0,FlashReport_July 2026
1572,Uttar Pradesh,"12/2022
08/2024",56.0,FlashReport_July 2026
1573,Uttar Pradesh,"10/2022
01/2024",78.0,FlashReport_July 2026
1574,Uttar Pradesh,"01/2022
03/2024",62.0,FlashReport_July 2026
1575,Uttar Pradesh,"10/2022
11/2023",54.0,FlashReport_July 2026
1576,Uttar Pradesh,"03/2020
03/2023",94.0,FlashReport_July 2026
1577,Uttar Pradesh,"12/2022
02/2025",48.0,FlashReport_July 2026
1578,Uttar Pradesh,"05/2023
11/2025",9.32,FlashReport_July 2026
1579,Uttar Pradesh,"12/2021
02/2024",77.0,FlashReport_July 2026
1580,Uttar Pradesh,"03/2023
02/2024",55.0,FlashReport_July 2026
1581,Uttar Pradesh,"03/2021
11/2022",95.0,FlashReport_July 2026
1582,Uttar Pradesh,"08/2021
12/2023",96.0,FlashReport_July 2026
1583,Uttar Pradesh,"03/2022
05/2025",8.0,FlashReport_July 2026
1584,Uttar Pradesh,"03/2022
05/2025",50.72,FlashReport_July 2026
1585,Uttar Pradesh,"03/2023
02/2026",4.0,FlashReport_July 2026
1586,Uttar Pradesh,"11/2022
01/2026",40.45,FlashReport_July 2026
1587,Uttar Pradesh,"01/2022
02/2024",73.0,FlashReport_July 2026
1588,Uttar Pradesh,"05/2023
01/2026",20.0,FlashReport_July 2026
1589,Uttar Pradesh,"03/2023
06/2024",59.5,FlashReport_July 2026
1590,Uttar Pradesh,"03/2022
06/2024",100.0,FlashReport_July 2026
1591,Uttar Pradesh,"01/2022
10/2023",100.0,FlashReport_July 2026
1592,Uttar Pradesh,"03/2022
01/2024",56.0,FlashReport_July 2026
1593,Uttar Pradesh,"03/2022
11/2023",98.0,FlashReport_July 2026
1594,Uttar Pradesh,"05/2023
10/2025",9.06,FlashReport_July 2026
1595,Uttar Pradesh,"07/2018
02/2021",91.0,FlashReport_July 2026
1596,Uttar Pradesh,"04/2020
09/2022",100.0,FlashReport_July 2026
1597,Uttar Pradesh,"12/2022
06/2025",36.67,FlashReport_July 2026
1598,Uttar Pradesh,"03/2022
05/2025",55.0,FlashReport_July 2026
1599,Uttar Pradesh,"03/2024
01/2026",7.0,FlashReport_July 2026
1600,Uttar Pradesh,"05/2023
01/2026",22.0,FlashReport_July 2026
1601,Uttar Pradesh,"03/2023
03/2025",40.0,FlashReport_July 2026
1602,Uttar Pradesh,"01/2022
11/2024",58.0,FlashReport_July 2026
1603,Uttar Pradesh,"03/2022
11/2025",35.0,FlashReport_July 2026
1604,Uttar Pradesh,"03/2023
08/2025",10.0,FlashReport_July 2026
1605,Uttar Pradesh,"03/2023
01/2025",81.18,FlashReport_July 2026
1606,Uttar Pradesh,"05/2023
12/2025",41.0,FlashReport_July 2026
1607,Uttar Pradesh,"04/2020
07/2022",92.0,FlashReport_July 2026
1608,Uttar Pradesh,"04/2020
11/2022",99.0,FlashReport_July 2026
1609,Uttar Pradesh,"03/2023
05/2026",0.0,FlashReport_July 2026
1610,Uttar Pradesh,"12/2021
02/2023",100.0,FlashReport_July 2026
1611,Uttar Pradesh,"09/2021
03/2022",78.0,FlashReport_July 2026
1612,Uttar Pradesh,"12/2017
02/2019",96.86,FlashReport_July 2026
1613,Uttar Pradesh,"02/2023
12/2024",39.2,FlashReport_July 2026
1614,Uttar Pradesh,"01/2023
12/2023",62.15,FlashReport_July 2026
1615,Uttar Pradesh,"09/2023
01/2025",34.8,FlashReport_July 2026
1616,Uttar Pradesh,"08/2024
03/2025",20.4,FlashReport_July 2026
1617,Uttar Pradesh,"08/2024
11/2025",49.85,FlashReport_July 2026
1618,Uttar Pradesh,"07/2022
03/2023",94.0,FlashReport_July 2026
1619,Uttar Pradesh,"02/2023
01/2024",73.78,FlashReport_July 2026
1620,Uttar Pradesh,"08/2024
07/2025",33.53,FlashReport_July 2026
1621,Uttar Pradesh,"08/2024
03/2025",39.5,FlashReport_July 2026
1622,Uttar Pradesh,"10/2022
02/2025",61.77,FlashReport_July 2026
1623,Uttar Pradesh,"03/2024
03/2025",21.25,FlashReport_July 2026
1624,Uttar Pradesh,"09/2020
05/2021",100.0,FlashReport_July 2026
1625,Uttar Pradesh,"06/2022
05/2023",68.2,FlashReport_July 2026
1626,Uttar Pradesh,"10/2021
02/2023",96.98,FlashReport_July 2026
1627,Uttar Pradesh,"06/2024
03/2026",3.96,FlashReport_July 2026
1628,Uttar Pradesh,"02/2023
03/2024",64.12,FlashReport_July 2026
1629,Uttar Pradesh,"12/2021
03/2023",89.0,FlashReport_July 2026
1630,Uttar Pradesh,"12/2024
06/2026",0.0,FlashReport_July 2026
1631,Uttar Pradesh,"02/2025
09/2025",22.79,FlashReport_July 2026
1632,Uttar Pradesh,"02/2025
09/2025",22.0,FlashReport_July 2026
1633,Uttar Pradesh,"09/2022
11/2023",68.8,FlashReport_July 2026
1634,Uttar Pradesh,"09/2022
01/2024",70.56,FlashReport_July 2026
1635,Uttar Pradesh,"09/2021
10/2022",99.33,FlashReport_July 2026
1636,Uttar Pradesh,"12/2024
11/2025",34.5,FlashReport_July 2026
1637,Uttar Pradesh,"03/2023
05/2025",40.0,FlashReport_July 2026
1638,Uttar Pradesh,"03/2023
06/2024",77.0,FlashReport_July 2026
1639,Uttar Pradesh,"12/2024
12/2025",16.4,FlashReport_July 2026
1640,Uttar Pradesh,"10/2022
07/2023",100.0,FlashReport_July 2026
1641,Uttar Pradesh,"10/2022
10/2023",98.4,FlashReport_July 2026
1642,Uttar Pradesh,"10/2022
06/2023",90.57,FlashReport_July 2026
1643,Uttar Pradesh,"04/2015
04/2017",97.35,FlashReport_July 2026
1644,Uttar Pradesh,"12/2021
05/2023",63.79,FlashReport_July 2026
1645,Uttar Pradesh,"03/2023
05/2024",70.12,FlashReport_July 2026
1646,Uttar Pradesh,"10/2021
03/2024",55.9,FlashReport_July 2026
1647,Uttar Pradesh,"02/2021
11/2021",99.02,FlashReport_July 2026
1648,Uttar Pradesh,"10/2022
03/2024",54.55,FlashReport_July 2026
1649,Uttar Pradesh,"11/2022
09/2023",83.06,FlashReport_July 2026
1650,Uttar Pradesh,"08/2023
12/2023",44.64,FlashReport_July 2026
1651,Uttar Pradesh,"02/2025
12/2025",24.55,FlashReport_July 2026
1652,Uttar Pradesh,"03/2021
09/2022",99.24,FlashReport_July 2026
1653,Uttar Pradesh,"03/2021
09/2022",98.06,FlashReport_July 2026
1654,Uttar Pradesh,"01/2022
12/2022",100.0,FlashReport_July 2026
1655,Uttar Pradesh,"03/2021
09/2022",99.29,FlashReport_July 2026
1656,Uttar Pradesh,"03/2025
05/2026",12.0,FlashReport_July 2026
1657,Uttar Pradesh,"11/2020
10/2021",98.92,FlashReport_July 2026
1658,Uttarakhand,"01/2023
02/2024",99.0,FlashReport_July 2026
1659,Uttarakhand,"11/2022
06/2023",98.5,FlashReport_July 2026
1660,Uttarakhand,"02/2025
01/2026",8.5,FlashReport_July 2026
1661,Uttarakhand,"02/2018
05/2018",73.5,FlashReport_July 2026
1662,Uttarakhand,"02/2021
01/2023",99.0,FlashReport_July 2026
1663,Uttarakhand,"03/2017
02/2018",95.0,FlashReport_July 2026
1664,Uttarakhand,"05/2025
10/2025",53.74,FlashReport_July 2026
1665,Uttarakhand,"01/2024
10/2025",31.75,FlashReport_July 2026
1666,Uttarakhand,"03/2022
01/2025",42.0,FlashReport_July 2026
1667,Uttarakhand,"02/2022
12/2025",2.0,FlashReport_July 2026
1668,Uttarakhand,"03/2022
08/2024",67.0,FlashReport_July 2026
1669,Uttarakhand,"10/2022
10/2023",21.03,FlashReport_July 2026
1670,Uttarakhand,"03/2022
09/2022",37.23,FlashReport_July 2026
1671,Uttarakhand,"09/2020
12/2021",81.17,FlashReport_July 2026
1672,Uttarakhand,"05/2022
11/2024",37.19,FlashReport_July 2026
1673,Uttarakhand,"01/2024
10/2025",22.0,FlashReport_July 2026
1674,Uttarakhand,"03/2018
01/2019",96.46,FlashReport_July 2026
1675,Uttarakhand,"03/2018
01/2019",100.0,FlashReport_July 2026
1676,Uttarakhand,"10/2022
05/2023",80.0,FlashReport_July 2026
1677,Uttarakhand,"10/2022
05/2024",76.67,FlashReport_July 2026
1678,Uttarakhand,"03/2018
07/2018",76.03,FlashReport_July 2026
1679,Uttarakhand,"12/2023
06/2024",88.12,FlashReport_July 2026
1680,Uttarakhand,"12/2023
12/2024",68.45,FlashReport_July 2026
1681,Uttarakhand,"12/2023
06/2024",99.97,FlashReport_July 2026
1682,Uttarakhand,"11/2021
08/2022",70.42,FlashReport_July 2026
1683,Uttarakhand,"06/2022
03/2023",75.24,FlashReport_July 2026
1684,Uttarakhand,"11/2021
10/2022",80.36,FlashReport_July 2026
1685,Uttarakhand,"08/2025
06/2026",0.0,FlashReport_July 2026
1686,Uttarakhand,"03/2022
02/2023",93.9,FlashReport_July 2026
1687,Uttarakhand,"12/2023
04/2025",62.79,FlashReport_July 2026
1688,Uttarakhand,"05/2025
02/2026",5.13,FlashReport_July 2026
1689,Uttarakhand,"02/2023
12/2025",0.0,FlashReport_July 2026
1690,West Bengal,"11/2023
11/2025",0.0,FlashReport_July 2026
1691,West Bengal,"03/2023
03/2024",67.28,FlashReport_July 2026
1692,West Bengal,"03/2016
08/2023",17.08,FlashReport_July 2026
1693,West Bengal,"08/2016
11/2016",85.56,FlashReport_July 2026
1694,West Bengal,"03/2022
03/2023",74.98,FlashReport_July 2026
1695,West Bengal,"06/2020
10/2020",95.98,FlashReport_July 2026
1696,West Bengal,"06/2020
10/2020",97.22,FlashReport_July 2026
1697,West Bengal,"03/2018
10/2019",99.23,FlashReport_July 2026
1698,West Bengal,"03/2018
10/2020",97.73,FlashReport_July 2026
1699,West Bengal,"03/2025
11/2025",3.67,FlashReport_July 2026
1700,West Bengal,"11/2023
12/2024",61.1,FlashReport_July 2026
1701,West Bengal,"03/2023
06/2024",39.99,FlashReport_July 2026
1702,West Bengal,"02/2024
08/2024",43.52,FlashReport_July 2026
1703,West Bengal,"03/2024
07/2024",54.79,FlashReport_July 2026
1704,West Bengal,"08/2018
12/2018",96.71,FlashReport_July 2026
1705,West Bengal,"03/2023
12/2025",8.0,FlashReport_July 2026
1706,West Bengal,"02/2024
06/2025",34.47,FlashReport_July 2026
1707,Delhi,"10/2014
04/2018",98.0,FlashReport_July 2026
1708,Meghalaya,"09/2019
09/2020",99.84,FlashReport_July 2026
1709,"Multi-States
(Andhra Pradesh,
Bihar,
Chhattisgarh,
Jharkhand,
Madhya Pradesh,
Maharashtra,
Odisha,
Telangana, Uttar
Pradesh, West
Bengal)","04/2022
05/2024",99.31,FlashReport_July 2026
1710,"Multi-States
(Andhra Pradesh,
Bihar,
Chhattisgarh,
Jharkhand,
Madhya Pradesh,
Maharashtra,
Odisha,
Telangana, Uttar
Pradesh, West
Bengal)","05/2018
09/2021",89.98,FlashReport_July 2026
1711,"Multi-States
(Andhra Pradesh,
Chhattisgarh,
Jharkhand,
Maharashtra,
Odisha)","11/2021
05/2022",81.47,FlashReport_July 2026
1712,"Multi-States
(Arunachal
Pradesh, Assam)","12/2020
10/2021",99.84,FlashReport_July 2026
1713,"Multi-States
(Bihar, Madhya
Pradesh,
Rajasthan, Uttar
Pradesh)","12/2019
03/2021",99.59,FlashReport_July 2026
1714,PAN India,"08/2023
06/2025",8.15,FlashReport_July 2026
1715,PAN India,"08/2023
03/2026",0.0,FlashReport_July 2026
1716,PAN India,"08/2023
02/2025",26.58,FlashReport_July 2026
1717,PAN India,"06/2023
05/2025",8.4,FlashReport_July 2026
1718,PAN India,"08/2023
02/2025",15.13,FlashReport_July 2026
1719,PAN India,"08/2023
03/2026",0.0,FlashReport_July 2026
1720,PAN India,"08/2023
07/2026",0.0,FlashReport_July 2026
1721,PAN India,"07/2022
07/2022",87.7,FlashReport_July 2026
1722,PAN India,"08/2023
06/2025",8.28,FlashReport_July 2026
1723,PAN India,"08/2023
04/2025",0.0,FlashReport_July 2026
1724,PAN India,"08/2023
02/2025",23.18,FlashReport_July 2026
1725,PAN India,"07/2017
11/2017",93.33,FlashReport_July 2026
1726,PAN India,"08/2023
06/2025",1.63,FlashReport_July 2026
1727,PAN India,"08/2023
05/2025",20.54,FlashReport_July 2026
1728,PAN India,"11/2020
11/2020",98.56,FlashReport_July 2026
1729,PAN India,"07/2017
10/2011",99.98,FlashReport_July 2026
1730,PAN India,"05/2023
05/2023",92.1,FlashReport_July 2026
1731,PAN India,"05/2023
06/2023",98.56,FlashReport_July 2026
1732,PAN India,"08/2023
03/2025",17.76,FlashReport_July 2026
1733,PAN India,"08/2023
03/2026",0.0,FlashReport_July 2026
1734,PAN India,"08/2023
06/2026",0.0,FlashReport_July 2026
1735,PAN India,"08/2023
06/2025",0.61,FlashReport_July 2026
1736,Uttar Pradesh,"08/2023
02/2025",7.65,FlashReport_July 2026
1737,Uttar Pradesh,"08/2023
02/2025",7.2,FlashReport_July 2026
1738,Bihar,"10/2017
03/2022",97.0,FlashReport_July 2026
1739,Bihar,"08/2017
07/2019",59.0,FlashReport_July 2026
1740,Bihar,"08/2017
07/2019",55.0,FlashReport_July 2026
1741,Bihar,"03/2010
03/2018",97.0,FlashReport_July 2026
1742,Bihar,"03/2010
03/2018",95.0,FlashReport_July 2026
1743,Uttar Pradesh,"05/2020
04/2023",84.0,FlashReport_July 2026
1744,Uttar Pradesh,"05/2020
11/2024",57.0,FlashReport_July 2026
1745,West Bengal,"05/2018
12/2021",94.0,FlashReport_July 2026
1746,Andhra Pradesh,"04/2005
01/2006",95.88,FlashReport_July 2026
1747,Andhra Pradesh,"04/2005
04/2005",98.3,FlashReport_July 2026
1748,Andhra Pradesh,"01/2009
11/2009",86.15,FlashReport_July 2026
1749,Assam,"04/1996
12/1996",55.44,FlashReport_July 2026
1750,Chhattisgarh,"04/2008
04/2008",73.0,FlashReport_July 2026
1751,Chhattisgarh,"04/2009
12/2009",86.31,FlashReport_July 2026
1752,Gujarat,"04/1996
04/1996",93.7,FlashReport_July 2026
1753,Jharkhand,"04/2011
01/2012",70.0,FlashReport_July 2026
1754,Karnataka,"04/2014
04/2014",99.32,FlashReport_July 2026
1755,Madhya Pradesh,"04/2008
01/2009",75.0,FlashReport_July 2026
1756,Madhya Pradesh,"04/2007
04/2007",81.52,FlashReport_July 2026
1757,Maharashtra,"05/2002
01/2017",49.6,FlashReport_July 2026
1758,Maharashtra,"04/1996
04/1996",89.57,FlashReport_July 2026
1759,Maharashtra,"04/2008
04/2008",72.65,FlashReport_July 2026
1760,Maharashtra,"04/2009
01/2010",100.0,FlashReport_July 2026
1761,Maharashtra,"04/2008
04/2008",65.0,FlashReport_July 2026
1762,Maharashtra,"04/2009
04/2009",75.0,FlashReport_July 2026
1763,Manipur,"04/1997
04/1997",99.0,FlashReport_July 2026
1764,"Multi-States
(Bihar, Jharkhand)","08/2017
01/2021",47.0,FlashReport_July 2026
1765,"Multi-States
(Madhya Pradesh,
Uttar Pradesh)","NA
03/2022",0.0,FlashReport_July 2026
1766,Odisha,"04/1997
01/1998",62.85,FlashReport_July 2026
1767,Odisha,"12/1995
01/1998",95.5,FlashReport_July 2026
1768,Odisha,"04/2003
01/2004",79.5,FlashReport_July 2026
1769,Punjab,"02/2016
04/2018",95.0,FlashReport_July 2026
1770,Punjab,"02/2010
04/2018",88.0,FlashReport_July 2026
1771,Telangana,"04/1996
04/2005",97.0,FlashReport_July 2026
1772,Telangana,"04/1996
01/2006",92.0,FlashReport_July 2026
1773,Telangana,"04/2006
04/2006",87.7,FlashReport_July 2026
1774,Uttar Pradesh,"04/2008
04/2008",82.39,FlashReport_July 2026
1775,Uttarakhand,"10/2023
11/2023",26.22,FlashReport_July 2026
1,,,,FlashReport_June 2026
2,,,,FlashReport_June 2026
3,,,,FlashReport_June 2026
4,,,,FlashReport_June 2026
5,,,,FlashReport_June 2026
6,,,,FlashReport_June 2026
7,,,,FlashReport_June 2026
8,,,,FlashReport_June 2026
9,,,,FlashReport_June 2026
10,,,,FlashReport_June 2026
11,,,,FlashReport_June 2026
12,,,,FlashReport_June 2026
13,,,,FlashReport_June 2026
14,,,,FlashReport_June 2026
15,,,,FlashReport_June 2026
16,,,,FlashReport_June 2026
17,,,,FlashReport_June 2026
Total,,,,FlashReport_June 2026
1,,,,FlashReport_June 2026
2,,,,FlashReport_June 2026
3,,,,FlashReport_June 2026
4,,,,FlashReport_June 2026
5,,,,FlashReport_June 2026
6,,,,FlashReport_June 2026
6,,,,FlashReport_June 2026
7,,,,FlashReport_June 2026
8,,,,FlashReport_June 2026
9,,,,FlashReport_June 2026
10,,,,FlashReport_June 2026
10,,,,FlashReport_June 2026
11,,,,FlashReport_June 2026
12,,,,FlashReport_June 2026
13,,,,FlashReport_June 2026
14,,,,FlashReport_June 2026
15,,,,FlashReport_June 2026
15,,,,FlashReport_June 2026
16,,,,FlashReport_June 2026
17,,,,FlashReport_June 2026
18,,,,FlashReport_June 2026
19,,,,FlashReport_June 2026
20,,,,FlashReport_June 2026
21,,,,FlashReport_June 2026
22,,,,FlashReport_June 2026
23,,,,FlashReport_June 2026
23,,,,FlashReport_June 2026
24,,,,FlashReport_June 2026
25,,,,FlashReport_June 2026
26,,,,FlashReport_June 2026
27,,,,FlashReport_June 2026
28,,,,FlashReport_June 2026
28,,,,FlashReport_June 2026
29,,,,FlashReport_June 2026
30,,,,FlashReport_June 2026
31,,,,FlashReport_June 2026
32,,,,FlashReport_June 2026
33,,,,FlashReport_June 2026
34,,,,FlashReport_June 2026
35,,,,FlashReport_June 2026
36,,,,FlashReport_June 2026
36,,,,FlashReport_June 2026
37,,,,FlashReport_June 2026
1,Goa,"11/2017
12/2019",,FlashReport_June 2026
2,Rajasthan,"10/2017
10/2017",,FlashReport_June 2026
3,Tripura,"06/2022
06/2022",,FlashReport_June 2026
4,Maharashtra,"06/2024
06/2024",,FlashReport_June 2026
5,Maharashtra,"08/2022
08/2022",,FlashReport_June 2026
6,Andhra Pradesh,"09/2023
09/2023",,FlashReport_June 2026
7,"Multi-States (Telangana,
Andhra Pradesh)","11/2022
03/2023",,FlashReport_June 2026
8,Rajasthan,"10/2023
10/2023",,FlashReport_June 2026
9,Andhra Pradesh,"12/2021
09/2022",,FlashReport_June 2026
10,Andhra Pradesh,"03/2023
02/2024",,FlashReport_June 2026
11,Andhra Pradesh,"03/2022
01/2023",,FlashReport_June 2026
12,Andhra Pradesh,"03/2022
09/2023",,FlashReport_June 2026
13,Andhra Pradesh,"01/2022
01/2023",,FlashReport_June 2026
14,Andhra Pradesh,"03/2017
09/2017",,FlashReport_June 2026
15,Andhra Pradesh,"08/2020
09/2021",,FlashReport_June 2026
16,Andhra Pradesh,"08/2020
03/2021",,FlashReport_June 2026
17,Andhra Pradesh,"01/2020
07/2021",,FlashReport_June 2026
18,Andhra Pradesh,"11/2020
09/2022",,FlashReport_June 2026
19,Andhra Pradesh,"03/2023
11/2023",,FlashReport_June 2026
20,Assam,"03/2022
12/2022",,FlashReport_June 2026
21,Assam,"03/2021
10/2023",,FlashReport_June 2026
22,Assam,"09/2021
07/2022",,FlashReport_June 2026
23,Assam,"03/2018
11/2019",,FlashReport_June 2026
24,Assam,"03/2022
01/2023",,FlashReport_June 2026
25,Bihar,"03/2021
02/2023",,FlashReport_June 2026
26,Bihar,"10/2021
03/2022",,FlashReport_June 2026
27,Bihar,"01/2021
01/2022",,FlashReport_June 2026
28,Bihar,"01/2021
01/2022",,FlashReport_June 2026
29,Bihar,"08/2020
01/2021",,FlashReport_June 2026
30,Bihar,"09/2022
01/2023",,FlashReport_June 2026
31,Bihar,"01/2017
08/2018",,FlashReport_June 2026
32,Bihar,"09/2019
11/2020",,FlashReport_June 2026
33,Bihar,"09/2019
11/2020",,FlashReport_June 2026
34,Bihar,"05/2011
05/2011",,FlashReport_June 2026
35,Chhattisgarh,"11/2017
05/2019",,FlashReport_June 2026
36,Chhattisgarh,"03/2020
05/2022",,FlashReport_June 2026
37,Chhattisgarh,"12/2020
03/2022",,FlashReport_June 2026
38,Chhattisgarh,"05/2022
09/2022",,FlashReport_June 2026
39,Delhi,"07/2020
01/2022",,FlashReport_June 2026
40,Gujarat,"05/2020
12/2021",,FlashReport_June 2026
41,Gujarat,"07/2020
11/2021",,FlashReport_June 2026
42,Gujarat,"05/2020
01/2022",,FlashReport_June 2026
43,Gujarat,"05/2020
01/2022",,FlashReport_June 2026
44,Gujarat,"02/2020
08/2021",,FlashReport_June 2026
45,Gujarat,"03/2018
02/2019",,FlashReport_June 2026
46,Gujarat,"03/2022
04/2022",,FlashReport_June 2026
47,Gujarat,"08/2020
03/2021",,FlashReport_June 2026
48,Gujarat,"11/2016
05/2017",,FlashReport_June 2026
49,Gujarat,"08/2020
03/2021",,FlashReport_June 2026
50,Gujarat,"03/2016
02/2017",,FlashReport_June 2026
51,Haryana,"12/2020
12/2021",,FlashReport_June 2026
52,Haryana,"01/2021
12/2021",,FlashReport_June 2026
53,Himachal Pradesh,"08/2020
09/2021",,FlashReport_June 2026
54,Jammu and Kashmir,"02/2021
03/2021",,FlashReport_June 2026
55,Jharkhand,"09/2020
10/2021",,FlashReport_June 2026
56,Jharkhand,"03/2022
05/2023",,FlashReport_June 2026
57,Karnataka,"03/2022
02/2023",,FlashReport_June 2026
58,Karnataka,"03/2018
01/2021",,FlashReport_June 2026
59,Karnataka,"07/2016
03/2017",,FlashReport_June 2026
60,Karnataka,"03/2015
02/2016",,FlashReport_June 2026
61,Madhya Pradesh,"03/2022
06/2023",,FlashReport_June 2026
62,Madhya Pradesh,"12/2009
08/2010",,FlashReport_June 2026
63,Madhya Pradesh,"03/2021
04/2022",,FlashReport_June 2026
64,Madhya Pradesh,"01/2020
10/2021",,FlashReport_June 2026
65,Madhya Pradesh,"01/2021
07/2021",,FlashReport_June 2026
66,Maharashtra,"03/2024
10/2024",,FlashReport_June 2026
67,Maharashtra,"06/2020
05/2022",,FlashReport_June 2026
68,Maharashtra,"06/2016
01/2019",,FlashReport_June 2026
69,Maharashtra,"03/2018
03/2019",,FlashReport_June 2026
70,Maharashtra,"10/2021
05/2022",,FlashReport_June 2026
71,Mizoram,"09/2021
09/2023",,FlashReport_June 2026
72,Mizoram,"09/2019
12/2019",,FlashReport_June 2026
73,Mizoram,"09/2019
10/2020",,FlashReport_June 2026
74,Mizoram,"09/2019
10/2019",,FlashReport_June 2026
75,"Multi-States (Andhra
Pradesh, Tamil Nadu)","02/2021
12/2022",,FlashReport_June 2026
76,"Multi-States (Bihar,
Jharkhand)","06/2021
03/2022",,FlashReport_June 2026
77,"Multi-States
(Chhattisgarh, Odisha)","02/2021
03/2022",,FlashReport_June 2026
78,"Multi-States
(Maharashtra,
Karnataka)","11/2021
10/2022",,FlashReport_June 2026
79,"Multi-States
(Maharashtra,
Telangana)","03/2018
04/2019",,FlashReport_June 2026
80,"Multi-States
(Maharashtra,
Telangana)","03/2022
10/2022",,FlashReport_June 2026
81,"Multi-States (Punjab,
Haryana)","11/2021
12/2022",,FlashReport_June 2026
82,"Multi-States (Punjab,
Haryana)","10/2022
06/2023",,FlashReport_June 2026
83,"Multi-States (Rajasthan,
Uttar Pradesh)","03/2024
04/2025",,FlashReport_June 2026
84,"Multi-States (Uttar
Pradesh, Delhi)","09/2020
06/2022",,FlashReport_June 2026
85,"Multi-States (Uttar
Pradesh, Jharkhand)","03/2022
09/2023",,FlashReport_June 2026
86,"Multi-States (Uttar
Pradesh, Uttarakhand)","03/2023
01/2024",,FlashReport_June 2026
87,"Multi-States (West
Bengal, Jharkhand)","03/2016
12/2017",,FlashReport_June 2026
88,Nagaland,"02/2021
06/2023",,FlashReport_June 2026
89,Nagaland,"02/2017
09/2017",,FlashReport_June 2026
90,Odisha,"01/2022
05/2023",,FlashReport_June 2026
91,Odisha,"09/2020
03/2021",,FlashReport_June 2026
92,Odisha,"10/2017
12/2018",,FlashReport_June 2026
93,Odisha,"01/2009
12/2011",,FlashReport_June 2026
94,Punjab,"12/2020
07/2022",,FlashReport_June 2026
95,Rajasthan,"03/2022
02/2023",,FlashReport_June 2026
96,Rajasthan,"12/2021
09/2022",,FlashReport_June 2026
97,Rajasthan,"02/2022
09/2023",,FlashReport_June 2026
98,Rajasthan,"03/2022
02/2023",,FlashReport_June 2026
99,Rajasthan,"11/2019
05/2021",,FlashReport_June 2026
100,Rajasthan,"03/2022
11/2022",,FlashReport_June 2026
101,Tamil Nadu,"06/2005
07/2006",,FlashReport_June 2026
102,Tamil Nadu,"12/2006
01/2008",,FlashReport_June 2026
103,Tamil Nadu,"02/2022
04/2023",,FlashReport_June 2026
104,Tamil Nadu,"11/2009
04/2010",,FlashReport_June 2026
105,Tamil Nadu,"12/2006
01/2008",,FlashReport_June 2026
106,Tamil Nadu,"03/2017
08/2018",,FlashReport_June 2026
107,Tamil Nadu,"12/2006
01/2008",,FlashReport_June 2026
108,Tamil Nadu,"06/2005
08/2006",,FlashReport_June 2026
109,Tamil Nadu,"08/2005
10/2006",,FlashReport_June 2026
110,Telangana,"03/2018
09/2018",,FlashReport_June 2026
111,Telangana,"10/2016
02/2017",,FlashReport_June 2026
112,Telangana,"06/2017
11/2017",,FlashReport_June 2026
113,Telangana,"02/2018
06/2018",,FlashReport_June 2026
114,Telangana,"01/2017
05/2017",,FlashReport_June 2026
115,Telangana,"03/2017
11/2017",,FlashReport_June 2026
116,Tripura,"02/2020
07/2020",,FlashReport_June 2026
117,Uttar Pradesh,"03/2021
03/2022",,FlashReport_June 2026
118,Uttar Pradesh,"11/2021
11/2022",,FlashReport_June 2026
119,Uttar Pradesh,"12/2021
11/2022",,FlashReport_June 2026
120,Uttar Pradesh,"01/2022
02/2023",,FlashReport_June 2026
121,Uttar Pradesh,"03/2023
09/2023",,FlashReport_June 2026
122,Uttar Pradesh,"10/2021
10/2022",,FlashReport_June 2026
123,Uttar Pradesh,"02/2021
01/2022",,FlashReport_June 2026
124,Uttar Pradesh,"03/2022
02/2023",,FlashReport_June 2026
125,Uttar Pradesh,"01/2022
03/2023",,FlashReport_June 2026
126,Uttar Pradesh,"12/2021
01/2023",,FlashReport_June 2026
127,Uttar Pradesh,"08/2023
12/2023",,FlashReport_June 2026
128,Uttarakhand,"10/2016
06/2017",,FlashReport_June 2026
129,Uttarakhand,"03/2017
11/2017",,FlashReport_June 2026
130,Jharkhand,"08/2023
10/2023",,FlashReport_June 2026
1,PAN India,"08/2023
06/2025",,FlashReport_June 2026
2,Uttar Pradesh,"08/2023
02/2025",,FlashReport_June 2026
3,Uttar Pradesh,"08/2023
02/2025",,FlashReport_June 2026
4,Arunachal Pradesh,"12/2023
06/2026",,FlashReport_June 2026
5,Chhattisgarh,"06/2025
06/2026",,FlashReport_June 2026
6,Chhattisgarh,"03/2026
06/2026",,FlashReport_June 2026
7,Himachal Pradesh,"06/2025
06/2026",,FlashReport_June 2026
8,Jharkhand,"03/2023
07/2026",,FlashReport_June 2026
9,Jharkhand,"03/2023
07/2026",,FlashReport_June 2026
10,Maharashtra,"12/2025
04/2026",,FlashReport_June 2026
11,Maharashtra,"02/2026
06/2026",,FlashReport_June 2026
12,Maharashtra,"03/2026
06/2026",,FlashReport_June 2026
13,Maharashtra,"01/2026
06/2026",,FlashReport_June 2026
14,Punjab,"11/2024
03/2026",,FlashReport_June 2026
15,Rajasthan,"03/2026
07/2026",,FlashReport_June 2026
16,Rajasthan,"03/2026
07/2026",,FlashReport_June 2026
17,Uttar Pradesh,"12/2024
06/2026",,FlashReport_June 2026
22,Arunachal Pradesh,"08/2025
08/2025",1.56,FlashReport_June 2026
23,"Multi-States (Arunachal
Pradesh, Sikkim)","10/2014
10/2014",83.8,FlashReport_June 2026
24,"Multi-States (Mizoram,
Meghalaya, Nagaland,
Tripura, Assam,
Manipur)","12/2014
03/2016",99.1,FlashReport_June 2026
25,Assam,"03/2023
03/2023",85.5,FlashReport_June 2026
26,Assam,"03/2023
03/2023",79.8,FlashReport_June 2026
27,Assam,"01/2019
01/2019",92.9,FlashReport_June 2026
28,Mizoram,"07/2024
07/2024",33.0,FlashReport_June 2026
29,Assam,"10/2025
10/2025",7.8,FlashReport_June 2026
30,Assam,"12/2022
12/2022",70.8,FlashReport_June 2026
31,Assam,"12/2024
12/2024",29.0,FlashReport_June 2026
32,Assam,"12/2020
12/2020",94.5,FlashReport_June 2026
33,Assam,"01/2018
01/2018",94.4,FlashReport_June 2026
34,Assam,"07/2020
07/2020",86.2,FlashReport_June 2026
35,Assam,"04/2023
04/2023",99.0,FlashReport_June 2026
36,Assam,"08/2021
08/2021",78.6,FlashReport_June 2026
37,Assam,"09/2023
09/2023",62.5,FlashReport_June 2026
38,Assam,"01/2023
01/2023",54.8,FlashReport_June 2026
39,Assam,"06/2022
06/2022",59.4,FlashReport_June 2026
40,Assam,"04/2022
04/2022",84.2,FlashReport_June 2026
41,"Multi-States (Mizoram,
Manipur, Nagaland,
Arunachal Pradesh,
Sikkim, Assam,
Meghalaya, Tripura)","04/2020
04/2020",88.0,FlashReport_June 2026
42,Nagaland,"08/2023
08/2023",41.6,FlashReport_June 2026
43,Tripura,"03/2022
03/2022",70.5,FlashReport_June 2026
44,Meghalaya,"NA
01/1900",0.0,FlashReport_June 2026
45,Nagaland,"NA
01/1900",0.0,FlashReport_June 2026
46,Sikkim,"10/2018
12/2018",92.0,FlashReport_June 2026
47,Assam,"09/2025
09/2025",0.0,FlashReport_June 2026
48,Assam,"09/2018
01/2022",0.0,FlashReport_June 2026
49,Assam,"09/2018
01/2022",0.0,FlashReport_June 2026
50,Assam,"09/2016
09/2016",95.16,FlashReport_June 2026
51,Assam,"09/2020
09/2018",89.0,FlashReport_June 2026
52,Manipur,"03/2013
12/2007",73.05,FlashReport_June 2026
53,Meghalaya,"04/2011
03/2010",2.04,FlashReport_June 2026
54,"Multi-States (Assam,
Arunachal Pradesh)","02/2011
03/2023",72.0,FlashReport_June 2026
55,"Multi-States (Assam,
Meghalaya)","08/2010
03/2007",86.16,FlashReport_June 2026
56,"Multi-States (Assam,
Nagaland)","02/2024
01/2025",12.5,FlashReport_June 2026
57,"Multi-States (Assam,
Nagaland)","08/2015
02/2016",46.5,FlashReport_June 2026
58,Sikkim,"10/2009
05/2010",80.0,FlashReport_June 2026
59,Arunachal Pradesh,"03/2019
11/2020",96.61,FlashReport_June 2026
60,Arunachal Pradesh,"06/2020
12/2021",51.37,FlashReport_June 2026
61,Arunachal Pradesh,"02/2017
10/2020",99.69,FlashReport_June 2026
62,Arunachal Pradesh,"02/2017
03/2018",82.32,FlashReport_June 2026
63,Arunachal Pradesh,"08/2020
06/2025",19.55,FlashReport_June 2026
64,Arunachal Pradesh,"12/2023
02/2026",11.74,FlashReport_June 2026
65,Arunachal Pradesh,"12/2023
06/2026",0.0,FlashReport_June 2026
66,Arunachal Pradesh,"01/2024
01/2025",39.8,FlashReport_June 2026
67,Arunachal Pradesh,"12/2023
05/2025",21.97,FlashReport_June 2026
68,Arunachal Pradesh,"02/2024
01/2025",54.11,FlashReport_June 2026
69,Arunachal Pradesh,"02/2024
03/2025",18.1,FlashReport_June 2026
70,Arunachal Pradesh,"02/2024
07/2025",1.7,FlashReport_June 2026
71,Assam,"03/2023
08/2024",57.17,FlashReport_June 2026
72,Assam,"02/2024
08/2025",25.16,FlashReport_June 2026
73,Assam,"02/2024
02/2025",41.88,FlashReport_June 2026
74,Assam,"03/2024
03/2025",40.99,FlashReport_June 2026
75,Assam,"02/2024
04/2025",14.04,FlashReport_June 2026
76,Assam,"03/2024
09/2025",41.26,FlashReport_June 2026
77,Assam,"03/2023
02/2024",81.65,FlashReport_June 2026
78,Assam,"02/2023
01/2024",59.65,FlashReport_June 2026
79,Assam,"11/2021
01/2023",0.0,FlashReport_June 2026
80,Assam,"01/2023
11/2023",99.7,FlashReport_June 2026
81,Assam,"01/2024
01/2025",47.27,FlashReport_June 2026
82,Assam,"03/2020
06/2020",97.76,FlashReport_June 2026
83,Assam,"02/2024
02/2025",32.59,FlashReport_June 2026
84,Assam,"11/2023
12/2024",12.45,FlashReport_June 2026
85,Assam,"09/2021
11/2021",81.07,FlashReport_June 2026
86,Assam,"03/2023
12/2023",85.87,FlashReport_June 2026
87,Assam,"03/2023
12/2023",59.78,FlashReport_June 2026
88,Assam,"03/2023
12/2023",64.48,FlashReport_June 2026
89,Assam,"03/2025
12/2025",3.25,FlashReport_June 2026
90,Assam,"02/2024
09/2025",6.3,FlashReport_June 2026
91,Assam,"03/2023
02/2025",20.0,FlashReport_June 2026
92,Assam,"03/2024
04/2025",20.8,FlashReport_June 2026
93,Assam,"03/2022
04/2023",75.82,FlashReport_June 2026
94,Assam,"01/2024
02/2024",94.73,FlashReport_June 2026
95,Assam,"01/2024
02/2024",95.86,FlashReport_June 2026
96,Assam,"02/2020
12/2020",93.23,FlashReport_June 2026
97,Assam,"02/2020
09/2020",100.0,FlashReport_June 2026
98,Assam,"08/2024
01/2026",0.0,FlashReport_June 2026
99,Assam,"12/2017
05/2018",52.0,FlashReport_June 2026
100,Assam,"10/2014
10/2024",73.88,FlashReport_June 2026
101,Assam,"02/2023
02/2024",71.09,FlashReport_June 2026
102,Assam,"10/2014
10/2024",72.0,FlashReport_June 2026
103,Assam,"03/2022
01/2023",94.59,FlashReport_June 2026
104,Assam,"01/2024
02/2024",100.0,FlashReport_June 2026
105,Assam,"01/2016
10/2024",87.33,FlashReport_June 2026
106,Assam,"01/2016
10/2024",58.19,FlashReport_June 2026
107,Assam,"01/2023
12/2023",20.45,FlashReport_June 2026
108,Assam,"01/2023
05/2023",88.99,FlashReport_June 2026
109,Assam,"01/2024
02/2024",96.79,FlashReport_June 2026
110,Assam,"01/2016
01/2023",100.0,FlashReport_June 2026
111,Assam,"01/2016
09/2024",100.0,FlashReport_June 2026
112,Assam,"03/2015
12/2016",100.0,FlashReport_June 2026
113,Assam,"01/2016
10/2017",97.13,FlashReport_June 2026
114,Assam,"03/2023
08/2023",90.5,FlashReport_June 2026
115,Assam,"03/2023
08/2023",87.5,FlashReport_June 2026
116,Assam,"03/2023
08/2023",85.2,FlashReport_June 2026
117,Assam,"12/2023
03/2024",90.36,FlashReport_June 2026
118,Assam,"05/2019
12/2020",77.14,FlashReport_June 2026
119,Assam,"03/2022
11/2024",89.5,FlashReport_June 2026
120,Manipur,"03/2023
05/2025",14.5,FlashReport_June 2026
121,Manipur,"03/2023
12/2024",24.43,FlashReport_June 2026
122,Manipur,"03/2023
12/2024",26.67,FlashReport_June 2026
123,Manipur,"03/2020
07/2020",88.96,FlashReport_June 2026
124,Manipur,"03/2020
07/2020",98.12,FlashReport_June 2026
125,Manipur,"02/2021
06/2021",75.08,FlashReport_June 2026
126,Manipur,"02/2021
06/2021",100.0,FlashReport_June 2026
127,Manipur,"09/2021
08/2022",97.0,FlashReport_June 2026
128,Manipur,"09/2021
07/2023",91.11,FlashReport_June 2026
129,Manipur,"03/2023
03/2024",80.02,FlashReport_June 2026
130,Manipur,"09/2021
11/2021",87.3,FlashReport_June 2026
131,Manipur,"03/2021
03/2025",92.99,FlashReport_June 2026
132,Manipur,"09/2021
11/2021",84.87,FlashReport_June 2026
133,Manipur,"01/2023
12/2023",92.52,FlashReport_June 2026
134,Manipur,"12/2021
02/2023",95.2,FlashReport_June 2026
135,Manipur,"12/2021
11/2022",90.61,FlashReport_June 2026
136,Manipur,"09/2021
06/2022",85.98,FlashReport_June 2026
137,Manipur,"03/2021
09/2021",86.33,FlashReport_June 2026
138,Manipur,"09/2020
02/2025",48.31,FlashReport_June 2026
139,Manipur,"09/2020
10/2020",91.39,FlashReport_June 2026
140,Manipur,"09/2020
12/2024",56.16,FlashReport_June 2026
141,Manipur,"03/2021
07/2021",93.54,FlashReport_June 2026
142,Manipur,"03/2021
06/2021",98.5,FlashReport_June 2026
143,Manipur,"07/2021
09/2021",95.28,FlashReport_June 2026
144,Manipur,"03/2021
08/2021",84.72,FlashReport_June 2026
145,Manipur,"06/2020
08/2020",88.2,FlashReport_June 2026
146,Manipur,"04/2020
07/2020",100.0,FlashReport_June 2026
147,Manipur,"04/2020
07/2020",100.0,FlashReport_June 2026
148,Manipur,"06/2020
11/2025",7.45,FlashReport_June 2026
149,Manipur,"04/2020
08/2025",24.66,FlashReport_June 2026
150,Meghalaya,"07/2020
05/2024",41.92,FlashReport_June 2026
151,Meghalaya,"07/2020
04/2024",53.21,FlashReport_June 2026
152,Meghalaya,"07/2020
02/2024",51.02,FlashReport_June 2026
153,Meghalaya,"07/2020
10/2023",100.0,FlashReport_June 2026
154,Meghalaya,"08/2020
02/2022",99.1,FlashReport_June 2026
155,Meghalaya,"09/2021
05/2022",83.02,FlashReport_June 2026
156,Meghalaya,"03/2023
09/2024",52.0,FlashReport_June 2026
157,Meghalaya,"03/2023
09/2024",49.82,FlashReport_June 2026
158,Meghalaya,"03/2023
03/2025",45.52,FlashReport_June 2026
159,Meghalaya,"03/2023
09/2025",26.08,FlashReport_June 2026
160,Meghalaya,"03/2023
09/2024",73.13,FlashReport_June 2026
161,Meghalaya,"12/2023
05/2025",2.5,FlashReport_June 2026
162,Mizoram,"02/2023
12/2024",4.71,FlashReport_June 2026
163,Mizoram,"09/2019
03/2020",99.82,FlashReport_June 2026
164,Mizoram,"09/2019
10/2019",97.51,FlashReport_June 2026
165,Mizoram,"09/2019
10/2019",95.35,FlashReport_June 2026
166,Mizoram,"12/2021
07/2025",17.86,FlashReport_June 2026
167,Mizoram,"12/2021
07/2025",17.12,FlashReport_June 2026
168,Mizoram,"11/2021
07/2025",11.86,FlashReport_June 2026
169,Mizoram,"12/2021
07/2025",6.72,FlashReport_June 2026
170,Mizoram,"12/2021
11/2023",99.52,FlashReport_June 2026
171,Mizoram,"02/2024
10/2025",18.9,FlashReport_June 2026
172,Mizoram,"02/2024
11/2025",13.95,FlashReport_June 2026
173,Mizoram,"01/2024
12/2025",0.0,FlashReport_June 2026
174,Mizoram,"02/2023
10/2025",15.1,FlashReport_June 2026
175,Mizoram,"10/2025
05/2026",2.0,FlashReport_June 2026
176,Mizoram,"06/2021
07/2021",61.34,FlashReport_June 2026
177,Mizoram,"03/2021
06/2021",64.78,FlashReport_June 2026
178,"Multi-States (Assam,
Arunachal Pradesh)","03/2023
09/2024",96.7,FlashReport_June 2026
179,Nagaland,"07/2020
06/2023",39.54,FlashReport_June 2026
180,Nagaland,"07/2020
10/2020",46.77,FlashReport_June 2026
181,Nagaland,"03/2018
08/2023",100.0,FlashReport_June 2026
182,Nagaland,"03/2021
09/2023",99.75,FlashReport_June 2026
183,Nagaland,"07/2020
10/2020",69.76,FlashReport_June 2026
184,Nagaland,"03/2021
07/2022",100.0,FlashReport_June 2026
185,Nagaland,"07/2020
11/2023",27.24,FlashReport_June 2026
186,Nagaland,"03/2020
11/2023",98.39,FlashReport_June 2026
187,Nagaland,"03/2020
01/2024",43.13,FlashReport_June 2026
188,Nagaland,"03/2016
09/2023",84.32,FlashReport_June 2026
189,Nagaland,"12/2022
08/2023",87.0,FlashReport_June 2026
190,Nagaland,"12/2022
08/2023",85.67,FlashReport_June 2026
191,Nagaland,"12/2022
08/2023",58.5,FlashReport_June 2026
192,Nagaland,"03/2018
09/2023",79.03,FlashReport_June 2026
193,Nagaland,"06/2020
06/2024",44.46,FlashReport_June 2026
194,Nagaland,"02/2021
06/2023",95.62,FlashReport_June 2026
195,Nagaland,"01/2021
09/2023",96.53,FlashReport_June 2026
196,Sikkim,"01/2021
04/2021",100.0,FlashReport_June 2026
197,Sikkim,"03/2018
01/2023",87.03,FlashReport_June 2026
198,Sikkim,"10/2021
05/2022",90.0,FlashReport_June 2026
199,Sikkim,"10/2020
05/2021",79.13,FlashReport_June 2026
200,Sikkim,"01/2021
02/2021",82.64,FlashReport_June 2026
201,Sikkim,"10/2020
12/2020",64.31,FlashReport_June 2026
202,Sikkim,"07/2020
10/2020",86.19,FlashReport_June 2026
203,Sikkim,"07/2020
10/2020",65.15,FlashReport_June 2026
204,Tripura,"12/2023
09/2024",48.3,FlashReport_June 2026
205,Tripura,"01/2024
12/2024",9.33,FlashReport_June 2026
206,Tripura,"01/2024
09/2024",14.5,FlashReport_June 2026
207,Tripura,"01/2024
09/2024",60.5,FlashReport_June 2026
208,Tripura,"01/2024
07/2024",63.15,FlashReport_June 2026
209,Tripura,"03/2023
03/2024",9.2,FlashReport_June 2026
210,Tripura,"02/2022
01/2023",54.56,FlashReport_June 2026
211,Tripura,"02/2020
09/2024",41.9,FlashReport_June 2026
212,Tripura,"01/2023
05/2023",72.48,FlashReport_June 2026
213,Meghalaya,"09/2019
09/2020",99.84,FlashReport_June 2026
214,"Multi-States (Assam,
Arunachal Pradesh)","12/2020
10/2021",99.6,FlashReport_June 2026
215,"Multi-States (Assam,
Meghalaya, Arunachal
Pradesh, Nagaland,
Mizoram, Tripura,
Sikkim, Manipur)","05/2023
05/2023",92.1,FlashReport_June 2026
216,"Multi-States
(Meghalaya, Assam,
Mizoram, Tripura,
Manipur, Nagaland,
Sikkim, Arunachal
Pradesh)","07/2017
10/2011",99.98,FlashReport_June 2026
217,Assam,"04/1996
12/1996",55.44,FlashReport_June 2026
218,Manipur,"04/1997
04/1997",99.0,FlashReport_June 2026
1,Andhra Pradesh,"03/2023
01/2024",75.0,FlashReport_June 2026
2,Andhra Pradesh,"06/2020
09/2020",88.25,FlashReport_June 2026
3,Andhra Pradesh,"12/2022
08/2023",94.5,FlashReport_June 2026
4,Assam,"12/2016
03/2018",99.3,FlashReport_June 2026
5,Bihar,"08/2024
04/2025",2.86,FlashReport_June 2026
6,Bihar,"07/2024
07/2024",69.8,FlashReport_June 2026
7,Bihar,"10/2018
10/2018",99.19,FlashReport_June 2026
8,Gujarat,"01/2024
07/2025",41.5,FlashReport_June 2026
9,Gujarat,"06/2022
07/2022",87.0,FlashReport_June 2026
10,"Jammu and
Kashmir","10/2023
12/2023",55.35,FlashReport_June 2026
11,Karnataka,"06/2023
01/2024",85.0,FlashReport_June 2026
12,Karnataka,"06/2023
02/2024",95.0,FlashReport_June 2026
13,Kerala,"06/2023
02/2024",64.5,FlashReport_June 2026
14,Ladakh,"07/2018
09/2018",83.4,FlashReport_June 2026
15,Manipur,"11/2021
07/2022",52.64,FlashReport_June 2026
16,"Multi-States
(Karnataka,
Maharashtra,
Telangana, Uttar
Pradesh)","12/2020
10/2022",80.0,FlashReport_June 2026
17,Rajasthan,"08/2025
10/2025",13.3,FlashReport_June 2026
18,Rajasthan,"06/2022
05/2023",100.0,FlashReport_June 2026
19,Rajasthan,"06/2023
11/2023",74.71,FlashReport_June 2026
20,Sikkim,"11/2023
12/2023",36.12,FlashReport_June 2026
21,Tamil Nadu,"05/2018
06/2023",43.5,FlashReport_June 2026
22,Uttar Pradesh,"07/2024
07/2024",31.0,FlashReport_June 2026
23,Uttar Pradesh,"06/2024
07/2024",43.22,FlashReport_June 2026
24,West Bengal,"08/2024
09/2024",39.68,FlashReport_June 2026
25,West Bengal,"03/2023
12/2023",71.4,FlashReport_June 2026
26,Assam,"07/2022
07/2022",89.73,FlashReport_June 2026
27,Assam,"11/2022
11/2022",5.26,FlashReport_June 2026
28,Chhattisgarh,"12/2020
12/2020",11.81,FlashReport_June 2026
29,Chhattisgarh,"08/2020
08/2020",55.95,FlashReport_June 2026
30,Chhattisgarh,"12/2020
12/2020",39.34,FlashReport_June 2026
31,Chhattisgarh,"03/2016
03/2016",78.48,FlashReport_June 2026
32,Chhattisgarh,"02/2015
02/2015",42.47,FlashReport_June 2026
33,Chhattisgarh,"07/2015
07/2015",78.86,FlashReport_June 2026
34,Chhattisgarh,"07/2016
07/2016",96.15,FlashReport_June 2026
35,Chhattisgarh,"05/2018
05/2018",54.6,FlashReport_June 2026
36,Chhattisgarh,"01/2023
01/2023",2.01,FlashReport_June 2026
37,Chhattisgarh,"10/2022
10/2022",40.34,FlashReport_June 2026
38,Chhattisgarh,"11/2024
11/2024",23.75,FlashReport_June 2026
39,Chhattisgarh,"01/2025
01/2025",21.29,FlashReport_June 2026
40,Chhattisgarh,"09/2025
09/2025",0.01,FlashReport_June 2026
41,Chhattisgarh,"12/2024
12/2024",0.0,FlashReport_June 2026
42,Jharkhand,"08/2022
08/2022",63.3,FlashReport_June 2026
43,Jharkhand,"01/2022
01/2022",50.78,FlashReport_June 2026
44,Jharkhand,"01/2022
01/2022",23.28,FlashReport_June 2026
45,Jharkhand,"03/2024
03/2024",16.77,FlashReport_June 2026
46,Jharkhand,"08/2020
08/2020",25.11,FlashReport_June 2026
47,Jharkhand,"08/2020
08/2020",45.78,FlashReport_June 2026
48,Jharkhand,"03/2016
11/2019",87.0,FlashReport_June 2026
49,Jharkhand,"08/2020
08/2020",39.42,FlashReport_June 2026
50,Jharkhand,"07/2021
07/2021",68.9,FlashReport_June 2026
51,Jharkhand,"01/2021
01/2021",24.02,FlashReport_June 2026
52,Jharkhand,"11/2020
11/2020",11.24,FlashReport_June 2026
53,Jharkhand,"05/2021
05/2021",27.74,FlashReport_June 2026
54,Jharkhand,"02/2020
02/2020",43.69,FlashReport_June 2026
55,Jharkhand,"12/2009
12/2009",75.61,FlashReport_June 2026
56,Jharkhand,"08/2018
08/2018",53.03,FlashReport_June 2026
57,Jharkhand,"08/2020
08/2020",32.45,FlashReport_June 2026
58,Jharkhand,"08/2011
08/2011",84.02,FlashReport_June 2026
59,Jharkhand,"01/2023
01/2023",30.92,FlashReport_June 2026
60,Jharkhand,"02/2011
02/2011",70.47,FlashReport_June 2026
61,Jharkhand,"11/2020
11/2020",23.67,FlashReport_June 2026
62,Jharkhand,"05/2020
05/2020",56.47,FlashReport_June 2026
63,Jharkhand,"11/2019
11/2019",30.06,FlashReport_June 2026
64,Jharkhand,"12/2023
12/2023",0.05,FlashReport_June 2026
65,Jharkhand,"02/2020
02/2020",32.83,FlashReport_June 2026
66,Jharkhand,"03/2024
03/2024",4.18,FlashReport_June 2026
67,Jharkhand,"06/2025
07/2025",31.0,FlashReport_June 2026
68,Jharkhand,"10/2023
12/2023",40.0,FlashReport_June 2026
69,Madhya Pradesh,"03/2016
03/2016",75.15,FlashReport_June 2026
70,Madhya Pradesh,"07/2019
07/2019",51.08,FlashReport_June 2026
71,Madhya Pradesh,"11/2020
11/2020",53.73,FlashReport_June 2026
72,Madhya Pradesh,"12/2014
12/2014",58.2,FlashReport_June 2026
73,Madhya Pradesh,"01/2024
01/2024",41.29,FlashReport_June 2026
74,Madhya Pradesh,"12/2021
12/2021",17.78,FlashReport_June 2026
75,Madhya Pradesh,"09/2022
09/2022",67.13,FlashReport_June 2026
76,Madhya Pradesh,"11/2022
11/2022",11.2,FlashReport_June 2026
77,Madhya Pradesh,"07/2022
01/2023",2.02,FlashReport_June 2026
78,Madhya Pradesh,"07/2022
09/2023",9.39,FlashReport_June 2026
79,Madhya Pradesh,"08/2019
08/2019",56.88,FlashReport_June 2026
80,Madhya Pradesh,"02/2025
02/2025",2.02,FlashReport_June 2026
81,Madhya Pradesh,"05/2025
05/2025",0.3,FlashReport_June 2026
82,Maharashtra,"02/2020
05/2022",33.91,FlashReport_June 2026
83,Maharashtra,"08/2015
08/2015",80.77,FlashReport_June 2026
84,Maharashtra,"02/2020
02/2020",40.63,FlashReport_June 2026
85,Maharashtra,"02/2019
10/2021",19.02,FlashReport_June 2026
86,Maharashtra,"01/2022
01/2022",69.33,FlashReport_June 2026
87,Maharashtra,"08/2020
08/2020",32.21,FlashReport_June 2026
88,Maharashtra,"05/2019
09/2022",24.17,FlashReport_June 2026
89,Maharashtra,"06/2022
06/2022",12.2,FlashReport_June 2026
90,Maharashtra,"05/2022
05/2022",9.64,FlashReport_June 2026
91,Maharashtra,"04/2021
04/2021",8.44,FlashReport_June 2026
92,Maharashtra,"01/2023
09/2023",2.82,FlashReport_June 2026
93,Maharashtra,"12/2022
12/2022",5.35,FlashReport_June 2026
94,Maharashtra,"10/2023
10/2023",2.19,FlashReport_June 2026
95,Maharashtra,"03/2021
04/2021",12.98,FlashReport_June 2026
96,Maharashtra,"04/2024
04/2024",4.21,FlashReport_June 2026
97,Maharashtra,"08/2023
06/2024",2.31,FlashReport_June 2026
98,Maharashtra,"02/2017
09/2022",16.06,FlashReport_June 2026
99,Maharashtra,"06/2024
06/2024",27.92,FlashReport_June 2026
100,Maharashtra,"08/2016
08/2016",79.83,FlashReport_June 2026
101,Maharashtra,"11/2018
01/2019",94.57,FlashReport_June 2026
102,Maharashtra,"09/2018
09/2018",98.97,FlashReport_June 2026
103,Maharashtra,"11/2018
11/2018",86.49,FlashReport_June 2026
104,Maharashtra,"09/2024
09/2024",2.55,FlashReport_June 2026
105,Maharashtra,"01/2024
01/2025",0.11,FlashReport_June 2026
106,Maharashtra,"06/2024
02/2025",0.4,FlashReport_June 2026
107,Maharashtra,"08/2025
08/2025",0.0,FlashReport_June 2026
108,"Multi-States
(Madhya Pradesh,
Uttar Pradesh)","08/2020
08/2020",92.05,FlashReport_June 2026
109,"Multi-States
(Madhya Pradesh,
Uttar Pradesh)","06/2021
06/2021",57.12,FlashReport_June 2026
110,Odisha,"05/2021
05/2021",46.27,FlashReport_June 2026
111,Odisha,"02/2021
02/2021",60.66,FlashReport_June 2026
112,Odisha,"08/2020
08/2020",58.23,FlashReport_June 2026
113,Odisha,"04/2022
04/2022",35.69,FlashReport_June 2026
114,Odisha,"05/2018
05/2018",82.5,FlashReport_June 2026
115,Odisha,"11/2018
11/2018",53.04,FlashReport_June 2026
116,Odisha,"03/2020
03/2020",80.0,FlashReport_June 2026
117,Odisha,"04/2023
04/2023",10.24,FlashReport_June 2026
118,Odisha,"03/2024
03/2024",33.96,FlashReport_June 2026
119,Odisha,"11/2022
11/2022",31.05,FlashReport_June 2026
120,Odisha,"04/2023
04/2023",18.21,FlashReport_June 2026
121,Odisha,"10/2022
05/2023",73.65,FlashReport_June 2026
122,Telangana,"12/2021
12/2021",20.0,FlashReport_June 2026
123,Telangana,"03/2016
05/2017",76.0,FlashReport_June 2026
124,Telangana,"07/2019
05/2019",71.0,FlashReport_June 2026
125,Telangana,"08/2017
12/2022",81.0,FlashReport_June 2026
126,Telangana,"07/2021
08/2021",33.0,FlashReport_June 2026
127,Telangana,"10/2020
06/2020",97.0,FlashReport_June 2026
128,Telangana,"08/2017
09/2017",63.0,FlashReport_June 2026
129,West Bengal,"11/2020
11/2020",31.52,FlashReport_June 2026
130,West Bengal,"08/2021
08/2021",17.13,FlashReport_June 2026
131,West Bengal,"08/2018
08/2018",28.58,FlashReport_June 2026
132,West Bengal,"01/2023
01/2023",12.14,FlashReport_June 2026
133,West Bengal,"04/2020
04/2020",52.04,FlashReport_June 2026
134,West Bengal,"07/2021
07/2021",18.5,FlashReport_June 2026
135,West Bengal,"12/2023
12/2023",8.41,FlashReport_June 2026
136,West Bengal,"04/2020
04/2020",16.79,FlashReport_June 2026
137,West Bengal,"01/2023
01/2023",22.26,FlashReport_June 2026
138,West Bengal,"11/2024
11/2024",0.23,FlashReport_June 2026
139,Gujarat,"07/2022
01/2024",52.0,FlashReport_June 2026
140,Gujarat,"08/2023
06/2024",60.0,FlashReport_June 2026
141,Gujarat,"07/2022
03/2024",0.0,FlashReport_June 2026
142,Gujarat,"07/2022
04/2024",1.2,FlashReport_June 2026
143,Odisha,"01/2017
01/2024",3.54,FlashReport_June 2026
144,Rajasthan,"10/2024
09/2025",0.0,FlashReport_June 2026
145,Chhattisgarh,"05/2018
03/2017",43.7,FlashReport_June 2026
146,Jharkhand,"02/2018
05/2022",71.0,FlashReport_June 2026
147,Jharkhand,"07/2016
10/2016",36.5,FlashReport_June 2026
148,Jharkhand,"02/2019
09/2019",67.86,FlashReport_June 2026
149,Arunachal Pradesh,"02/2023
02/2023",17.78,FlashReport_June 2026
150,Arunachal Pradesh,"12/2024
05/2025",6.33,FlashReport_June 2026
151,Arunachal Pradesh,"12/2024
05/2025",5.1,FlashReport_June 2026
152,Arunachal Pradesh,"09/2025
09/2025",6.54,FlashReport_June 2026
153,Arunachal Pradesh,"04/2026
04/2026",0.0,FlashReport_June 2026
154,Bihar,"03/2019
06/2019",94.94,FlashReport_June 2026
155,Bihar,"11/2024
03/2025",13.65,FlashReport_June 2026
156,Chhattisgarh,"08/2023
08/2023",32.3,FlashReport_June 2026
157,Chhattisgarh,"09/2024
09/2024",21.3,FlashReport_June 2026
158,Gujarat,"03/2021
05/2021",51.86,FlashReport_June 2026
159,Himachal Pradesh,"10/2020
05/2021",79.59,FlashReport_June 2026
160,Himachal Pradesh,"11/2020
11/2020",52.13,FlashReport_June 2026
161,Himachal Pradesh,"01/2023
01/2023",34.58,FlashReport_June 2026
162,"Jammu and
Kashmir","10/2014
02/2018",82.05,FlashReport_June 2026
163,"Jammu and
Kashmir","03/2019
02/2020",87.0,FlashReport_June 2026
164,"Jammu and
Kashmir","02/2021
01/2022",31.29,FlashReport_June 2026
165,"Jammu and
Kashmir","05/2022
11/2022",36.52,FlashReport_June 2026
166,Jharkhand,"11/2017
11/2017",90.5,FlashReport_June 2026
167,Jharkhand,"04/2023
11/2024",13.5,FlashReport_June 2026
168,Madhya Pradesh,"11/2024
05/2025",10.0,FlashReport_June 2026
169,"Multi-States
(Arunachal
Pradesh, Assam)","09/2003
01/2005",97.84,FlashReport_June 2026
170,Odisha,"08/2022
09/2022",53.5,FlashReport_June 2026
171,Odisha,"11/2025
11/2025",2.45,FlashReport_June 2026
172,Sikkim,"03/2019
03/2020",73.48,FlashReport_June 2026
173,Sikkim,"03/2021
08/2021",97.34,FlashReport_June 2026
174,Telangana,"03/2026
03/2026",0.78,FlashReport_June 2026
175,Uttar Pradesh,"03/2024
03/2024",23.8,FlashReport_June 2026
176,Uttarakhand,"11/2006
11/2006",75.81,FlashReport_June 2026
177,Uttarakhand,"08/2008
01/2014",81.0,FlashReport_June 2026
178,West Bengal,"01/2023
02/2025",11.5,FlashReport_June 2026
179,West Bengal,"09/2014
09/2014",57.1,FlashReport_June 2026
180,West Bengal,"06/2019
02/2021",97.0,FlashReport_June 2026
181,Andhra Pradesh,"03/2025
03/2025",41.68,FlashReport_June 2026
182,Arunachal Pradesh,"08/2025
08/2025",1.56,FlashReport_June 2026
183,Delhi,"11/2023
10/2024",33.63,FlashReport_June 2026
184,Gujarat,"12/2023
12/2023",70.87,FlashReport_June 2026
185,Gujarat,"05/2024
05/2024",82.0,FlashReport_June 2026
186,Gujarat,"10/2024
10/2024",18.0,FlashReport_June 2026
187,Gujarat,"11/2024
11/2024",8.67,FlashReport_June 2026
188,Gujarat,"10/2024
10/2024",36.57,FlashReport_June 2026
189,Gujarat,"02/2025
02/2025",37.0,FlashReport_June 2026
190,Gujarat,"03/2025
03/2025",39.0,FlashReport_June 2026
191,Gujarat,"02/2025
02/2025",4.5,FlashReport_June 2026
192,Gujarat,"NA
10/2024",19.0,FlashReport_June 2026
193,Gujarat,"03/2025
03/2025",6.0,FlashReport_June 2026
194,Gujarat,"NA
12/2025",1.0,FlashReport_June 2026
195,Gujarat,"09/2024
09/2024",31.0,FlashReport_June 2026
196,Gujarat,"08/2024
08/2024",60.0,FlashReport_June 2026
197,"Jammu and
Kashmir","07/2024
07/2024",1.7,FlashReport_June 2026
198,Jharkhand,"02/2012
02/2012",96.3,FlashReport_June 2026
199,Karnataka,"12/2023
12/2023",92.35,FlashReport_June 2026
200,Karnataka,"01/2025
01/2025",34.6,FlashReport_June 2026
201,Karnataka,"02/2025
02/2025",18.0,FlashReport_June 2026
202,Karnataka,"03/2025
03/2025",21.31,FlashReport_June 2026
203,Karnataka,"09/2025
09/2025",2.5,FlashReport_June 2026
204,Karnataka,"02/2026
02/2026",1.0,FlashReport_June 2026
205,Kerala,"08/2025
08/2025",1.5,FlashReport_June 2026
206,Madhya Pradesh,"10/2024
10/2024",45.5,FlashReport_June 2026
207,Madhya Pradesh,"08/2024
08/2024",70.96,FlashReport_June 2026
208,Madhya Pradesh,"06/2024
06/2024",52.14,FlashReport_June 2026
209,Madhya Pradesh,"06/2025
06/2025",15.11,FlashReport_June 2026
210,Madhya Pradesh,"10/2025
10/2025",2.5,FlashReport_June 2026
211,Madhya Pradesh,"03/2025
03/2025",18.0,FlashReport_June 2026
212,Maharashtra,"11/2023
11/2023",100.0,FlashReport_June 2026
213,Maharashtra,"NA
05/2025",5.0,FlashReport_June 2026
214,Maharashtra,"03/2026
03/2026",0.5,FlashReport_June 2026
215,"Multi-States
(Andhra Pradesh,
Karnataka)","03/2025
03/2025",24.88,FlashReport_June 2026
216,"Multi-States
(Andhra Pradesh,
Karnataka)","08/2024
03/2025",50.0,FlashReport_June 2026
217,"Multi-States
(Andhra Pradesh,
Odisha)","02/2026
02/2026",1.77,FlashReport_June 2026
218,"Multi-States
(Arunachal
Pradesh, Sikkim)","10/2014
10/2014",83.8,FlashReport_June 2026
219,"Multi-States
(Assam, Manipur,
Meghalaya,
Mizoram,
Nagaland, Tripura)","12/2014
03/2016",99.1,FlashReport_June 2026
220,"Multi-States
(Bihar, Odisha,
West Bengal)","09/2024
09/2024",29.73,FlashReport_June 2026
221,"Multi-States
(Bihar, Uttar
Pradesh)","10/2025
10/2025",2.03,FlashReport_June 2026
222,"Multi-States
(Bihar, West
Bengal)","11/2024
11/2024",1.5,FlashReport_June 2026
223,"Multi-States (Delhi,
Rajasthan)","12/2022
12/2022",67.5,FlashReport_June 2026
224,"Multi-States (Delhi,
Rajasthan)","02/2024
02/2024",90.51,FlashReport_June 2026
225,"Multi-States
(Gujarat,
Maharashtra)","11/2024
11/2024",18.11,FlashReport_June 2026
226,"Multi-States
(Haryana, Punjab,
Rajasthan)","11/2024
11/2024",30.6,FlashReport_June 2026
227,"Multi-States
(Haryana,
Rajasthan)","11/2024
11/2024",34.01,FlashReport_June 2026
228,"Multi-States
(Karnataka,
Maharashtra)","10/2025
10/2025",2.5,FlashReport_June 2026
229,"Multi-States
(Karnataka,
Telangana)","02/2024
02/2024",93.76,FlashReport_June 2026
230,"Multi-States
(Madhya Pradesh,
Rajasthan)","08/2024
08/2024",46.71,FlashReport_June 2026
231,"Multi-States
(Madhya Pradesh,
Rajasthan)","08/2024
08/2024",44.33,FlashReport_June 2026
232,"Multi-States
(Madhya Pradesh,
Rajasthan)","03/2025
03/2025",31.49,FlashReport_June 2026
233,"Multi-States
(Madhya Pradesh,
Rajasthan, Uttar
Pradesh)","01/2025
01/2025",4.0,FlashReport_June 2026
234,"Multi-States
(Rajasthan, Uttar
Pradesh)","12/2023
12/2023",73.17,FlashReport_June 2026
235,"Multi-States
(Rajasthan, Uttar
Pradesh)","12/2024
12/2024",37.67,FlashReport_June 2026
236,Rajasthan,"10/2023
10/2023",99.67,FlashReport_June 2026
237,Rajasthan,"12/2023
12/2023",77.65,FlashReport_June 2026
238,Rajasthan,"08/2024
08/2024",52.83,FlashReport_June 2026
239,Rajasthan,"08/2024
08/2024",48.83,FlashReport_June 2026
240,Rajasthan,"08/2024
08/2024",82.1,FlashReport_June 2026
241,Rajasthan,"11/2024
11/2024",43.0,FlashReport_June 2026
242,Rajasthan,"03/2025
03/2025",16.4,FlashReport_June 2026
243,Tamil Nadu,"01/2025
01/2025",20.49,FlashReport_June 2026
244,Uttar Pradesh,"12/2024
12/2024",11.17,FlashReport_June 2026
245,Telangana,"03/2024
11/2024",23.0,FlashReport_June 2026
246,"Andaman &
Nicobar","07/2021
11/2021",97.0,FlashReport_June 2026
247,Delhi,"07/2016
05/2018",46.7,FlashReport_June 2026
248,Gujarat,"02/2016
06/2016",98.5,FlashReport_June 2026
249,Uttarakhand,"11/2019
08/2019",40.05,FlashReport_June 2026
250,Bihar,"02/2019
02/2019",50.05,FlashReport_June 2026
251,Delhi,"03/2024
03/2024",4.29,FlashReport_June 2026
252,Delhi,"01/2026
01/2026",5.63,FlashReport_June 2026
253,Delhi,"07/2019
07/2019",82.2,FlashReport_June 2026
254,Gujarat,"03/2019
03/2019",81.1,FlashReport_June 2026
255,Haryana,"07/2023
08/2024",4.3,FlashReport_June 2026
256,Karnataka,"NA
06/2026",0.0,FlashReport_June 2026
257,Karnataka,"02/2014
02/2016",95.6,FlashReport_June 2026
258,Karnataka,"06/2021
01/2019",66.0,FlashReport_June 2026
259,Kerala,"11/2022
11/2022",38.0,FlashReport_June 2026
260,Madhya Pradesh,"11/2018
11/2018",62.5,FlashReport_June 2026
261,Madhya Pradesh,"11/2018
11/2018",65.19,FlashReport_June 2026
262,Maharashtra,"10/2023
10/2023",47.17,FlashReport_June 2026
263,Maharashtra,"09/2024
09/2024",6.2,FlashReport_June 2026
264,Maharashtra,"09/2024
09/2024",9.49,FlashReport_June 2026
265,Maharashtra,"07/2025
07/2025",1.88,FlashReport_June 2026
266,Maharashtra,"12/2025
12/2025",1.3,FlashReport_June 2026
267,Maharashtra,"04/2018
03/2019",6.0,FlashReport_June 2026
268,Maharashtra,"04/2018
07/2020",84.0,FlashReport_June 2026
269,Maharashtra,"07/2013
06/2016",97.86,FlashReport_June 2026
270,Maharashtra,"12/2022
12/2022",40.86,FlashReport_June 2026
271,"Multi-States (Delhi,
Haryana)","01/2025
01/2025",3.02,FlashReport_June 2026
272,Rajasthan,"10/2025
09/2023",0.0,FlashReport_June 2026
273,Rajasthan,"05/2026
12/2023",12.48,FlashReport_June 2026
274,Tamil Nadu,"10/2024
11/2020",53.36,FlashReport_June 2026
275,Uttar Pradesh,"03/2026
03/2026",0.0,FlashReport_June 2026
276,Uttar Pradesh,"09/2025
05/2026",1.5,FlashReport_June 2026
277,Uttar Pradesh,"05/2019
11/2019",82.5,FlashReport_June 2026
278,Uttar Pradesh,"05/2019
12/2020",72.5,FlashReport_June 2026
279,Andhra Pradesh,"02/2017
07/2018",82.0,FlashReport_June 2026
280,Bihar,"11/2016
02/2019",85.0,FlashReport_June 2026
281,Haryana,"03/2017
11/2017",88.0,FlashReport_June 2026
282,Jharkhand,"02/2017
12/2018",76.0,FlashReport_June 2026
283,Jharkhand,"02/2017
12/2018",67.0,FlashReport_June 2026
284,Jharkhand,"02/2017
12/2018",81.0,FlashReport_June 2026
285,Karnataka,"12/2015
10/2016",80.0,FlashReport_June 2026
286,Madhya Pradesh,"12/2016
11/2017",99.0,FlashReport_June 2026
287,Madhya Pradesh,"11/2015
12/2016",96.0,FlashReport_June 2026
288,Madhya Pradesh,"05/2016
11/2017",90.0,FlashReport_June 2026
289,Maharashtra,"07/2016
09/2019",75.0,FlashReport_June 2026
290,Maharashtra,"03/2017
07/2017",96.0,FlashReport_June 2026
291,Punjab,"11/2016
08/2020",90.0,FlashReport_June 2026
292,Punjab,"11/2016
08/2020",99.0,FlashReport_June 2026
293,Uttar Pradesh,"03/2017
06/2019",95.0,FlashReport_June 2026
294,Uttar Pradesh,"NA
05/2019",95.0,FlashReport_June 2026
295,West Bengal,"04/2019
02/2020",64.0,FlashReport_June 2026
296,Madhya Pradesh,"09/2011
04/2015",26.0,FlashReport_June 2026
297,Odisha,"04/2017
04/2017",95.2,FlashReport_June 2026
298,Odisha,"05/2018
05/2018",52.2,FlashReport_June 2026
299,Odisha,"11/2017
11/2019",93.1,FlashReport_June 2026
300,Tamil Nadu,"09/2017
12/2017",66.73,FlashReport_June 2026
301,Andhra Pradesh,"09/2019
12/2023",44.5,FlashReport_June 2026
302,Arunachal Pradesh,"09/2009
03/2013",80.0,FlashReport_June 2026
303,Assam,"05/2019
06/2021",97.97,FlashReport_June 2026
304,Bihar,"07/2022
08/2022",98.6,FlashReport_June 2026
305,Chhattisgarh,"05/2025
01/2026",0.0,FlashReport_June 2026
306,Delhi,"09/2009
11/2022",99.9,FlashReport_June 2026
307,Delhi,"09/2024
03/2025",13.0,FlashReport_June 2026
308,Gujarat,"12/2020
02/2021",86.0,FlashReport_June 2026
309,Himachal Pradesh,"09/2018
08/2020",98.3,FlashReport_June 2026
310,Himachal Pradesh,"03/2023
03/2024",84.0,FlashReport_June 2026
311,Himachal Pradesh,"03/2021
08/2022",86.0,FlashReport_June 2026
312,"Jammu and
Kashmir","03/2019
10/2020",96.0,FlashReport_June 2026
313,Kerala,"07/2017
03/2020",86.5,FlashReport_June 2026
314,Kerala,"05/2025
01/2026",0.0,FlashReport_June 2026
315,Madhya Pradesh,"12/2023
04/2024",65.0,FlashReport_June 2026
316,Meghalaya,"09/2009
09/2014",96.0,FlashReport_June 2026
317,Mizoram,"09/2009
06/2014",4.0,FlashReport_June 2026
318,Nagaland,"09/2009
12/2014",98.0,FlashReport_June 2026
319,Odisha,"10/2018
09/2019",98.5,FlashReport_June 2026
320,Odisha,"02/2024
05/2024",9.2,FlashReport_June 2026
321,Odisha,"09/2023
01/2024",47.0,FlashReport_June 2026
322,Puducherry,"09/2009
07/2013",99.5,FlashReport_June 2026
323,Punjab,"10/2019
07/2020",91.7,FlashReport_June 2026
324,Punjab,"08/2024
04/2025",48.0,FlashReport_June 2026
325,Sikkim,"08/2020
01/2022",96.0,FlashReport_June 2026
326,Sikkim,"02/2024
03/2024",37.6,FlashReport_June 2026
327,Telangana,"09/2022
11/2022",89.11,FlashReport_June 2026
328,Uttar Pradesh,"06/2020
06/2020",99.0,FlashReport_June 2026
329,Uttarakhand,"06/2020
04/2024",62.0,FlashReport_June 2026
330,West Bengal,"06/2018
04/2019",97.0,FlashReport_June 2026
331,Manipur,"06/2022
01/2022",97.25,FlashReport_June 2026
332,Assam,"03/2023
03/2023",79.8,FlashReport_June 2026
333,Assam,"03/2023
03/2023",85.5,FlashReport_June 2026
334,Gujarat,"05/2023
05/2023",67.5,FlashReport_June 2026
335,Maharashtra,"06/2017
06/2017",83.0,FlashReport_June 2026
336,Maharashtra,"05/2023
05/2023",65.9,FlashReport_June 2026
337,Mizoram,"07/2024
07/2024",33.0,FlashReport_June 2026
338,"Multi-States
(Andhra Pradesh,
Odisha)","09/2019
09/2019",98.1,FlashReport_June 2026
339,"Multi-States
(Assam, Bihar,
Jharkhand,
Odisha, West
Bengal)","01/2019
01/2019",92.9,FlashReport_June 2026
340,"Multi-States
(Gujarat, Haryana,
Rajasthan)","12/2021
12/2021",94.1,FlashReport_June 2026
341,"Multi-States
(Gujarat, Madhya
Pradesh, Uttar
Pradesh)","12/2018
12/2018",95.7,FlashReport_June 2026
342,"Multi-States
(Karnataka, Tamil
Nadu)","11/2012
11/2012",84.3,FlashReport_June 2026
343,Rajasthan,"12/2023
12/2023",95.8,FlashReport_June 2026
344,Tamil Nadu,"01/2022
01/2022",79.6,FlashReport_June 2026
345,Uttar Pradesh,"09/2022
09/2022",76.5,FlashReport_June 2026
346,Andhra Pradesh,"03/2016
03/2016",96.8,FlashReport_June 2026
347,Andhra Pradesh,"09/2025
09/2025",15.7,FlashReport_June 2026
348,Andhra Pradesh,"09/2021
09/2021",93.5,FlashReport_June 2026
349,Assam,"07/2020
07/2020",86.2,FlashReport_June 2026
350,Assam,"01/2018
01/2018",94.4,FlashReport_June 2026
351,Assam,"12/2020
12/2020",94.5,FlashReport_June 2026
352,Assam,"12/2022
12/2022",70.8,FlashReport_June 2026
353,Assam,"10/2025
10/2025",7.8,FlashReport_June 2026
354,Assam,"04/2022
04/2022",84.2,FlashReport_June 2026
355,Assam,"06/2022
06/2022",59.4,FlashReport_June 2026
356,Assam,"01/2023
01/2023",54.8,FlashReport_June 2026
357,Assam,"09/2023
09/2023",62.5,FlashReport_June 2026
358,Assam,"08/2021
08/2021",78.6,FlashReport_June 2026
359,Assam,"04/2023
04/2023",99.0,FlashReport_June 2026
360,Bihar,"10/2023
10/2023",55.0,FlashReport_June 2026
361,Bihar,"01/2020
01/2020",91.6,FlashReport_June 2026
362,Bihar,"01/2022
01/2022",64.6,FlashReport_June 2026
363,Bihar,"12/2022
12/2022",33.5,FlashReport_June 2026
364,Bihar,"12/2022
12/2022",30.2,FlashReport_June 2026
365,Chhattisgarh,"06/2022
06/2022",2.2,FlashReport_June 2026
366,Gujarat,"08/2021
08/2021",94.3,FlashReport_June 2026
367,Gujarat,"02/2017
02/2017",96.8,FlashReport_June 2026
368,Gujarat,"04/2021
04/2021",92.1,FlashReport_June 2026
369,Gujarat,"09/2020
09/2020",89.2,FlashReport_June 2026
370,Gujarat,"01/2022
01/2022",87.0,FlashReport_June 2026
371,Gujarat,"01/2022
01/2022",48.2,FlashReport_June 2026
372,Gujarat,"05/2022
05/2022",97.5,FlashReport_June 2026
373,Gujarat,"07/2021
07/2021",94.5,FlashReport_June 2026
374,Gujarat,"08/2022
08/2022",65.0,FlashReport_June 2026
375,Gujarat,"11/2022
11/2022",70.1,FlashReport_June 2026
376,Haryana,"06/2019
06/2019",65.3,FlashReport_June 2026
377,Haryana,"03/2022
03/2022",88.7,FlashReport_June 2026
378,Haryana,"05/2025
05/2025",39.6,FlashReport_June 2026
379,Haryana,"02/2021
02/2021",94.0,FlashReport_June 2026
380,Haryana,"12/2020
12/2020",91.8,FlashReport_June 2026
381,"Jammu and
Kashmir","03/2022
03/2022",0.6,FlashReport_June 2026
382,Jharkhand,"11/2019
11/2019",66.1,FlashReport_June 2026
383,Jharkhand,"02/2023
02/2023",58.1,FlashReport_June 2026
384,Karnataka,"10/2023
10/2023",88.7,FlashReport_June 2026
385,Karnataka,"03/2024
03/2024",51.1,FlashReport_June 2026
386,Karnataka,"01/2022
01/2022",85.0,FlashReport_June 2026
387,Kerala,"09/2024
09/2024",43.2,FlashReport_June 2026
388,Kerala,"12/2023
12/2023",40.5,FlashReport_June 2026
389,Madhya Pradesh,"05/2024
05/2024",70.8,FlashReport_June 2026
390,Madhya Pradesh,"05/2023
05/2023",30.7,FlashReport_June 2026
391,Maharashtra,"04/2021
04/2021",91.6,FlashReport_June 2026
392,Maharashtra,"12/2024
12/2024",12.3,FlashReport_June 2026
393,Maharashtra,"05/2025
05/2025",6.1,FlashReport_June 2026
394,Maharashtra,"06/2025
06/2025",7.3,FlashReport_June 2026
395,Maharashtra,"04/2025
04/2025",0.0,FlashReport_June 2026
396,Maharashtra,"11/2025
11/2025",53.2,FlashReport_June 2026
397,Maharashtra,"03/2022
03/2022",3.4,FlashReport_June 2026
398,Maharashtra,"04/2022
04/2022",72.4,FlashReport_June 2026
399,Maharashtra,"05/2023
05/2023",85.4,FlashReport_June 2026
400,"Multi-States
(Andhra Pradesh,
Chhattisgarh,
Odisha)","09/2024
09/2024",37.1,FlashReport_June 2026
401,"Multi-States
(Arunachal
Pradesh, Assam,
Manipur,
Meghalaya,
Mizoram,
Nagaland, Sikkim,
Tripura, West
Bengal)","04/2020
04/2020",88.0,FlashReport_June 2026
402,"Multi-States
(Assam, Bihar,
West Bengal)","12/2024
12/2024",29.0,FlashReport_June 2026
403,"Multi-States
(Gujarat, Haryana,
Punjab,
Rajasthan)","07/2011
07/2011",90.2,FlashReport_June 2026
404,"Multi-States
(Jammu and
Kashmir, Punjab)","07/2023
07/2023",84.6,FlashReport_June 2026
405,"Multi-States
(Karnataka,
Kerala, Tamil
Nadu)","06/2009
06/2009",97.0,FlashReport_June 2026
406,"Multi-States
(Karnataka,
Maharashtra)","01/2006
01/2006",47.0,FlashReport_June 2026
407,"Multi-States
(Odisha, West
Bengal)","03/2020
03/2020",94.3,FlashReport_June 2026
408,"Multi-States
(Punjab,
Rajasthan)","12/2022
12/2022",31.0,FlashReport_June 2026
409,Nagaland,"08/2023
08/2023",41.6,FlashReport_June 2026
410,Odisha,"07/2020
07/2020",94.6,FlashReport_June 2026
411,Odisha,"02/2022
02/2022",5.9,FlashReport_June 2026
412,Odisha,"04/2021
04/2021",83.5,FlashReport_June 2026
413,Offshore,"12/2015
12/2015",90.0,FlashReport_June 2026
414,Offshore,"09/2024
09/2024",59.6,FlashReport_June 2026
415,Offshore,"08/2025
08/2025",21.2,FlashReport_June 2026
416,Offshore,"06/2022
06/2022",99.9,FlashReport_June 2026
417,Offshore,"06/2022
06/2022",95.5,FlashReport_June 2026
418,Offshore,"06/2024
06/2024",98.7,FlashReport_June 2026
419,Offshore,"05/2023
05/2023",43.9,FlashReport_June 2026
420,Punjab,"05/2020
05/2020",94.0,FlashReport_June 2026
421,Punjab,"03/2022
03/2022",2.0,FlashReport_June 2026
422,Tamil Nadu,"09/2021
09/2021",10.2,FlashReport_June 2026
423,Tamil Nadu,"01/2024
01/2024",74.8,FlashReport_June 2026
424,Tamil Nadu,"12/2022
12/2022",25.5,FlashReport_June 2026
425,Telangana,"03/2025
03/2025",26.1,FlashReport_June 2026
426,Tripura,"03/2022
03/2022",70.5,FlashReport_June 2026
427,Uttar Pradesh,"09/2025
09/2025",60.0,FlashReport_June 2026
428,Uttar Pradesh,"09/2025
09/2025",60.0,FlashReport_June 2026
429,Uttar Pradesh,"04/2022
04/2022",55.7,FlashReport_June 2026
430,Uttar Pradesh,"12/2022
12/2022",19.0,FlashReport_June 2026
431,West Bengal,"03/2017
03/2017",95.2,FlashReport_June 2026
432,West Bengal,"09/2024
09/2024",14.3,FlashReport_June 2026
433,West Bengal,"11/2021
11/2021",88.3,FlashReport_June 2026
434,West Bengal,"11/2022
11/2022",97.2,FlashReport_June 2026
435,West Bengal,"03/2022
03/2022",2.9,FlashReport_June 2026
436,West Bengal,"12/2022
12/2022",43.7,FlashReport_June 2026
437,Bihar,"09/2020
09/2020",0.0,FlashReport_June 2026
438,Bihar,"NA
01/1900",0.0,FlashReport_June 2026
439,Bihar,"NA
01/1900",0.0,FlashReport_June 2026
440,Bihar,"NA
01/1900",0.0,FlashReport_June 2026
441,Bihar,"NA
01/1900",0.0,FlashReport_June 2026
442,Bihar,"NA
01/1900",0.0,FlashReport_June 2026
443,Bihar,"NA
01/1900",0.0,FlashReport_June 2026
444,Bihar,"03/2019
10/2022",50.0,FlashReport_June 2026
445,Chhattisgarh,"02/2023
10/2023",54.0,FlashReport_June 2026
446,Chhattisgarh,"10/2023
10/2023",82.0,FlashReport_June 2026
447,Chhattisgarh,"02/2020
09/2024",59.0,FlashReport_June 2026
448,Delhi,"09/2025
09/2025",35.0,FlashReport_June 2026
449,Delhi,"10/2016
06/2022",57.0,FlashReport_June 2026
450,Gujarat,"01/2019
01/2019",93.85,FlashReport_June 2026
451,Gujarat,"09/2022
09/2022",87.5,FlashReport_June 2026
452,Gujarat,"04/2022
10/2022",81.0,FlashReport_June 2026
453,Haryana,"02/2019
02/2019",64.85,FlashReport_June 2026
454,"Jammu and
Kashmir","01/2019
03/2019",78.0,FlashReport_June 2026
455,"Jammu and
Kashmir","09/2019
01/2022",75.0,FlashReport_June 2026
456,"Jammu and
Kashmir","NA
01/1900",0.0,FlashReport_June 2026
457,Jharkhand,"09/2023
02/2024",40.0,FlashReport_June 2026
458,Jharkhand,"06/2018
03/2023",57.0,FlashReport_June 2026
459,Ladakh,"NA
01/1900",0.0,FlashReport_June 2026
460,Madhya Pradesh,"12/2021
11/2022",84.0,FlashReport_June 2026
461,Madhya Pradesh,"08/2023
10/2023",43.0,FlashReport_June 2026
462,Maharashtra,"NA
01/1900",0.0,FlashReport_June 2026
463,Meghalaya,"NA
01/1900",0.0,FlashReport_June 2026
464,Nagaland,"NA
01/1900",0.0,FlashReport_June 2026
465,Punjab,"11/2019
07/2027",0.0,FlashReport_June 2026
466,Punjab,"01/2020
03/2026",1.0,FlashReport_June 2026
467,Sikkim,"10/2018
12/2018",92.0,FlashReport_June 2026
468,Tamil Nadu,"12/2018
12/2018",52.0,FlashReport_June 2026
469,Telangana,"12/2018
07/2022",87.32,FlashReport_June 2026
470,Uttarakhand,"10/2022
02/2024",60.0,FlashReport_June 2026
471,Uttarakhand,"08/2021
04/2023",84.0,FlashReport_June 2026
472,Andhra Pradesh,"02/2021
04/2023",94.0,FlashReport_June 2026
473,Gujarat,"06/2022
04/2023",21.5,FlashReport_June 2026
474,Gujarat,"08/2022
10/2023",50.0,FlashReport_June 2026
475,Karnataka,"02/2015
10/2024",34.0,FlashReport_June 2026
476,Karnataka,"07/2019
03/2025",25.9,FlashReport_June 2026
477,Maharashtra,"10/2013
08/2022",67.0,FlashReport_June 2026
478,Maharashtra,"12/2008
06/2009",89.0,FlashReport_June 2026
479,Odisha,"12/2010
02/2025",7.2,FlashReport_June 2026
480,Uttarakhand,"02/2021
12/2021",89.0,FlashReport_June 2026
481,"Multi-States
(Bihar, Jharkhand,
Uttar Pradesh,
West Bengal)","01/2018
02/2018",83.72,FlashReport_June 2026
482,Gujarat,"10/2022
03/2024",60.0,FlashReport_June 2026
483,Gujarat,"09/2021
09/2021",92.0,FlashReport_June 2026
484,Karnataka,"12/2023
06/2024",95.0,FlashReport_June 2026
485,Maharashtra,"12/2019
01/2020",88.0,FlashReport_June 2026
486,Odisha,"05/2022
01/2023",74.0,FlashReport_June 2026
487,West Bengal,"03/2025
02/2027",0.0,FlashReport_June 2026
488,Gujarat,"02/2019
01/2022",78.92,FlashReport_June 2026
489,Haryana,"05/2018
12/2021",60.0,FlashReport_June 2026
490,Andhra Pradesh,"08/2024
10/2025",12.81,FlashReport_June 2026
491,Andhra Pradesh,"08/2024
10/2025",5.23,FlashReport_June 2026
492,Andhra Pradesh,"12/2020
02/2024",45.43,FlashReport_June 2026
493,Karnataka,"12/2020
02/2023",25.67,FlashReport_June 2026
494,Kerala,"08/2024
10/2025",5.25,FlashReport_June 2026
495,Rajasthan,"08/2024
01/2026",4.67,FlashReport_June 2026
496,Telangana,"08/2024
02/2026",3.58,FlashReport_June 2026
497,Uttar Pradesh,"08/2024
04/2026",22.54,FlashReport_June 2026
498,Chhattisgarh,"08/2021
07/2022",18.3,FlashReport_June 2026
499,Chhattisgarh,"07/2024
08/2024",82.13,FlashReport_June 2026
500,Chhattisgarh,"10/2023
12/2023",70.5,FlashReport_June 2026
501,Chhattisgarh,"11/2023
01/2024",93.74,FlashReport_June 2026
502,Chhattisgarh,"11/2015
09/2020",95.2,FlashReport_June 2026
503,Chhattisgarh,"01/2009
10/2021",83.15,FlashReport_June 2026
504,Jharkhand,"03/2015
10/2015",63.76,FlashReport_June 2026
505,Jharkhand,"01/2025
02/2025",50.4,FlashReport_June 2026
506,Jharkhand,"01/2025
02/2025",51.82,FlashReport_June 2026
507,Jharkhand,"03/2024
04/2024",50.16,FlashReport_June 2026
508,Jharkhand,"11/2023
12/2023",66.11,FlashReport_June 2026
509,Karnataka,"11/2014
06/2024",65.0,FlashReport_June 2026
510,West Bengal,"09/2023
09/2023",35.36,FlashReport_June 2026
511,West Bengal,"07/2024
08/2024",66.02,FlashReport_June 2026
512,West Bengal,"09/2024
10/2024",41.68,FlashReport_June 2026
513,West Bengal,"11/2024
12/2024",74.55,FlashReport_June 2026
514,West Bengal,"07/2024
12/2024",32.21,FlashReport_June 2026
515,West Bengal,"01/2025
02/2025",26.7,FlashReport_June 2026
516,Andhra Pradesh,"03/2012
12/2016",55.02,FlashReport_June 2026
517,Andhra Pradesh,"07/2023
07/2023",0.24,FlashReport_June 2026
518,Andhra Pradesh,"01/2014
10/2017",65.0,FlashReport_June 2026
519,Andhra Pradesh,"04/2023
05/2024",16.0,FlashReport_June 2026
520,Andhra Pradesh,"04/2023
03/2024",80.0,FlashReport_June 2026
521,Andhra Pradesh,"04/2025
04/2025",0.06,FlashReport_June 2026
522,Andhra Pradesh,"10/2024
10/2024",0.17,FlashReport_June 2026
523,Andhra Pradesh,"04/2026
04/2026",0.01,FlashReport_June 2026
524,Andhra Pradesh,"05/2016
07/2014",75.01,FlashReport_June 2026
525,Andhra Pradesh,"03/2009
09/2013",30.02,FlashReport_June 2026
526,Andhra Pradesh,"03/2017
11/2017",94.05,FlashReport_June 2026
527,Andhra Pradesh,"08/2016
04/2018",96.0,FlashReport_June 2026
528,Assam,"09/2025
09/2025",0.0,FlashReport_June 2026
529,Assam,"09/2016
09/2016",95.16,FlashReport_June 2026
530,Assam,"09/2020
09/2018",89.0,FlashReport_June 2026
531,Assam,"09/2018
01/2022",0.0,FlashReport_June 2026
532,Assam,"09/2018
01/2022",0.0,FlashReport_June 2026
533,Bihar,"12/2023
08/1997",84.2,FlashReport_June 2026
534,Bihar,"06/2024
06/2024",0.0,FlashReport_June 2026
535,Bihar,"11/2024
11/2025",0.0,FlashReport_June 2026
536,Bihar,"04/2019
12/1998",55.7,FlashReport_June 2026
537,Bihar,"10/2007
10/2004",75.6,FlashReport_June 2026
538,Bihar,"06/2018
03/2009",46.9,FlashReport_June 2026
539,Bihar,"08/2002
03/2002",98.2,FlashReport_June 2026
540,Bihar,"06/2010
01/2011",86.5,FlashReport_June 2026
541,Bihar,"11/2015
12/2015",100.0,FlashReport_June 2026
542,Bihar,"03/2018
03/2017",93.0,FlashReport_June 2026
543,Bihar,"03/2018
03/2017",99.0,FlashReport_June 2026
544,Bihar,"03/2016
05/2017",98.5,FlashReport_June 2026
545,Bihar,"10/2022
08/2025",56.9,FlashReport_June 2026
546,Bihar,"03/2023
03/2023",0.1,FlashReport_June 2026
547,Chhattisgarh,"03/2016
01/2014",95.15,FlashReport_June 2026
548,Chhattisgarh,"02/2013
03/2013",96.17,FlashReport_June 2026
549,Chhattisgarh,"07/2011
05/2021",100.0,FlashReport_June 2026
550,Chhattisgarh,"12/2022
05/2024",15.0,FlashReport_June 2026
551,Chhattisgarh,"04/2025
04/2025",0.0,FlashReport_June 2026
552,Chhattisgarh,"07/2009
11/2009",98.0,FlashReport_June 2026
553,Chhattisgarh,"07/2009
12/2009",82.0,FlashReport_June 2026
554,Chhattisgarh,"04/2014
04/2014",83.36,FlashReport_June 2026
555,Chhattisgarh,"06/2022
04/2022",30.0,FlashReport_June 2026
556,Chhattisgarh,"09/2022
05/2024",18.0,FlashReport_June 2026
557,Chhattisgarh,"09/2022
05/2024",11.0,FlashReport_June 2026
558,Chhattisgarh,"09/2022
05/2024",36.0,FlashReport_June 2026
559,Chhattisgarh,"09/2022
05/2025",11.0,FlashReport_June 2026
560,Delhi,"01/2023
06/2024",6.0,FlashReport_June 2026
561,Delhi,"02/2008
03/2013",80.0,FlashReport_June 2026
562,Delhi,"03/2013
03/2013",23.0,FlashReport_June 2026
563,Goa,"NA
04/2026",0.0,FlashReport_June 2026
564,Gujarat,"07/2023
07/2022",9.0,FlashReport_June 2026
565,Gujarat,"02/2023
02/2023",5.0,FlashReport_June 2026
566,Gujarat,"05/2022
05/2022",17.0,FlashReport_June 2026
567,Gujarat,"02/2023
02/2023",12.0,FlashReport_June 2026
568,Gujarat,"05/2022
05/2022",31.0,FlashReport_June 2026
569,Gujarat,"08/2023
08/2023",45.0,FlashReport_June 2026
570,Gujarat,"05/2022
02/2023",53.0,FlashReport_June 2026
571,Gujarat,"11/2022
03/2023",10.0,FlashReport_June 2026
572,Gujarat,"01/2023
04/2023",88.0,FlashReport_June 2026
573,Gujarat,"02/2023
02/2023",22.0,FlashReport_June 2026
574,Gujarat,"01/2023
11/2023",32.5,FlashReport_June 2026
575,Gujarat,"07/2023
07/2023",16.0,FlashReport_June 2026
576,Gujarat,"09/2025
09/2025",0.0,FlashReport_June 2026
577,Gujarat,"12/2025
12/2025",0.0,FlashReport_June 2026
578,Gujarat,"01/2017
01/2017",45.0,FlashReport_June 2026
579,Gujarat,"09/2012
04/2008",64.0,FlashReport_June 2026
580,Gujarat,"10/2021
12/2021",82.0,FlashReport_June 2026
581,Gujarat,"05/2022
10/2023",8.0,FlashReport_June 2026
582,Gujarat,"10/2022
07/2025",22.0,FlashReport_June 2026
583,Haryana,"02/2023
02/2023",73.0,FlashReport_June 2026
584,Jharkhand,"06/2025
06/2025",0.0,FlashReport_June 2026
585,Jharkhand,"03/2019
03/2019",0.1,FlashReport_June 2026
586,Jharkhand,"01/2018
01/2018",66.7,FlashReport_June 2026
587,Jharkhand,"08/2021
03/2019",10.0,FlashReport_June 2026
588,Jharkhand,"11/2022
11/2022",72.0,FlashReport_June 2026
589,Karnataka,"03/2019
12/2025",0.5,FlashReport_June 2026
590,Karnataka,"04/2019
10/2019",56.8,FlashReport_June 2026
591,Karnataka,"03/2008
05/2009",71.0,FlashReport_June 2026
592,Karnataka,"02/1999
07/2026",0.0,FlashReport_June 2026
593,Karnataka,"04/2013
08/2017",36.5,FlashReport_June 2026
594,Karnataka,"01/2014
11/2016",84.8,FlashReport_June 2026
595,Karnataka,"01/1999
01/2000",4.7,FlashReport_June 2026
596,Karnataka,"10/2013
11/2012",36.5,FlashReport_June 2026
597,Karnataka,"10/2013
01/2017",16.0,FlashReport_June 2026
598,Karnataka,"02/2018
06/2022",85.9,FlashReport_June 2026
599,Karnataka,"09/2019
02/2023",13.9,FlashReport_June 2026
600,Karnataka,"06/2019
09/2022",0.0,FlashReport_June 2026
601,Karnataka,"10/2020
10/2020",20.02,FlashReport_June 2026
602,Karnataka,"09/2020
03/2025",0.0,FlashReport_June 2026
603,Kerala,"04/2023
04/2023",35.0,FlashReport_June 2026
604,Kerala,"04/2023
04/2023",28.0,FlashReport_June 2026
605,Madhya Pradesh,"01/2007
03/1998",74.0,FlashReport_June 2026
606,Madhya Pradesh,"11/2015
08/2017",88.0,FlashReport_June 2026
607,Madhya Pradesh,"03/2016
03/2017",81.25,FlashReport_June 2026
608,Madhya Pradesh,"03/2016
09/2017",95.0,FlashReport_June 2026
609,Madhya Pradesh,"08/2019
10/2020",41.0,FlashReport_June 2026
610,Madhya Pradesh,"10/2021
10/2021",100.0,FlashReport_June 2026
611,Maharashtra,"01/2019
04/2023",38.0,FlashReport_June 2026
612,Maharashtra,"12/2017
04/2008",50.0,FlashReport_June 2026
613,Maharashtra,"05/2023
05/2023",2.03,FlashReport_June 2026
614,Maharashtra,"08/2022
01/2026",10.0,FlashReport_June 2026
615,Maharashtra,"04/2023
07/2023",25.0,FlashReport_June 2026
616,Maharashtra,"04/2025
04/2025",2.0,FlashReport_June 2026
617,Maharashtra,"12/2023
12/2023",0.2,FlashReport_June 2026
618,Maharashtra,"10/2024
10/2024",0.0,FlashReport_June 2026
619,Maharashtra,"01/2025
01/2025",60.0,FlashReport_June 2026
620,Maharashtra,"01/1999
10/2002",93.0,FlashReport_June 2026
621,Maharashtra,"03/2016
03/1999",60.0,FlashReport_June 2026
622,Maharashtra,"05/2017
03/2012",68.0,FlashReport_June 2026
623,Maharashtra,"02/2008
04/2013",47.0,FlashReport_June 2026
624,Maharashtra,"09/2015
09/2015",73.0,FlashReport_June 2026
625,Maharashtra,"09/2015
05/2016",88.0,FlashReport_June 2026
626,Maharashtra,"03/2016
12/2016",86.0,FlashReport_June 2026
627,Maharashtra,"10/2017
03/2017",92.0,FlashReport_June 2026
628,Maharashtra,"04/2017
05/2018",88.0,FlashReport_June 2026
629,Maharashtra,"05/2017
04/2018",100.0,FlashReport_June 2026
630,Maharashtra,"08/2018
12/2023",22.0,FlashReport_June 2026
631,Maharashtra,"10/2019
04/2020",80.0,FlashReport_June 2026
632,Maharashtra,"05/2008
04/2008",90.0,FlashReport_June 2026
633,Maharashtra,"04/2019
04/2019",25.0,FlashReport_June 2026
634,Maharashtra,"11/2016
12/2016",75.0,FlashReport_June 2026
635,Manipur,"03/2013
12/2007",73.05,FlashReport_June 2026
636,Meghalaya,"04/2011
03/2010",2.04,FlashReport_June 2026
637,"Multi-States
(Andhra Pradesh,
Karnataka)","04/2012
10/2018",21.5,FlashReport_June 2026
638,"Multi-States
(Andhra Pradesh,
Karnataka)","03/2008
07/2010",73.0,FlashReport_June 2026
639,"Multi-States
(Andhra Pradesh,
Karnataka)","04/2016
04/2016",89.04,FlashReport_June 2026
640,"Multi-States
(Andhra Pradesh,
Maharashtra,
Telangana)","08/2023
08/2023",21.0,FlashReport_June 2026
641,"Multi-States
(Andhra Pradesh,
Odisha)","06/2016
11/2016",99.0,FlashReport_June 2026
642,"Multi-States
(Andhra Pradesh,
Odisha)","12/2015
01/2016",73.0,FlashReport_June 2026
643,"Multi-States
(Andhra Pradesh,
Tamil Nadu)","07/2008
10/2008",16.85,FlashReport_June 2026
644,"Multi-States
(Andhra Pradesh,
Telangana)","02/2024
03/2025",2.05,FlashReport_June 2026
645,"Multi-States
(Andhra Pradesh,
Telangana)","08/2023
08/2023",2.6,FlashReport_June 2026
646,"Multi-States
(Andhra Pradesh,
Telangana)","11/2024
11/2024",0.17,FlashReport_June 2026
647,"Multi-States
(Andhra Pradesh,
Telangana)","03/2013
08/2014",95.02,FlashReport_June 2026
648,"Multi-States
(Andhra Pradesh,
Telangana)","04/2016
04/2016",93.6,FlashReport_June 2026
649,"Multi-States
(Arunachal
Pradesh, Assam)","02/2011
03/2023",72.0,FlashReport_June 2026
650,"Multi-States
(Assam,
Meghalaya)","08/2010
03/2007",86.16,FlashReport_June 2026
651,"Multi-States
(Assam,
Nagaland)","02/2024
01/2025",12.5,FlashReport_June 2026
652,"Multi-States
(Assam,
Nagaland)","08/2015
02/2016",46.5,FlashReport_June 2026
653,"Multi-States
(Bihar, Delhi,
Jharkhand, Uttar
Pradesh, West
Bengal)","09/2019
09/2019",0.0,FlashReport_June 2026
654,"Multi-States
(Bihar, Jharkhand)","08/2023
08/2023",18.0,FlashReport_June 2026
655,"Multi-States
(Bihar, Jharkhand)","11/2004
03/2002",95.6,FlashReport_June 2026
656,"Multi-States
(Bihar, Jharkhand)","03/2014
03/2022",61.9,FlashReport_June 2026
657,"Multi-States
(Bihar, Uttar
Pradesh)","05/2022
06/2023",25.0,FlashReport_June 2026
658,"Multi-States
(Bihar, Uttar
Pradesh)","08/2023
03/2024",32.0,FlashReport_June 2026
659,"Multi-States
(Bihar, Uttar
Pradesh)","03/2013
12/2015",96.0,FlashReport_June 2026
660,"Multi-States
(Bihar, West
Bengal)","08/2022
08/2022",66.0,FlashReport_June 2026
661,"Multi-States
(Chhattisgarh,
Maharashtra)","10/2025
10/2025",1.0,FlashReport_June 2026
662,"Multi-States
(Chhattisgarh,
Maharashtra)","09/2016
12/2016",96.0,FlashReport_June 2026
663,"Multi-States
(Chhattisgarh,
Odisha)","09/2024
09/2024",5.0,FlashReport_June 2026
664,"Multi-States
(Chhattisgarh,
Odisha)","12/2015
03/2016",92.55,FlashReport_June 2026
665,"Multi-States
(Chhattisgarh,
Odisha)","09/2016
09/2016",97.0,FlashReport_June 2026
666,"Multi-States
(Dadra & Nagar
Haveli and Daman
& Diu, Gujarat,
Maharashtra)","03/2015
09/2017",60.87,FlashReport_June 2026
667,"Multi-States (Delhi,
Gujarat, Madhya
Pradesh,
Maharashtra,
Rajasthan)","09/2019
09/2019",66.32,FlashReport_June 2026
668,"Multi-States (Goa,
Karnataka)","03/2010
07/2012",86.14,FlashReport_June 2026
669,"Multi-States (Goa,
Karnataka)","07/2015
05/2018",99.7,FlashReport_June 2026
670,"Multi-States
(Gujarat, Haryana,
Maharashtra,
Rajasthan, Uttar
Pradesh)","02/2008
01/2012",96.0,FlashReport_June 2026
671,"Multi-States
(Gujarat, Madhya
Pradesh)","06/2012
06/2012",55.0,FlashReport_June 2026
672,"Multi-States
(Gujarat, Madhya
Pradesh)","11/2008
01/2014",80.5,FlashReport_June 2026
673,"Multi-States
(Gujarat,
Maharashtra)","09/2019
03/2023",93.0,FlashReport_June 2026
674,"Multi-States
(Gujarat,
Rajasthan)","07/2022
07/2022",45.0,FlashReport_June 2026
675,"Multi-States
(Gujarat,
Rajasthan)","02/2024
02/2024",36.0,FlashReport_June 2026
676,"Multi-States
(Haryana,
Himachal Pradesh)","02/2018
02/2018",44.0,FlashReport_June 2026
677,"Multi-States
(Haryana,
Rajasthan)","02/2023
12/2022",80.0,FlashReport_June 2026
678,"Multi-States
(Himachal
Pradesh, Punjab)","03/1983
05/1985",85.5,FlashReport_June 2026
679,"Multi-States
(Himachal
Pradesh, Punjab)","03/2009
04/2015",64.0,FlashReport_June 2026
680,"Multi-States
(Jharkhand,
Odisha)","03/2016
02/2017",94.0,FlashReport_June 2026
681,"Multi-States
(Jharkhand,
Odisha, West
Bengal)","08/2024
12/2024",0.0,FlashReport_June 2026
682,"Multi-States
(Jharkhand, West
Bengal)","09/2024
07/2025",0.0,FlashReport_June 2026
683,"Multi-States
(Jharkhand, West
Bengal)","09/2016
01/2018",98.0,FlashReport_June 2026
684,"Multi-States
(Karnataka, Tamil
Nadu)","04/2019
02/2019",88.3,FlashReport_June 2026
685,"Multi-States
(Kerala, Tamil
Nadu)","08/2017
03/2016",58.0,FlashReport_June 2026
686,"Multi-States
(Madhya Pradesh,
Maharashtra)","04/2008
03/2010",83.0,FlashReport_June 2026
687,"Multi-States
(Madhya Pradesh,
Maharashtra)","09/2016
09/2016",55.0,FlashReport_June 2026
688,"Multi-States
(Madhya Pradesh,
Rajasthan)","10/2015
05/2023",8.0,FlashReport_June 2026
689,"Multi-States
(Madhya Pradesh,
Rajasthan)","03/2011
07/2018",95.0,FlashReport_June 2026
690,"Multi-States
(Madhya Pradesh,
Rajasthan)","04/2017
09/2021",60.0,FlashReport_June 2026
691,"Multi-States
(Madhya Pradesh,
Rajasthan, Uttar
Pradesh)","12/2015
03/2018",96.71,FlashReport_June 2026
692,"Multi-States
(Madhya Pradesh,
Uttar Pradesh)","09/2016
03/2018",98.0,FlashReport_June 2026
693,"Multi-States
(Madhya Pradesh,
Uttar Pradesh)","03/2018
04/2019",73.0,FlashReport_June 2026
694,"Multi-States
(Maharashtra,
Telangana)","09/2016
10/2016",94.8,FlashReport_June 2026
695,"Multi-States
(Odisha, West
Bengal)","03/2019
03/2017",82.0,FlashReport_June 2026
696,"Multi-States
(Puducherry, Tamil
Nadu)","07/2008
01/2019",81.0,FlashReport_June 2026
697,"Multi-States
(Sikkim, West
Bengal)","10/2009
05/2010",80.0,FlashReport_June 2026
698,"Multi-States (Uttar
Pradesh, West
Bengal)","08/2017
12/2017",33.0,FlashReport_June 2026
699,Odisha,"10/2021
10/2021",40.0,FlashReport_June 2026
700,Odisha,"08/2022
07/2022",82.0,FlashReport_June 2026
701,Odisha,"08/2022
06/2022",53.0,FlashReport_June 2026
702,Odisha,"09/2022
06/2022",88.0,FlashReport_June 2026
703,Odisha,"01/2014
01/2014",67.0,FlashReport_June 2026
704,Odisha,"04/2023
04/2023",92.0,FlashReport_June 2026
705,Odisha,"09/2022
12/2023",45.0,FlashReport_June 2026
706,Odisha,"08/2024
09/2025",0.0,FlashReport_June 2026
707,Odisha,"08/2024
09/2025",0.0,FlashReport_June 2026
708,Odisha,"04/2023
10/2025",5.5,FlashReport_June 2026
709,Odisha,"08/2023
04/2025",10.5,FlashReport_June 2026
710,Odisha,"08/2024
04/2026",0.0,FlashReport_June 2026
711,Odisha,"08/2024
08/2025",0.0,FlashReport_June 2026
712,Odisha,"03/1994
03/2001",92.5,FlashReport_June 2026
713,Odisha,"03/2004
12/2004",57.0,FlashReport_June 2026
714,Odisha,"10/2015
04/2015",95.8,FlashReport_June 2026
715,Odisha,"12/2015
12/2015",67.67,FlashReport_June 2026
716,Odisha,"11/2015
12/2015",59.0,FlashReport_June 2026
717,Odisha,"07/2013
12/2015",90.0,FlashReport_June 2026
718,Odisha,"07/2017
04/2023",2.13,FlashReport_June 2026
719,Odisha,"09/2018
09/2019",0.0,FlashReport_June 2026
720,Odisha,"09/2022
05/2025",5.0,FlashReport_June 2026
721,Offshore,"08/2015
03/2011",75.0,FlashReport_June 2026
722,PAN India,"06/2020
04/2023",48.0,FlashReport_June 2026
723,Punjab,"NA
10/2022",99.0,FlashReport_June 2026
724,Punjab,"03/2019
12/2022",57.0,FlashReport_June 2026
725,Rajasthan,"01/2023
01/2023",73.0,FlashReport_June 2026
726,Rajasthan,"09/2022
06/2023",0.0,FlashReport_June 2026
727,Rajasthan,"02/2024
02/2024",8.0,FlashReport_June 2026
728,Rajasthan,"02/2024
02/2024",22.0,FlashReport_June 2026
729,Rajasthan,"01/2024
01/2024",95.0,FlashReport_June 2026
730,Rajasthan,"04/2025
04/2025",2.0,FlashReport_June 2026
731,Rajasthan,"03/2019
04/2024",15.0,FlashReport_June 2026
732,Rajasthan,"03/2022
04/2020",49.7,FlashReport_June 2026
733,Rajasthan,"04/2019
04/2019",95.0,FlashReport_June 2026
734,Rajasthan,"02/2024
04/2023",19.0,FlashReport_June 2026
735,Rajasthan,"06/2022
02/2021",56.0,FlashReport_June 2026
736,Rajasthan,"11/2021
01/2022",98.0,FlashReport_June 2026
737,Rajasthan,"12/2022
01/2023",77.0,FlashReport_June 2026
738,Tamil Nadu,"11/2007
11/2008",99.9,FlashReport_June 2026
739,Tamil Nadu,"05/2022
10/2022",0.0,FlashReport_June 2026
740,Tamil Nadu,"12/2017
07/2018",0.0,FlashReport_June 2026
741,Telangana,"08/2023
04/2025",0.06,FlashReport_June 2026
742,Telangana,"07/2016
02/2023",91.0,FlashReport_June 2026
743,Telangana,"09/2017
07/2017",0.0,FlashReport_June 2026
744,Telangana,"07/2016
01/2017",72.02,FlashReport_June 2026
745,Uttar Pradesh,"10/2018
03/2017",13.1,FlashReport_June 2026
746,Uttar Pradesh,"08/2019
03/2017",4.2,FlashReport_June 2026
747,Uttar Pradesh,"10/2024
10/2025",3.93,FlashReport_June 2026
748,Uttar Pradesh,"10/2023
11/2023",24.0,FlashReport_June 2026
749,Uttar Pradesh,"08/2023
01/2025",18.5,FlashReport_June 2026
750,Uttar Pradesh,"10/2022
05/2024",0.6,FlashReport_June 2026
751,Uttar Pradesh,"03/2023
02/2025",27.55,FlashReport_June 2026
752,Uttar Pradesh,"11/2017
07/2019",88.5,FlashReport_June 2026
753,Uttar Pradesh,"11/2017
03/2017",70.0,FlashReport_June 2026
754,Uttar Pradesh,"03/2017
11/2017",86.0,FlashReport_June 2026
755,Uttar Pradesh,"04/2019
10/2020",80.0,FlashReport_June 2026
756,Uttar Pradesh,"12/2015
03/2016",74.0,FlashReport_June 2026
757,Uttar Pradesh,"04/2019
09/2020",83.0,FlashReport_June 2026
758,Uttar Pradesh,"07/2020
04/2021",9.0,FlashReport_June 2026
759,Uttar Pradesh,"03/2018
03/2017",96.7,FlashReport_June 2026
760,Uttar Pradesh,"01/2019
04/2017",78.0,FlashReport_June 2026
761,Uttar Pradesh,"04/2020
02/2021",36.0,FlashReport_June 2026
762,Uttarakhand,"11/2016
08/2018",77.5,FlashReport_June 2026
763,West Bengal,"07/2015
11/2005",76.0,FlashReport_June 2026
764,West Bengal,"03/2001
02/2008",96.9,FlashReport_June 2026
765,West Bengal,"03/2010
10/2011",87.0,FlashReport_June 2026
766,West Bengal,"12/2010
12/2010",18.0,FlashReport_June 2026
767,West Bengal,"03/2024
12/2024",50.0,FlashReport_June 2026
768,West Bengal,"03/2010
04/2010",51.0,FlashReport_June 2026
769,West Bengal,"11/2010
03/2010",32.2,FlashReport_June 2026
770,West Bengal,"03/2010
03/2010",17.0,FlashReport_June 2026
771,"Andaman &
Nicobar","02/2018
03/2024",81.32,FlashReport_June 2026
772,"Andaman &
Nicobar","02/2018
05/2024",50.15,FlashReport_June 2026
773,"Andaman &
Nicobar","03/2015
05/2024",12.98,FlashReport_June 2026
774,Andhra Pradesh,"03/2023
03/2024",100.0,FlashReport_June 2026
775,Andhra Pradesh,"03/2022
05/2023",75.2,FlashReport_June 2026
776,Andhra Pradesh,"03/2020
11/2021",74.41,FlashReport_June 2026
777,Andhra Pradesh,"03/2023
12/2024",95.77,FlashReport_June 2026
778,Andhra Pradesh,"10/2024
09/2025",46.45,FlashReport_June 2026
779,Andhra Pradesh,"10/2024
07/2025",35.6,FlashReport_June 2026
780,Andhra Pradesh,"11/2016
05/2017",91.9,FlashReport_June 2026
781,Andhra Pradesh,"10/2022
11/2023",90.19,FlashReport_June 2026
782,Andhra Pradesh,"12/2021
05/2022",86.54,FlashReport_June 2026
783,Andhra Pradesh,"10/2024
08/2025",28.78,FlashReport_June 2026
784,Andhra Pradesh,"10/2024
08/2025",30.55,FlashReport_June 2026
785,Andhra Pradesh,"10/2024
04/2025",37.95,FlashReport_June 2026
786,Andhra Pradesh,"03/2022
10/2024",90.33,FlashReport_June 2026
787,Andhra Pradesh,"03/2018
09/2018",100.0,FlashReport_June 2026
788,Andhra Pradesh,"01/2024
04/2025",22.55,FlashReport_June 2026
789,Andhra Pradesh,"03/2018
08/2018",98.52,FlashReport_June 2026
790,Andhra Pradesh,"02/2016
05/2016",100.0,FlashReport_June 2026
791,Andhra Pradesh,"08/2016
01/2017",98.2,FlashReport_June 2026
792,Andhra Pradesh,"03/2016
09/2016",98.6,FlashReport_June 2026
793,Andhra Pradesh,"03/2023
01/2025",13.0,FlashReport_June 2026
794,Andhra Pradesh,"04/2020
11/2023",43.22,FlashReport_June 2026
795,Andhra Pradesh,"08/2020
10/2022",91.25,FlashReport_June 2026
796,Andhra Pradesh,"08/2020
07/2022",100.0,FlashReport_June 2026
797,Andhra Pradesh,"01/2018
10/2020",68.8,FlashReport_June 2026
798,Andhra Pradesh,"02/2021
06/2023",93.32,FlashReport_June 2026
799,Andhra Pradesh,"11/2020
10/2022",99.46,FlashReport_June 2026
800,Andhra Pradesh,"07/2024
03/2025",35.63,FlashReport_June 2026
801,Andhra Pradesh,"03/2025
10/2025",18.79,FlashReport_June 2026
802,Andhra Pradesh,"10/2018
01/2020",95.73,FlashReport_June 2026
803,Andhra Pradesh,"01/2018
01/2019",100.0,FlashReport_June 2026
804,Andhra Pradesh,"11/2017
03/2018",98.47,FlashReport_June 2026
805,Andhra Pradesh,"12/2022
03/2026",2.3,FlashReport_June 2026
806,Andhra Pradesh,"02/2021
02/2022",99.5,FlashReport_June 2026
807,Andhra Pradesh,"03/2020
01/2022",98.6,FlashReport_June 2026
808,Andhra Pradesh,"01/2023
02/2024",86.63,FlashReport_June 2026
809,Andhra Pradesh,"02/2023
02/2024",45.04,FlashReport_June 2026
810,Andhra Pradesh,"02/2022
02/2024",65.04,FlashReport_June 2026
811,Andhra Pradesh,"01/2023
02/2024",75.92,FlashReport_June 2026
812,Andhra Pradesh,"12/2022
03/2024",77.21,FlashReport_June 2026
813,Andhra Pradesh,"01/2023
03/2024",86.13,FlashReport_June 2026
814,Andhra Pradesh,"02/2023
02/2025",47.73,FlashReport_June 2026
815,Andhra Pradesh,"02/2023
02/2024",60.57,FlashReport_June 2026
816,Andhra Pradesh,"02/2023
03/2024",70.51,FlashReport_June 2026
817,Andhra Pradesh,"02/2023
02/2024",60.8,FlashReport_June 2026
818,Andhra Pradesh,"12/2020
09/2022",100.0,FlashReport_June 2026
819,Andhra Pradesh,"05/2022
09/2023",90.4,FlashReport_June 2026
820,Andhra Pradesh,"03/2022
10/2023",98.84,FlashReport_June 2026
821,Andhra Pradesh,"02/2022
01/2023",94.9,FlashReport_June 2026
822,Andhra Pradesh,"09/2022
08/2023",92.1,FlashReport_June 2026
823,Andhra Pradesh,"03/2018
12/2018",78.95,FlashReport_June 2026
824,Andhra Pradesh,"12/2024
02/2026",6.3,FlashReport_June 2026
825,Andhra Pradesh,"01/2023
02/2024",79.0,FlashReport_June 2026
826,Andhra Pradesh,"08/2022
09/2023",81.81,FlashReport_June 2026
827,Andhra Pradesh,"10/2022
07/2023",91.97,FlashReport_June 2026
828,Andhra Pradesh,"10/2022
08/2023",82.05,FlashReport_June 2026
829,Andhra Pradesh,"03/2024
12/2024",39.57,FlashReport_June 2026
830,Andhra Pradesh,"01/2020
02/2021",98.2,FlashReport_June 2026
831,Andhra Pradesh,"12/2022
03/2026",0.0,FlashReport_June 2026
832,Andhra Pradesh,"02/2021
03/2022",99.5,FlashReport_June 2026
833,Andhra Pradesh,"02/2021
10/2022",84.0,FlashReport_June 2026
834,Andhra Pradesh,"02/2023
02/2024",66.12,FlashReport_June 2026
835,Andhra Pradesh,"02/2023
02/2024",70.2,FlashReport_June 2026
836,Andhra Pradesh,"02/2023
02/2024",44.56,FlashReport_June 2026
837,Andhra Pradesh,"02/2023
02/2024",73.0,FlashReport_June 2026
838,Andhra Pradesh,"08/2022
10/2023",48.9,FlashReport_June 2026
839,Andhra Pradesh,"08/2022
12/2023",54.11,FlashReport_June 2026
840,Andhra Pradesh,"10/2022
07/2023",100.0,FlashReport_June 2026
841,Arunachal Pradesh,"03/2019
11/2020",96.61,FlashReport_June 2026
842,Arunachal Pradesh,"06/2020
12/2021",51.37,FlashReport_June 2026
843,Arunachal Pradesh,"02/2024
07/2025",1.7,FlashReport_June 2026
844,Arunachal Pradesh,"02/2024
03/2025",18.1,FlashReport_June 2026
845,Arunachal Pradesh,"02/2024
01/2025",54.11,FlashReport_June 2026
846,Arunachal Pradesh,"12/2023
05/2025",21.97,FlashReport_June 2026
847,Arunachal Pradesh,"01/2024
01/2025",39.8,FlashReport_June 2026
848,Arunachal Pradesh,"02/2017
10/2020",99.69,FlashReport_June 2026
849,Arunachal Pradesh,"02/2017
03/2018",82.32,FlashReport_June 2026
850,Arunachal Pradesh,"08/2020
06/2025",19.55,FlashReport_June 2026
851,Arunachal Pradesh,"12/2023
02/2026",11.74,FlashReport_June 2026
852,Arunachal Pradesh,"12/2023
06/2026",0.0,FlashReport_June 2026
853,Assam,"03/2022
04/2023",75.82,FlashReport_June 2026
854,Assam,"03/2024
04/2025",20.8,FlashReport_June 2026
855,Assam,"03/2023
02/2025",20.0,FlashReport_June 2026
856,Assam,"02/2024
09/2025",6.3,FlashReport_June 2026
857,Assam,"03/2025
12/2025",3.25,FlashReport_June 2026
858,Assam,"03/2023
12/2023",64.48,FlashReport_June 2026
859,Assam,"03/2023
12/2023",59.78,FlashReport_June 2026
860,Assam,"03/2023
12/2023",85.87,FlashReport_June 2026
861,Assam,"09/2021
11/2021",81.07,FlashReport_June 2026
862,Assam,"11/2023
12/2024",12.45,FlashReport_June 2026
863,Assam,"02/2024
02/2025",32.59,FlashReport_June 2026
864,Assam,"03/2020
06/2020",97.76,FlashReport_June 2026
865,Assam,"03/2023
08/2024",57.17,FlashReport_June 2026
866,Assam,"02/2024
08/2025",25.16,FlashReport_June 2026
867,Assam,"02/2024
02/2025",41.88,FlashReport_June 2026
868,Assam,"03/2024
03/2025",40.99,FlashReport_June 2026
869,Assam,"02/2024
04/2025",14.04,FlashReport_June 2026
870,Assam,"03/2024
09/2025",41.26,FlashReport_June 2026
871,Assam,"03/2023
02/2024",81.65,FlashReport_June 2026
872,Assam,"02/2023
01/2024",59.65,FlashReport_June 2026
873,Assam,"11/2021
01/2023",0.0,FlashReport_June 2026
874,Assam,"01/2023
11/2023",99.7,FlashReport_June 2026
875,Assam,"01/2024
01/2025",47.27,FlashReport_June 2026
876,Assam,"01/2023
12/2023",20.45,FlashReport_June 2026
877,Assam,"01/2023
05/2023",88.99,FlashReport_June 2026
878,Assam,"03/2023
08/2023",90.5,FlashReport_June 2026
879,Assam,"03/2023
08/2023",87.5,FlashReport_June 2026
880,Assam,"03/2023
08/2023",85.2,FlashReport_June 2026
881,Assam,"12/2023
03/2024",90.36,FlashReport_June 2026
882,Assam,"03/2022
11/2024",89.5,FlashReport_June 2026
883,Assam,"05/2019
12/2020",77.14,FlashReport_June 2026
884,Assam,"01/2016
10/2017",97.13,FlashReport_June 2026
885,Assam,"03/2015
12/2016",100.0,FlashReport_June 2026
886,Assam,"01/2016
09/2024",100.0,FlashReport_June 2026
887,Assam,"01/2016
01/2023",100.0,FlashReport_June 2026
888,Assam,"01/2024
02/2024",96.79,FlashReport_June 2026
889,Assam,"01/2016
10/2024",58.19,FlashReport_June 2026
890,Assam,"01/2016
10/2024",87.33,FlashReport_June 2026
891,Assam,"01/2024
02/2024",100.0,FlashReport_June 2026
892,Assam,"01/2024
02/2024",95.86,FlashReport_June 2026
893,Assam,"01/2024
02/2024",94.73,FlashReport_June 2026
894,Assam,"02/2020
12/2020",93.23,FlashReport_June 2026
895,Assam,"02/2020
09/2020",100.0,FlashReport_June 2026
896,Assam,"08/2024
01/2026",0.0,FlashReport_June 2026
897,Assam,"12/2017
05/2018",52.0,FlashReport_June 2026
898,Assam,"10/2014
10/2024",73.88,FlashReport_June 2026
899,Assam,"02/2023
02/2024",71.09,FlashReport_June 2026
900,Assam,"10/2014
10/2024",72.0,FlashReport_June 2026
901,Assam,"03/2022
01/2023",94.59,FlashReport_June 2026
902,Bihar,"03/2022
07/2023",86.02,FlashReport_June 2026
903,Bihar,"03/2021
11/2022",95.1,FlashReport_June 2026
904,Bihar,"01/2014
11/2016",97.0,FlashReport_June 2026
905,Bihar,"01/2014
10/2016",99.74,FlashReport_June 2026
906,Bihar,"03/2023
07/2024",62.0,FlashReport_June 2026
907,Bihar,"02/2022
06/2026",2.0,FlashReport_June 2026
908,Bihar,"02/2016
05/2016",98.65,FlashReport_June 2026
909,Bihar,"02/2024
08/2024",53.0,FlashReport_June 2026
910,Bihar,"02/2022
05/2023",95.0,FlashReport_June 2026
911,Bihar,"01/2022
05/2025",7.0,FlashReport_June 2026
912,Bihar,"09/2022
01/2026",4.0,FlashReport_June 2026
913,Bihar,"02/2022
06/2023",93.0,FlashReport_June 2026
914,Bihar,"11/2022
12/2024",58.1,FlashReport_June 2026
915,Bihar,"01/2022
10/2024",37.0,FlashReport_June 2026
916,Bihar,"02/2019
03/2021",74.93,FlashReport_June 2026
917,Bihar,"09/2018
06/2021",97.5,FlashReport_June 2026
918,Bihar,"07/2020
05/2023",51.91,FlashReport_June 2026
919,Bihar,"01/2024
05/2024",17.24,FlashReport_June 2026
920,Bihar,"03/2023
09/2025",7.89,FlashReport_June 2026
921,Bihar,"11/2021
07/2022",64.05,FlashReport_June 2026
922,Bihar,"04/2022
12/2023",83.0,FlashReport_June 2026
923,Bihar,"03/2023
09/2025",23.77,FlashReport_June 2026
924,Bihar,"03/2023
10/2025",25.37,FlashReport_June 2026
925,Bihar,"03/2023
10/2025",22.0,FlashReport_June 2026
926,Bihar,"09/2022
09/2023",21.21,FlashReport_June 2026
927,Bihar,"02/2022
03/2023",54.1,FlashReport_June 2026
928,Bihar,"02/2022
07/2023",50.15,FlashReport_June 2026
929,Bihar,"03/2022
02/2023",33.48,FlashReport_June 2026
930,Bihar,"01/2025
04/2026",0.5,FlashReport_June 2026
931,Bihar,"03/2025
10/2025",24.84,FlashReport_June 2026
932,Bihar,"03/2023
10/2024",46.1,FlashReport_June 2026
933,Bihar,"10/2024
01/2026",26.6,FlashReport_June 2026
934,Bihar,"12/2015
10/2016",97.72,FlashReport_June 2026
935,Bihar,"10/2021
06/2022",95.72,FlashReport_June 2026
936,Bihar,"09/2020
04/2021",97.85,FlashReport_June 2026
937,Bihar,"09/2020
12/2021",99.14,FlashReport_June 2026
938,Bihar,"02/2017
12/2019",90.07,FlashReport_June 2026
939,Bihar,"03/2017
12/2018",94.0,FlashReport_June 2026
940,Bihar,"07/2010
01/2011",89.81,FlashReport_June 2026
941,Bihar,"02/2024
08/2024",73.26,FlashReport_June 2026
942,Bihar,"10/2022
03/2024",61.12,FlashReport_June 2026
943,Bihar,"07/2023
03/2024",87.03,FlashReport_June 2026
944,Bihar,"08/2022
11/2024",10.33,FlashReport_June 2026
945,Bihar,"02/2019
02/2020",91.99,FlashReport_June 2026
946,Bihar,"08/2022
01/2025",21.5,FlashReport_June 2026
947,Bihar,"01/2018
11/2019",99.8,FlashReport_June 2026
948,Bihar,"02/2024
10/2024",25.03,FlashReport_June 2026
949,Bihar,"03/2022
03/2024",29.13,FlashReport_June 2026
950,Bihar,"06/2022
02/2024",100.0,FlashReport_June 2026
951,Bihar,"12/2015
06/2017",99.95,FlashReport_June 2026
952,Bihar,"10/2022
12/2023",99.5,FlashReport_June 2026
953,Bihar,"01/2021
03/2022",82.72,FlashReport_June 2026
954,Bihar,"07/2013
12/2018",99.99,FlashReport_June 2026
955,Bihar,"01/2021
04/2022",77.3,FlashReport_June 2026
956,Bihar,"02/2021
03/2022",95.31,FlashReport_June 2026
957,Bihar,"08/2010
08/2010",99.45,FlashReport_June 2026
958,Chhattisgarh,"01/2024
04/2025",42.0,FlashReport_June 2026
959,Chhattisgarh,"03/2018
01/2019",97.9,FlashReport_June 2026
960,Chhattisgarh,"12/2022
03/2025",70.0,FlashReport_June 2026
961,Chhattisgarh,"12/2022
12/2024",0.0,FlashReport_June 2026
962,Chhattisgarh,"03/2022
05/2025",33.58,FlashReport_June 2026
963,Chhattisgarh,"03/2022
07/2024",60.0,FlashReport_June 2026
964,Chhattisgarh,"03/2022
05/2025",26.26,FlashReport_June 2026
965,Chhattisgarh,"03/2022
07/2024",60.0,FlashReport_June 2026
966,Chhattisgarh,"03/2022
01/2024",11.0,FlashReport_June 2026
967,Chhattisgarh,"06/2022
07/2023",74.93,FlashReport_June 2026
968,Chhattisgarh,"06/2022
06/2023",73.96,FlashReport_June 2026
969,Chhattisgarh,"04/2020
03/2022",94.81,FlashReport_June 2026
970,Chhattisgarh,"03/2022
02/2024",80.05,FlashReport_June 2026
971,Chhattisgarh,"08/2024
04/2026",0.0,FlashReport_June 2026
972,Chhattisgarh,"11/2021
09/2022",99.35,FlashReport_June 2026
973,Chhattisgarh,"12/2021
01/2023",100.0,FlashReport_June 2026
974,Chhattisgarh,"03/2022
10/2023",66.8,FlashReport_June 2026
975,Chhattisgarh,"02/2021
01/2022",98.75,FlashReport_June 2026
976,Chhattisgarh,"06/2025
06/2026",0.0,FlashReport_June 2026
977,Chhattisgarh,"10/2015
04/2016",100.0,FlashReport_June 2026
978,Chhattisgarh,"12/2019
12/2020",93.1,FlashReport_June 2026
979,Chhattisgarh,"03/2026
06/2026",0.0,FlashReport_June 2026
980,"Dadra & Nagar
Haveli and Daman
& Diu","10/2022
02/2024",80.0,FlashReport_June 2026
981,Delhi,"07/2020
10/2021",99.99,FlashReport_June 2026
982,Delhi,"01/2018
10/2019",100.0,FlashReport_June 2026
983,Delhi,"03/2018
09/2020",98.8,FlashReport_June 2026
984,Goa,"07/2024
02/2026",0.5,FlashReport_June 2026
985,Goa,"04/2023
04/2024",97.1,FlashReport_June 2026
986,Goa,"12/2024
04/2026",0.0,FlashReport_June 2026
987,Goa,"01/2024
08/2024",57.3,FlashReport_June 2026
988,Gujarat,"10/2022
01/2025",35.0,FlashReport_June 2026
989,Gujarat,"03/2024
08/2025",30.0,FlashReport_June 2026
990,Gujarat,"03/2024
08/2025",44.0,FlashReport_June 2026
991,Gujarat,"03/2024
09/2025",35.0,FlashReport_June 2026
992,Gujarat,"03/2022
03/2024",98.0,FlashReport_June 2026
993,Gujarat,"03/2023
06/2024",90.0,FlashReport_June 2026
994,Gujarat,"12/2022
02/2024",74.0,FlashReport_June 2026
995,Gujarat,"02/2024
12/2025",16.0,FlashReport_June 2026
996,Gujarat,"09/2022
12/2023",63.0,FlashReport_June 2026
997,Gujarat,"09/2020
12/2022",81.6,FlashReport_June 2026
998,Gujarat,"09/2020
11/2021",100.0,FlashReport_June 2026
999,Gujarat,"11/2019
05/2021",100.0,FlashReport_June 2026
1000,Gujarat,"02/2018
11/2019",91.34,FlashReport_June 2026
1001,Gujarat,"07/2023
08/2024",4.85,FlashReport_June 2026
1002,Gujarat,"07/2023
04/2024",21.75,FlashReport_June 2026
1003,Gujarat,"05/2020
07/2021",100.0,FlashReport_June 2026
1004,Gujarat,"05/2020
12/2021",97.99,FlashReport_June 2026
1005,Gujarat,"06/2024
08/2024",91.8,FlashReport_June 2026
1006,Gujarat,"03/2024
01/2025",48.73,FlashReport_June 2026
1007,Gujarat,"01/2023
12/2023",64.52,FlashReport_June 2026
1008,Gujarat,"02/2020
03/2021",99.7,FlashReport_June 2026
1009,Gujarat,"03/2024
02/2025",32.1,FlashReport_June 2026
1010,Gujarat,"03/2022
01/2023",96.0,FlashReport_June 2026
1011,Gujarat,"02/2016
02/2018",98.79,FlashReport_June 2026
1012,Gujarat,"12/2021
03/2023",87.12,FlashReport_June 2026
1013,Gujarat,"03/2023
11/2025",23.82,FlashReport_June 2026
1014,Gujarat,"03/2023
11/2025",7.59,FlashReport_June 2026
1015,Gujarat,"03/2025
05/2026",4.0,FlashReport_June 2026
1016,Gujarat,"03/2022
09/2023",73.08,FlashReport_June 2026
1017,Gujarat,"02/2016
02/2017",100.0,FlashReport_June 2026
1018,Gujarat,"02/2016
03/2017",97.93,FlashReport_June 2026
1019,Gujarat,"09/2020
02/2022",97.21,FlashReport_June 2026
1020,Haryana,"12/2020
12/2021",99.91,FlashReport_June 2026
1021,Haryana,"12/2020
01/2022",99.89,FlashReport_June 2026
1022,Haryana,"05/2024
05/2025",56.05,FlashReport_June 2026
1023,Haryana,"01/2019
07/2020",97.86,FlashReport_June 2026
1024,Haryana,"03/2022
06/2023",87.05,FlashReport_June 2026
1025,Haryana,"11/2022
12/2023",99.5,FlashReport_June 2026
1026,Haryana,"03/2022
02/2023",67.8,FlashReport_June 2026
1027,Haryana,"02/2023
10/2023",88.77,FlashReport_June 2026
1028,Haryana,"01/2019
07/2020",99.97,FlashReport_June 2026
1029,Haryana,"05/2020
11/2021",76.98,FlashReport_June 2026
1030,Haryana,"11/2022
08/2023",96.42,FlashReport_June 2026
1031,Himachal Pradesh,"04/2020
03/2021",98.38,FlashReport_June 2026
1032,Himachal Pradesh,"06/2021
06/2024",22.26,FlashReport_June 2026
1033,Himachal Pradesh,"03/2021
07/2023",23.24,FlashReport_June 2026
1034,Himachal Pradesh,"03/2021
05/2023",60.02,FlashReport_June 2026
1035,Himachal Pradesh,"08/2020
10/2022",70.39,FlashReport_June 2026
1036,Himachal Pradesh,"08/2020
06/2022",93.61,FlashReport_June 2026
1037,Himachal Pradesh,"08/2020
11/2023",58.0,FlashReport_June 2026
1038,Himachal Pradesh,"06/2023
03/2026",0.0,FlashReport_June 2026
1039,Himachal Pradesh,"03/2016
01/2018",100.0,FlashReport_June 2026
1040,Himachal Pradesh,"06/2017
03/2018",95.65,FlashReport_June 2026
1041,Himachal Pradesh,"02/2022
06/2022",100.0,FlashReport_June 2026
1042,Himachal Pradesh,"03/2022
09/2023",98.58,FlashReport_June 2026
1043,Himachal Pradesh,"06/2022
11/2024",99.19,FlashReport_June 2026
1044,Himachal Pradesh,"07/2022
03/2024",54.91,FlashReport_June 2026
1045,Himachal Pradesh,"02/2023
03/2025",34.57,FlashReport_June 2026
1046,Himachal Pradesh,"03/2022
04/2023",95.72,FlashReport_June 2026
1047,Himachal Pradesh,"03/2021
12/2022",97.45,FlashReport_June 2026
1048,Himachal Pradesh,"08/2022
10/2023",93.25,FlashReport_June 2026
1049,Himachal Pradesh,"01/2024
05/2025",30.43,FlashReport_June 2026
1050,Himachal Pradesh,"06/2025
06/2026",0.0,FlashReport_June 2026
1051,Himachal Pradesh,"03/2022
04/2023",63.14,FlashReport_June 2026
1052,Himachal Pradesh,"04/2022
03/2024",63.17,FlashReport_June 2026
1053,Himachal Pradesh,"03/2018
11/2018",90.11,FlashReport_June 2026
1054,Himachal Pradesh,"03/2021
05/2022",67.66,FlashReport_June 2026
1055,"Jammu and
Kashmir","03/2024
01/2026",3.0,FlashReport_June 2026
1056,"Jammu and
Kashmir","09/2023
11/2024",51.0,FlashReport_June 2026
1057,"Jammu and
Kashmir","03/2023
09/2024",46.8,FlashReport_June 2026
1058,"Jammu and
Kashmir","03/2023
08/2024",57.0,FlashReport_June 2026
1059,"Jammu and
Kashmir","11/2021
06/2023",54.89,FlashReport_June 2026
1060,"Jammu and
Kashmir","06/2022
08/2023",85.5,FlashReport_June 2026
1061,"Jammu and
Kashmir","03/2024
11/2024",41.7,FlashReport_June 2026
1062,"Jammu and
Kashmir","09/2021
07/2024",50.03,FlashReport_June 2026
1063,"Jammu and
Kashmir","10/2022
01/2024",71.27,FlashReport_June 2026
1064,"Jammu and
Kashmir","03/2020
09/2021",90.06,FlashReport_June 2026
1065,"Jammu and
Kashmir","03/2020
08/2021",92.1,FlashReport_June 2026
1066,"Jammu and
Kashmir","07/2021
07/2022",89.2,FlashReport_June 2026
1067,"Jammu and
Kashmir","07/2020
11/2022",95.27,FlashReport_June 2026
1068,"Jammu and
Kashmir","07/2020
10/2020",94.26,FlashReport_June 2026
1069,"Jammu and
Kashmir","03/2021
08/2021",53.49,FlashReport_June 2026
1070,"Jammu and
Kashmir","03/2018
11/2018",94.06,FlashReport_June 2026
1071,"Jammu and
Kashmir","07/2020
10/2020",96.95,FlashReport_June 2026
1072,"Jammu and
Kashmir","03/2021
08/2021",50.64,FlashReport_June 2026
1073,"Jammu and
Kashmir","03/2021
07/2021",98.55,FlashReport_June 2026
1074,"Jammu and
Kashmir","03/2018
07/2019",92.21,FlashReport_June 2026
1075,"Jammu and
Kashmir","03/2018
01/2023",75.29,FlashReport_June 2026
1076,"Jammu and
Kashmir","10/2021
09/2022",89.52,FlashReport_June 2026
1077,"Jammu and
Kashmir","06/2022
06/2023",66.17,FlashReport_June 2026
1078,"Jammu and
Kashmir","09/2021
09/2022",94.14,FlashReport_June 2026
1079,"Jammu and
Kashmir","12/2022
11/2023",67.5,FlashReport_June 2026
1080,"Jammu and
Kashmir","03/2021
08/2021",88.5,FlashReport_June 2026
1081,"Jammu and
Kashmir","12/2024
05/2026",0.0,FlashReport_June 2026
1082,"Jammu and
Kashmir","07/2021
08/2022",30.5,FlashReport_June 2026
1083,"Jammu and
Kashmir","07/2021
02/2022",87.1,FlashReport_June 2026
1084,"Jammu and
Kashmir","07/2021
02/2022",42.8,FlashReport_June 2026
1085,"Jammu and
Kashmir","11/2022
12/2023",53.28,FlashReport_June 2026
1086,"Jammu and
Kashmir","11/2022
06/2023",83.87,FlashReport_June 2026
1087,"Jammu and
Kashmir","06/2022
12/2022",74.63,FlashReport_June 2026
1088,"Jammu and
Kashmir","03/2024
08/2024",64.18,FlashReport_June 2026
1089,"Jammu and
Kashmir","03/2021
08/2021",99.97,FlashReport_June 2026
1090,Jharkhand,"01/2022
01/2023",87.0,FlashReport_June 2026
1091,Jharkhand,"02/2020
08/2021",95.0,FlashReport_June 2026
1092,Jharkhand,"03/2022
08/2023",0.01,FlashReport_June 2026
1093,Jharkhand,"03/2023
11/2025",10.4,FlashReport_June 2026
1094,Jharkhand,"05/2022
01/2024",52.14,FlashReport_June 2026
1095,Jharkhand,"01/2025
02/2026",0.0,FlashReport_June 2026
1096,Jharkhand,"01/2025
09/2025",16.1,FlashReport_June 2026
1097,Jharkhand,"08/2024
02/2026",5.73,FlashReport_June 2026
1098,Jharkhand,"03/2020
04/2022",99.89,FlashReport_June 2026
1099,Jharkhand,"02/2022
06/2023",86.57,FlashReport_June 2026
1100,Jharkhand,"02/2022
06/2023",78.1,FlashReport_June 2026
1101,Jharkhand,"03/2023
07/2026",0.0,FlashReport_June 2026
1102,Jharkhand,"03/2023
05/2026",3.96,FlashReport_June 2026
1103,Jharkhand,"03/2023
07/2026",0.0,FlashReport_June 2026
1104,Jharkhand,"03/2024
09/2024",46.79,FlashReport_June 2026
1105,Jharkhand,"01/2025
12/2025",0.0,FlashReport_June 2026
1106,Jharkhand,"10/2022
11/2023",76.95,FlashReport_June 2026
1107,Jharkhand,"03/2023
10/2024",27.9,FlashReport_June 2026
1108,Jharkhand,"02/2024
01/2026",9.66,FlashReport_June 2026
1109,Jharkhand,"02/2017
11/2019",98.5,FlashReport_June 2026
1110,Jharkhand,"03/2018
12/2021",91.83,FlashReport_June 2026
1111,Jharkhand,"09/2022
12/2023",90.02,FlashReport_June 2026
1112,Jharkhand,"11/2024
01/2026",9.0,FlashReport_June 2026
1113,Jharkhand,"03/2023
01/2026",12.0,FlashReport_June 2026
1114,Karnataka,"08/2020
06/2021",65.0,FlashReport_June 2026
1115,Karnataka,"11/2022
07/2025",20.0,FlashReport_June 2026
1116,Karnataka,"03/2023
01/2026",10.0,FlashReport_June 2026
1117,Karnataka,"03/2022
03/2023",84.0,FlashReport_June 2026
1118,Karnataka,"03/2019
05/2019",69.0,FlashReport_June 2026
1119,Karnataka,"03/2023
02/2026",6.0,FlashReport_June 2026
1120,Karnataka,"03/2022
02/2023",83.0,FlashReport_June 2026
1121,Karnataka,"03/2023
10/2024",69.54,FlashReport_June 2026
1122,Karnataka,"03/2022
10/2022",100.0,FlashReport_June 2026
1123,Karnataka,"02/2023
03/2024",90.0,FlashReport_June 2026
1124,Karnataka,"02/2023
06/2025",36.0,FlashReport_June 2026
1125,Karnataka,"01/2022
01/2023",81.62,FlashReport_June 2026
1126,Karnataka,"02/2022
11/2022",0.0,FlashReport_June 2026
1127,Karnataka,"01/2021
12/2021",98.0,FlashReport_June 2026
1128,Karnataka,"03/2023
07/2025",48.5,FlashReport_June 2026
1129,Karnataka,"03/2022
01/2023",96.0,FlashReport_June 2026
1130,Karnataka,"02/2023
09/2024",71.0,FlashReport_June 2026
1131,Karnataka,"01/2022
12/2022",88.33,FlashReport_June 2026
1132,Karnataka,"01/2023
03/2024",65.0,FlashReport_June 2026
1133,Karnataka,"03/2023
04/2026",0.0,FlashReport_June 2026
1134,Karnataka,"02/2023
01/2025",60.21,FlashReport_June 2026
1135,Karnataka,"03/2023
05/2026",0.0,FlashReport_June 2026
1136,Karnataka,"01/2023
02/2024",65.0,FlashReport_June 2026
1137,Karnataka,"12/2022
08/2025",12.0,FlashReport_June 2026
1138,Karnataka,"01/2024
11/2025",23.16,FlashReport_June 2026
1139,Karnataka,"12/2021
03/2023",83.19,FlashReport_June 2026
1140,Karnataka,"01/2017
01/2018",98.87,FlashReport_June 2026
1141,Karnataka,"08/2020
04/2021",99.2,FlashReport_June 2026
1142,Karnataka,"02/2022
12/2022",79.87,FlashReport_June 2026
1143,Karnataka,"03/2023
11/2024",53.8,FlashReport_June 2026
1144,Karnataka,"01/2024
04/2025",22.5,FlashReport_June 2026
1145,Karnataka,"02/2024
03/2025",48.8,FlashReport_June 2026
1146,Karnataka,"02/2024
08/2024",38.08,FlashReport_June 2026
1147,Karnataka,"12/2020
11/2021",94.21,FlashReport_June 2026
1148,Karnataka,"02/2018
05/2019",99.19,FlashReport_June 2026
1149,Karnataka,"11/2024
01/2026",9.67,FlashReport_June 2026
1150,Karnataka,"03/2023
05/2023",91.67,FlashReport_June 2026
1151,Karnataka,"03/2018
12/2020",94.98,FlashReport_June 2026
1152,Karnataka,"02/2023
04/2025",24.27,FlashReport_June 2026
1153,Karnataka,"02/2023
12/2025",13.61,FlashReport_June 2026
1154,Karnataka,"02/2023
04/2025",18.13,FlashReport_June 2026
1155,Karnataka,"01/2023
04/2025",16.45,FlashReport_June 2026
1156,Karnataka,"01/2019
10/2021",83.78,FlashReport_June 2026
1157,Karnataka,"03/2021
10/2022",76.1,FlashReport_June 2026
1158,Karnataka,"12/2020
09/2021",99.8,FlashReport_June 2026
1159,Karnataka,"03/2021
08/2022",61.16,FlashReport_June 2026
1160,Karnataka,"02/2022
02/2023",94.89,FlashReport_June 2026
1161,Karnataka,"02/2020
02/2021",99.2,FlashReport_June 2026
1162,Karnataka,"07/2012
03/2014",97.94,FlashReport_June 2026
1163,Karnataka,"03/2023
11/2024",37.9,FlashReport_June 2026
1164,Karnataka,"02/2024
09/2025",13.18,FlashReport_June 2026
1165,Karnataka,"02/2024
06/2025",38.45,FlashReport_June 2026
1166,Karnataka,"12/2015
03/2017",97.8,FlashReport_June 2026
1167,Karnataka,"02/2018
12/2019",99.19,FlashReport_June 2026
1168,Karnataka,"09/2021
03/2022",24.7,FlashReport_June 2026
1169,Karnataka,"04/2016
08/2017",99.7,FlashReport_June 2026
1170,Karnataka,"03/2018
03/2019",75.63,FlashReport_June 2026
1171,Karnataka,"03/2022
04/2023",73.9,FlashReport_June 2026
1172,Karnataka,"04/2020
01/2021",82.34,FlashReport_June 2026
1173,Karnataka,"02/2018
10/2019",100.0,FlashReport_June 2026
1174,Karnataka,"02/2018
10/2019",99.98,FlashReport_June 2026
1175,Karnataka,"02/2018
03/2021",98.0,FlashReport_June 2026
1176,Kerala,"02/2017
08/2017",98.0,FlashReport_June 2026
1177,Kerala,"06/2020
10/2021",90.82,FlashReport_June 2026
1178,Kerala,"08/2020
11/2021",83.4,FlashReport_June 2026
1179,Kerala,"10/2020
10/2021",60.07,FlashReport_June 2026
1180,Kerala,"03/2020
12/2020",100.0,FlashReport_June 2026
1181,Kerala,"01/2021
01/2022",100.0,FlashReport_June 2026
1182,Kerala,"02/2021
01/2022",100.0,FlashReport_June 2026
1183,Kerala,"06/2021
09/2022",95.27,FlashReport_June 2026
1184,Kerala,"06/2021
09/2022",94.55,FlashReport_June 2026
1185,Kerala,"11/2021
10/2022",70.99,FlashReport_June 2026
1186,Kerala,"08/2022
02/2023",91.27,FlashReport_June 2026
1187,Kerala,"09/2021
03/2022",80.85,FlashReport_June 2026
1188,Kerala,"12/2021
08/2022",71.2,FlashReport_June 2026
1189,Kerala,"06/2021
04/2022",73.89,FlashReport_June 2026
1190,Kerala,"09/2022
06/2023",66.88,FlashReport_June 2026
1191,Kerala,"02/2018
02/2021",98.75,FlashReport_June 2026
1192,Kerala,"06/2020
10/2021",86.65,FlashReport_June 2026
1193,Kerala,"06/2021
10/2022",81.8,FlashReport_June 2026
1194,Kerala,"12/2021
07/2022",44.34,FlashReport_June 2026
1195,Ladakh,"03/2021
07/2021",95.02,FlashReport_June 2026
1196,Ladakh,"03/2021
07/2021",89.3,FlashReport_June 2026
1197,Ladakh,"03/2021
07/2021",84.68,FlashReport_June 2026
1198,Madhya Pradesh,"03/2024
02/2025",50.0,FlashReport_June 2026
1199,Madhya Pradesh,"03/2015
08/2015",94.5,FlashReport_June 2026
1200,Madhya Pradesh,"03/2022
01/2024",32.52,FlashReport_June 2026
1201,Madhya Pradesh,"01/2022
09/2023",100.0,FlashReport_June 2026
1202,Madhya Pradesh,"03/2022
05/2023",89.0,FlashReport_June 2026
1203,Madhya Pradesh,"03/2022
02/2023",67.57,FlashReport_June 2026
1204,Madhya Pradesh,"02/2024
12/2025",31.29,FlashReport_June 2026
1205,Madhya Pradesh,"03/2023
11/2024",54.25,FlashReport_June 2026
1206,Madhya Pradesh,"03/2023
11/2024",40.02,FlashReport_June 2026
1207,Madhya Pradesh,"03/2022
01/2024",88.0,FlashReport_June 2026
1208,Madhya Pradesh,"02/2024
03/2026",0.0,FlashReport_June 2026
1209,Madhya Pradesh,"03/2022
10/2023",60.0,FlashReport_June 2026
1210,Madhya Pradesh,"12/2021
04/2023",89.07,FlashReport_June 2026
1211,Madhya Pradesh,"03/2023
12/2024",86.03,FlashReport_June 2026
1212,Madhya Pradesh,"02/2023
10/2024",73.5,FlashReport_June 2026
1213,Madhya Pradesh,"03/2023
12/2024",79.0,FlashReport_June 2026
1214,Madhya Pradesh,"03/2023
12/2024",15.49,FlashReport_June 2026
1215,Madhya Pradesh,"03/2023
03/2024",41.59,FlashReport_June 2026
1216,Madhya Pradesh,"03/2022
01/2024",57.26,FlashReport_June 2026
1217,Madhya Pradesh,"03/2025
01/2026",0.0,FlashReport_June 2026
1218,Madhya Pradesh,"08/2022
01/2023",79.72,FlashReport_June 2026
1219,Madhya Pradesh,"03/2022
01/2023",87.3,FlashReport_June 2026
1220,Madhya Pradesh,"01/2021
04/2022",90.5,FlashReport_June 2026
1221,Madhya Pradesh,"11/2022
02/2024",90.1,FlashReport_June 2026
1222,Madhya Pradesh,"11/2022
10/2023",63.79,FlashReport_June 2026
1223,Madhya Pradesh,"03/2024
08/2024",98.26,FlashReport_June 2026
1224,Madhya Pradesh,"10/2024
11/2025",17.11,FlashReport_June 2026
1225,Madhya Pradesh,"10/2024
03/2026",11.1,FlashReport_June 2026
1226,Madhya Pradesh,"09/2022
12/2023",90.04,FlashReport_June 2026
1227,Madhya Pradesh,"02/2022
11/2022",92.05,FlashReport_June 2026
1228,Madhya Pradesh,"08/2022
08/2024",95.66,FlashReport_June 2026
1229,Madhya Pradesh,"10/2024
10/2025",34.92,FlashReport_June 2026
1230,Madhya Pradesh,"03/2025
12/2025",12.07,FlashReport_June 2026
1231,Madhya Pradesh,"10/2024
11/2025",33.14,FlashReport_June 2026
1232,Madhya Pradesh,"11/2022
03/2024",75.61,FlashReport_June 2026
1233,Madhya Pradesh,"09/2022
03/2024",79.8,FlashReport_June 2026
1234,Madhya Pradesh,"08/2022
03/2024",79.63,FlashReport_June 2026
1235,Madhya Pradesh,"09/2022
03/2023",89.72,FlashReport_June 2026
1236,Madhya Pradesh,"10/2024
10/2025",30.26,FlashReport_June 2026
1237,Madhya Pradesh,"01/2022
11/2022",93.84,FlashReport_June 2026
1238,Madhya Pradesh,"12/2021
09/2022",99.0,FlashReport_June 2026
1239,Madhya Pradesh,"10/2022
09/2023",69.04,FlashReport_June 2026
1240,Madhya Pradesh,"08/2017
02/2018",100.0,FlashReport_June 2026
1241,Madhya Pradesh,"08/2023
04/2024",84.44,FlashReport_June 2026
1242,Madhya Pradesh,"02/2024
01/2026",22.96,FlashReport_June 2026
1243,Madhya Pradesh,"03/2024
02/2026",17.5,FlashReport_June 2026
1244,Madhya Pradesh,"03/2024
08/2025",27.25,FlashReport_June 2026
1245,Madhya Pradesh,"02/2024
03/2025",50.13,FlashReport_June 2026
1246,Madhya Pradesh,"03/2025
01/2026",10.9,FlashReport_June 2026
1247,Madhya Pradesh,"02/2024
08/2025",20.09,FlashReport_June 2026
1248,Madhya Pradesh,"03/2023
01/2026",0.0,FlashReport_June 2026
1249,Madhya Pradesh,"01/2020
08/2021",99.8,FlashReport_June 2026
1250,Madhya Pradesh,"01/2023
03/2024",40.25,FlashReport_June 2026
1251,Maharashtra,"03/2024
10/2025",8.24,FlashReport_June 2026
1252,Maharashtra,"03/2022
07/2023",70.14,FlashReport_June 2026
1253,Maharashtra,"07/2017
09/2017",95.84,FlashReport_June 2026
1254,Maharashtra,"11/2024
04/2026",12.0,FlashReport_June 2026
1255,Maharashtra,"12/2024
09/2025",20.0,FlashReport_June 2026
1256,Maharashtra,"03/2025
10/2025",66.44,FlashReport_June 2026
1257,Maharashtra,"03/2016
02/2018",97.5,FlashReport_June 2026
1258,Maharashtra,"03/2016
11/2017",80.06,FlashReport_June 2026
1259,Maharashtra,"03/2016
11/2017",90.14,FlashReport_June 2026
1260,Maharashtra,"06/2022
01/2023",90.5,FlashReport_June 2026
1261,Maharashtra,"03/2024
05/2025",85.0,FlashReport_June 2026
1262,Maharashtra,"03/2024
05/2025",72.05,FlashReport_June 2026
1263,Maharashtra,"03/2022
11/2023",42.78,FlashReport_June 2026
1264,Maharashtra,"03/2024
05/2025",83.46,FlashReport_June 2026
1265,Maharashtra,"03/2024
01/2025",98.0,FlashReport_June 2026
1266,Maharashtra,"02/2023
02/2024",34.15,FlashReport_June 2026
1267,Maharashtra,"03/2024
03/2025",62.5,FlashReport_June 2026
1268,Maharashtra,"03/2022
03/2024",34.1,FlashReport_June 2026
1269,Maharashtra,"09/2024
06/2025",37.74,FlashReport_June 2026
1270,Maharashtra,"03/2022
04/2023",65.14,FlashReport_June 2026
1271,Maharashtra,"03/2018
06/2018",86.3,FlashReport_June 2026
1272,Maharashtra,"02/2024
10/2024",87.0,FlashReport_June 2026
1273,Maharashtra,"01/2017
06/2017",91.89,FlashReport_June 2026
1274,Maharashtra,"03/2021
11/2022",93.75,FlashReport_June 2026
1275,Maharashtra,"03/2021
06/2022",65.0,FlashReport_June 2026
1276,Maharashtra,"02/2023
09/2024",81.42,FlashReport_June 2026
1277,Maharashtra,"03/2024
05/2025",63.67,FlashReport_June 2026
1278,Maharashtra,"03/2024
05/2025",54.04,FlashReport_June 2026
1279,Maharashtra,"03/2024
04/2025",43.46,FlashReport_June 2026
1280,Maharashtra,"03/2024
05/2025",15.0,FlashReport_June 2026
1281,Maharashtra,"01/2017
08/2017",96.19,FlashReport_June 2026
1282,Maharashtra,"01/2017
08/2017",98.08,FlashReport_June 2026
1283,Maharashtra,"03/2022
01/2023",68.93,FlashReport_June 2026
1284,Maharashtra,"03/2024
01/2025",76.2,FlashReport_June 2026
1285,Maharashtra,"03/2017
06/2017",82.0,FlashReport_June 2026
1286,Maharashtra,"02/2017
06/2017",83.93,FlashReport_June 2026
1287,Maharashtra,"03/2024
04/2025",100.0,FlashReport_June 2026
1288,Maharashtra,"03/2022
05/2023",93.46,FlashReport_June 2026
1289,Maharashtra,"03/2025
01/2026",35.45,FlashReport_June 2026
1290,Maharashtra,"03/2018
06/2018",95.29,FlashReport_June 2026
1291,Maharashtra,"02/2024
12/2024",72.0,FlashReport_June 2026
1292,Maharashtra,"03/2024
08/2024",97.0,FlashReport_June 2026
1293,Maharashtra,"03/2018
06/2018",89.08,FlashReport_June 2026
1294,Maharashtra,"02/2023
11/2023",99.75,FlashReport_June 2026
1295,Maharashtra,"03/2018
01/2022",93.07,FlashReport_June 2026
1296,Maharashtra,"02/2023
07/2024",53.5,FlashReport_June 2026
1297,Maharashtra,"06/2020
02/2022",90.86,FlashReport_June 2026
1298,Maharashtra,"05/2021
11/2022",98.0,FlashReport_June 2026
1299,Maharashtra,"05/2021
11/2022",91.5,FlashReport_June 2026
1300,Maharashtra,"06/2021
11/2022",90.7,FlashReport_June 2026
1301,Maharashtra,"09/2021
01/2023",85.79,FlashReport_June 2026
1302,Maharashtra,"01/2025
06/2025",22.96,FlashReport_June 2026
1303,Maharashtra,"11/2017
02/2019",89.16,FlashReport_June 2026
1304,Maharashtra,"12/2021
01/2023",45.47,FlashReport_June 2026
1305,Maharashtra,"12/2021
12/2022",73.96,FlashReport_June 2026
1306,Maharashtra,"03/2023
07/2023",84.0,FlashReport_June 2026
1307,Maharashtra,"02/2024
10/2024",38.0,FlashReport_June 2026
1308,Maharashtra,"03/2025
06/2025",77.0,FlashReport_June 2026
1309,Maharashtra,"02/2021
11/2021",99.79,FlashReport_June 2026
1310,Maharashtra,"12/2022
03/2023",96.89,FlashReport_June 2026
1311,Maharashtra,"12/2023
10/2024",64.95,FlashReport_June 2026
1312,Maharashtra,"01/2025
07/2025",33.35,FlashReport_June 2026
1313,Maharashtra,"08/2022
11/2023",48.0,FlashReport_June 2026
1314,Maharashtra,"03/2018
03/2019",96.22,FlashReport_June 2026
1315,Maharashtra,"02/2021
01/2022",97.69,FlashReport_June 2026
1316,Maharashtra,"03/2025
06/2025",41.08,FlashReport_June 2026
1317,Maharashtra,"10/2024
04/2025",48.55,FlashReport_June 2026
1318,Maharashtra,"02/2022
05/2023",79.98,FlashReport_June 2026
1319,Maharashtra,"02/2022
05/2023",67.57,FlashReport_June 2026
1320,Maharashtra,"02/2021
10/2021",81.54,FlashReport_June 2026
1321,Maharashtra,"02/2025
07/2025",36.99,FlashReport_June 2026
1322,Maharashtra,"03/2025
01/2026",51.0,FlashReport_June 2026
1323,Maharashtra,"02/2021
03/2022",83.19,FlashReport_June 2026
1324,Maharashtra,"09/2009
10/2010",99.05,FlashReport_June 2026
1325,Maharashtra,"06/2022
11/2022",81.63,FlashReport_June 2026
1326,Maharashtra,"02/2022
11/2022",93.75,FlashReport_June 2026
1327,Maharashtra,"01/2021
09/2021",86.2,FlashReport_June 2026
1328,Maharashtra,"08/2020
03/2022",99.38,FlashReport_June 2026
1329,Maharashtra,"03/2018
01/2019",80.78,FlashReport_June 2026
1330,Maharashtra,"12/2025
04/2026",1.0,FlashReport_June 2026
1331,Maharashtra,"01/2021
09/2021",97.4,FlashReport_June 2026
1332,Maharashtra,"02/2026
06/2026",0.0,FlashReport_June 2026
1333,Maharashtra,"03/2026
06/2026",0.0,FlashReport_June 2026
1334,Maharashtra,"01/2026
06/2026",0.0,FlashReport_June 2026
1335,Manipur,"03/2021
07/2021",93.54,FlashReport_June 2026
1336,Manipur,"09/2020
12/2024",56.16,FlashReport_June 2026
1337,Manipur,"09/2020
10/2020",91.39,FlashReport_June 2026
1338,Manipur,"09/2020
02/2025",48.31,FlashReport_June 2026
1339,Manipur,"03/2020
07/2020",98.12,FlashReport_June 2026
1340,Manipur,"03/2020
07/2020",88.96,FlashReport_June 2026
1341,Manipur,"03/2023
12/2024",26.67,FlashReport_June 2026
1342,Manipur,"03/2023
12/2024",24.43,FlashReport_June 2026
1343,Manipur,"03/2023
05/2025",14.5,FlashReport_June 2026
1344,Manipur,"01/2023
12/2023",92.52,FlashReport_June 2026
1345,Manipur,"12/2021
02/2023",95.2,FlashReport_June 2026
1346,Manipur,"12/2021
11/2022",90.61,FlashReport_June 2026
1347,Manipur,"09/2021
06/2022",85.98,FlashReport_June 2026
1348,Manipur,"03/2021
09/2021",86.33,FlashReport_June 2026
1349,Manipur,"03/2021
03/2025",92.99,FlashReport_June 2026
1350,Manipur,"03/2021
08/2021",84.72,FlashReport_June 2026
1351,Manipur,"06/2020
08/2020",88.2,FlashReport_June 2026
1352,Manipur,"04/2020
07/2020",100.0,FlashReport_June 2026
1353,Manipur,"04/2020
07/2020",100.0,FlashReport_June 2026
1354,Manipur,"06/2020
11/2025",7.45,FlashReport_June 2026
1355,Manipur,"04/2020
08/2025",24.66,FlashReport_June 2026
1356,Manipur,"07/2021
09/2021",95.28,FlashReport_June 2026
1357,Manipur,"03/2021
06/2021",98.5,FlashReport_June 2026
1358,Manipur,"09/2021
11/2021",84.87,FlashReport_June 2026
1359,Manipur,"09/2021
11/2021",87.3,FlashReport_June 2026
1360,Manipur,"03/2023
03/2024",80.02,FlashReport_June 2026
1361,Manipur,"09/2021
07/2023",91.11,FlashReport_June 2026
1362,Manipur,"09/2021
08/2022",97.0,FlashReport_June 2026
1363,Manipur,"02/2021
06/2021",100.0,FlashReport_June 2026
1364,Manipur,"02/2021
06/2021",75.08,FlashReport_June 2026
1365,Meghalaya,"08/2020
02/2022",99.1,FlashReport_June 2026
1366,Meghalaya,"12/2023
05/2025",2.5,FlashReport_June 2026
1367,Meghalaya,"03/2023
09/2025",26.08,FlashReport_June 2026
1368,Meghalaya,"03/2023
03/2025",45.52,FlashReport_June 2026
1369,Meghalaya,"07/2020
05/2024",41.92,FlashReport_June 2026
1370,Meghalaya,"07/2020
04/2024",53.21,FlashReport_June 2026
1371,Meghalaya,"07/2020
02/2024",51.02,FlashReport_June 2026
1372,Meghalaya,"07/2020
10/2023",100.0,FlashReport_June 2026
1373,Meghalaya,"09/2021
05/2022",83.02,FlashReport_June 2026
1374,Meghalaya,"03/2023
09/2024",52.0,FlashReport_June 2026
1375,Meghalaya,"03/2023
09/2024",49.82,FlashReport_June 2026
1376,Meghalaya,"03/2023
09/2024",73.13,FlashReport_June 2026
1377,Mizoram,"12/2021
07/2025",17.86,FlashReport_June 2026
1378,Mizoram,"12/2021
07/2025",17.12,FlashReport_June 2026
1379,Mizoram,"11/2021
07/2025",11.86,FlashReport_June 2026
1380,Mizoram,"12/2021
07/2025",6.72,FlashReport_June 2026
1381,Mizoram,"02/2024
10/2025",18.9,FlashReport_June 2026
1382,Mizoram,"02/2024
11/2025",13.95,FlashReport_June 2026
1383,Mizoram,"01/2024
12/2025",0.0,FlashReport_June 2026
1384,Mizoram,"02/2023
10/2025",15.1,FlashReport_June 2026
1385,Mizoram,"03/2021
06/2021",64.78,FlashReport_June 2026
1386,Mizoram,"06/2021
07/2021",61.34,FlashReport_June 2026
1387,Mizoram,"09/2019
10/2019",95.35,FlashReport_June 2026
1388,Mizoram,"09/2019
10/2019",97.51,FlashReport_June 2026
1389,Mizoram,"09/2019
03/2020",99.82,FlashReport_June 2026
1390,Mizoram,"02/2023
12/2024",4.71,FlashReport_June 2026
1391,Mizoram,"12/2021
11/2023",99.52,FlashReport_June 2026
1392,Mizoram,"10/2025
05/2026",2.0,FlashReport_June 2026
1393,"Multi-States
(Andhra Pradesh,
Karnataka)","12/2020
10/2022",99.05,FlashReport_June 2026
1394,"Multi-States
(Andhra Pradesh,
Odisha)","02/2021
03/2022",99.63,FlashReport_June 2026
1395,"Multi-States
(Andhra Pradesh,
Tamil Nadu)","10/2020
05/2022",99.02,FlashReport_June 2026
1396,"Multi-States
(Andhra Pradesh,
Tamil Nadu)","03/2021
01/2023",98.89,FlashReport_June 2026
1397,"Multi-States
(Andhra Pradesh,
Tamil Nadu)","12/2024
09/2025",13.45,FlashReport_June 2026
1398,"Multi-States
(Andhra Pradesh,
Tamil Nadu)","02/2021
10/2023",98.91,FlashReport_June 2026
1399,"Multi-States
(Andhra Pradesh,
Tamil Nadu)","12/2017
03/2018",100.0,FlashReport_June 2026
1400,"Multi-States
(Andhra Pradesh,
Telangana)","01/2021
09/2022",98.82,FlashReport_June 2026
1401,"Multi-States
(Andhra Pradesh,
Telangana)","03/2023
10/2025",4.37,FlashReport_June 2026
1402,"Multi-States
(Andhra Pradesh,
Telangana)","03/2023
03/2025",23.73,FlashReport_June 2026
1403,"Multi-States
(Andhra Pradesh,
Telangana)","01/2022
01/2023",68.53,FlashReport_June 2026
1404,"Multi-States
(Arunachal
Pradesh, Assam)","03/2023
09/2024",96.7,FlashReport_June 2026
1405,"Multi-States
(Bihar, Jharkhand)","02/2021
12/2024",33.24,FlashReport_June 2026
1406,"Multi-States
(Bihar, Jharkhand)","03/2023
07/2025",25.19,FlashReport_June 2026
1407,"Multi-States
(Bihar, Jharkhand)","03/2023
05/2026",3.94,FlashReport_June 2026
1408,"Multi-States
(Bihar, Jharkhand)","09/2020
03/2022",91.3,FlashReport_June 2026
1409,"Multi-States
(Bihar, Jharkhand)","10/2016
11/2020",86.54,FlashReport_June 2026
1410,"Multi-States
(Bihar, Jharkhand)","12/2017
06/2019",78.0,FlashReport_June 2026
1411,"Multi-States
(Bihar, Jharkhand)","02/2021
08/2022",92.0,FlashReport_June 2026
1412,"Multi-States
(Bihar, Uttar
Pradesh)","02/2009
09/2011",99.75,FlashReport_June 2026
1413,"Multi-States
(Bihar, Uttar
Pradesh)","03/2023
11/2024",45.02,FlashReport_June 2026
1414,"Multi-States
(Bihar, Uttar
Pradesh)","03/2024
08/2025",20.16,FlashReport_June 2026
1415,"Multi-States
(Bihar, Uttar
Pradesh)","10/2022
08/2023",83.0,FlashReport_June 2026
1416,"Multi-States
(Bihar, West
Bengal)","01/2025
12/2025",18.31,FlashReport_June 2026
1417,"Multi-States
(Dadra & Nagar
Haveli and Daman
& Diu, Gujarat,
Maharashtra)","10/2020
03/2022",36.23,FlashReport_June 2026
1418,"Multi-States (Delhi,
Haryana)","01/2018
11/2018",100.0,FlashReport_June 2026
1419,"Multi-States (Goa,
Karnataka)","01/2022
11/2022",84.7,FlashReport_June 2026
1420,"Multi-States
(Gujarat,
Maharashtra)","12/2019
09/2020",97.66,FlashReport_June 2026
1421,"Multi-States
(Haryana, Punjab)","01/2021
05/2022",98.7,FlashReport_June 2026
1422,"Multi-States
(Haryana, Punjab)","02/2023
12/2023",75.05,FlashReport_June 2026
1423,"Multi-States
(Haryana, Punjab)","03/2022
10/2023",85.5,FlashReport_June 2026
1424,"Multi-States
(Haryana, Punjab)","05/2022
05/2023",79.56,FlashReport_June 2026
1425,"Multi-States
(Haryana,
Rajasthan)","08/2022
12/2022",88.9,FlashReport_June 2026
1426,"Multi-States
(Haryana, Uttar
Pradesh)","03/2024
08/2025",12.5,FlashReport_June 2026
1427,"Multi-States
(Haryana, Uttar
Pradesh)","06/2022
05/2023",79.1,FlashReport_June 2026
1428,"Multi-States
(Haryana, Uttar
Pradesh)","07/2022
06/2023",74.08,FlashReport_June 2026
1429,"Multi-States
(Himachal
Pradesh, Punjab)","03/2023
05/2025",26.18,FlashReport_June 2026
1430,"Multi-States
(Himachal
Pradesh,
Uttarakhand)","03/2022
05/2023",94.25,FlashReport_June 2026
1431,"Multi-States
(Jammu and
Kashmir, Punjab)","10/2021
09/2022",83.6,FlashReport_June 2026
1432,"Multi-States
(Jharkhand, West
Bengal)","08/2010
04/2014",100.0,FlashReport_June 2026
1433,"Multi-States
(Jharkhand, West
Bengal)","03/2023
09/2025",23.23,FlashReport_June 2026
1434,"Multi-States
(Jharkhand, West
Bengal)","03/2018
12/2019",97.65,FlashReport_June 2026
1435,"Multi-States
(Jharkhand, West
Bengal)","02/2025
02/2026",5.64,FlashReport_June 2026
1436,"Multi-States
(Karnataka,
Kerala)","05/2020
11/2021",100.0,FlashReport_June 2026
1437,"Multi-States
(Karnataka,
Maharashtra)","01/2022
10/2022",84.8,FlashReport_June 2026
1438,"Multi-States
(Karnataka,
Maharashtra)","03/2023
10/2024",53.31,FlashReport_June 2026
1439,"Multi-States
(Karnataka, Tamil
Nadu)","03/2022
05/2023",90.68,FlashReport_June 2026
1440,"Multi-States
(Karnataka, Tamil
Nadu)","10/2021
10/2022",78.7,FlashReport_June 2026
1441,"Multi-States
(Karnataka,
Telangana)","03/2022
11/2022",99.51,FlashReport_June 2026
1442,"Multi-States
(Karnataka,
Telangana)","02/2022
01/2023",91.47,FlashReport_June 2026
1443,"Multi-States
(Kerala,
Puducherry)","09/2017
12/2017",100.0,FlashReport_June 2026
1444,"Multi-States
(Madhya Pradesh,
Maharashtra)","12/2022
03/2024",64.0,FlashReport_June 2026
1445,"Multi-States
(Madhya Pradesh,
Uttar Pradesh)","02/2023
03/2024",97.4,FlashReport_June 2026
1446,"Multi-States
(Madhya Pradesh,
Uttar Pradesh)","10/2024
09/2025",44.92,FlashReport_June 2026
1447,"Multi-States
(Maharashtra,
Telangana)","03/2022
03/2024",73.73,FlashReport_June 2026
1448,"Multi-States
(Puducherry, Tamil
Nadu)","03/2018
11/2021",98.32,FlashReport_June 2026
1449,"Multi-States
(Puducherry, Tamil
Nadu)","03/2018
11/2021",98.75,FlashReport_June 2026
1450,"Multi-States
(Puducherry, Tamil
Nadu)","03/2018
10/2020",85.0,FlashReport_June 2026
1451,"Multi-States (Uttar
Pradesh,
Uttarakhand)","04/2022
11/2022",99.29,FlashReport_June 2026
1452,"Multi-States (Uttar
Pradesh,
Uttarakhand)","01/2023
03/2024",42.88,FlashReport_June 2026
1453,"Multi-States (Uttar
Pradesh,
Uttarakhand)","04/2025
10/2025",20.5,FlashReport_June 2026
1454,"Multi-States (Uttar
Pradesh,
Uttarakhand)","02/2023
03/2024",53.84,FlashReport_June 2026
1455,"Multi-States (Uttar
Pradesh,
Uttarakhand)","11/2021
02/2023",91.95,FlashReport_June 2026
1456,"Multi-States (Uttar
Pradesh,
Uttarakhand)","12/2015
01/2018",99.85,FlashReport_June 2026
1457,Nagaland,"06/2020
06/2024",44.46,FlashReport_June 2026
1458,Nagaland,"03/2021
07/2022",100.0,FlashReport_June 2026
1459,Nagaland,"07/2020
10/2020",46.77,FlashReport_June 2026
1460,Nagaland,"07/2020
06/2023",39.54,FlashReport_June 2026
1461,Nagaland,"07/2020
10/2020",69.76,FlashReport_June 2026
1462,Nagaland,"07/2020
11/2023",27.24,FlashReport_June 2026
1463,Nagaland,"03/2020
11/2023",98.39,FlashReport_June 2026
1464,Nagaland,"03/2020
01/2024",43.13,FlashReport_June 2026
1465,Nagaland,"03/2016
09/2023",84.32,FlashReport_June 2026
1466,Nagaland,"12/2022
08/2023",87.0,FlashReport_June 2026
1467,Nagaland,"12/2022
08/2023",85.67,FlashReport_June 2026
1468,Nagaland,"12/2022
08/2023",58.5,FlashReport_June 2026
1469,Nagaland,"02/2021
06/2023",95.62,FlashReport_June 2026
1470,Nagaland,"01/2021
09/2023",96.53,FlashReport_June 2026
1471,Nagaland,"03/2021
09/2023",99.75,FlashReport_June 2026
1472,Nagaland,"03/2018
08/2023",100.0,FlashReport_June 2026
1473,Nagaland,"03/2018
09/2023",79.03,FlashReport_June 2026
1474,Odisha,"03/2023
04/2025",0.0,FlashReport_June 2026
1475,Odisha,"03/2022
02/2024",56.11,FlashReport_June 2026
1476,Odisha,"03/2023
12/2024",35.0,FlashReport_June 2026
1477,Odisha,"02/2022
04/2023",55.0,FlashReport_June 2026
1478,Odisha,"12/2021
05/2023",70.09,FlashReport_June 2026
1479,Odisha,"01/2022
06/2025",3.0,FlashReport_June 2026
1480,Odisha,"03/2022
06/2023",60.65,FlashReport_June 2026
1481,Odisha,"09/2021
01/2025",23.0,FlashReport_June 2026
1482,Odisha,"02/2023
05/2025",25.0,FlashReport_June 2026
1483,Odisha,"02/2022
05/2023",92.0,FlashReport_June 2026
1484,Odisha,"03/2021
03/2022",70.0,FlashReport_June 2026
1485,Odisha,"11/2021
06/2023",90.0,FlashReport_June 2026
1486,Odisha,"03/2022
02/2024",60.0,FlashReport_June 2026
1487,Odisha,"03/2023
04/2025",15.0,FlashReport_June 2026
1488,Odisha,"03/2022
10/2024",32.0,FlashReport_June 2026
1489,Odisha,"11/2014
03/2019",91.32,FlashReport_June 2026
1490,Odisha,"03/2024
06/2024",50.87,FlashReport_June 2026
1491,Odisha,"09/2023
11/2024",22.85,FlashReport_June 2026
1492,Odisha,"03/2025
05/2025",9.8,FlashReport_June 2026
1493,Odisha,"09/2021
05/2022",96.8,FlashReport_June 2026
1494,Odisha,"08/2021
06/2022",99.4,FlashReport_June 2026
1495,Odisha,"12/2021
10/2022",99.9,FlashReport_June 2026
1496,Odisha,"09/2023
06/2024",99.99,FlashReport_June 2026
1497,Odisha,"12/2024
02/2026",4.2,FlashReport_June 2026
1498,Odisha,"03/2023
12/2023",91.8,FlashReport_June 2026
1499,Odisha,"03/2023
12/2023",91.0,FlashReport_June 2026
1500,Odisha,"03/2023
12/2023",92.3,FlashReport_June 2026
1501,Odisha,"04/2022
08/2022",38.0,FlashReport_June 2026
1502,Odisha,"03/2021
04/2022",99.7,FlashReport_June 2026
1503,Odisha,"09/2016
03/2017",99.98,FlashReport_June 2026
1504,Odisha,"10/2017
01/2018",99.0,FlashReport_June 2026
1505,Odisha,"01/2018
02/2019",99.0,FlashReport_June 2026
1506,Odisha,"01/2018
02/2020",86.0,FlashReport_June 2026
1507,Odisha,"03/2023
11/2024",33.02,FlashReport_June 2026
1508,Odisha,"02/2021
03/2022",99.95,FlashReport_June 2026
1509,Odisha,"10/2017
03/2018",99.66,FlashReport_June 2026
1510,Punjab,"03/2023
05/2025",45.0,FlashReport_June 2026
1511,Punjab,"03/2022
10/2023",100.0,FlashReport_June 2026
1512,Punjab,"03/2021
10/2023",83.0,FlashReport_June 2026
1513,Punjab,"12/2020
03/2023",31.08,FlashReport_June 2026
1514,Punjab,"12/2020
07/2022",73.35,FlashReport_June 2026
1515,Punjab,"12/2020
07/2022",62.99,FlashReport_June 2026
1516,Punjab,"03/2021
11/2022",43.45,FlashReport_June 2026
1517,Punjab,"03/2021
02/2025",27.52,FlashReport_June 2026
1518,Punjab,"12/2021
04/2023",33.49,FlashReport_June 2026
1519,Punjab,"11/2024
07/2025",28.5,FlashReport_June 2026
1520,Punjab,"03/2021
01/2023",54.01,FlashReport_June 2026
1521,Punjab,"05/2020
08/2023",99.0,FlashReport_June 2026
1522,Punjab,"03/2021
11/2022",71.6,FlashReport_June 2026
1523,Punjab,"03/2021
06/2024",72.0,FlashReport_June 2026
1524,Punjab,"06/2021
09/2023",81.5,FlashReport_June 2026
1525,Punjab,"11/2024
03/2026",3.54,FlashReport_June 2026
1526,Punjab,"05/2020
12/2022",76.0,FlashReport_June 2026
1527,Punjab,"03/2022
05/2023",96.78,FlashReport_June 2026
1528,Punjab,"07/2021
02/2023",79.86,FlashReport_June 2026
1529,Punjab,"11/2022
03/2025",20.03,FlashReport_June 2026
1530,Punjab,"03/2023
04/2024",67.0,FlashReport_June 2026
1531,Punjab,"12/2020
03/2022",96.0,FlashReport_June 2026
1532,Punjab,"02/2021
08/2022",82.3,FlashReport_June 2026
1533,Punjab,"08/2021
06/2023",67.8,FlashReport_June 2026
1534,Punjab,"10/2021
06/2023",80.7,FlashReport_June 2026
1535,Punjab,"12/2020
06/2022",68.4,FlashReport_June 2026
1536,Punjab,"03/2021
06/2024",64.6,FlashReport_June 2026
1537,Punjab,"07/2021
09/2025",23.56,FlashReport_June 2026
1538,Punjab,"03/2021
11/2022",33.58,FlashReport_June 2026
1539,Punjab,"05/2021
12/2022",15.31,FlashReport_June 2026
1540,Rajasthan,"12/2020
10/2021",100.0,FlashReport_June 2026
1541,Rajasthan,"01/2022
12/2022",98.58,FlashReport_June 2026
1542,Rajasthan,"12/2021
05/2022",91.36,FlashReport_June 2026
1543,Rajasthan,"03/2022
10/2024",70.0,FlashReport_June 2026
1544,Rajasthan,"02/2023
10/2024",60.39,FlashReport_June 2026
1545,Rajasthan,"02/2024
11/2024",23.0,FlashReport_June 2026
1546,Rajasthan,"03/2022
10/2023",48.9,FlashReport_June 2026
1547,Rajasthan,"01/2025
06/2025",53.45,FlashReport_June 2026
1548,Rajasthan,"11/2019
05/2021",95.25,FlashReport_June 2026
1549,Rajasthan,"07/2020
07/2021",95.52,FlashReport_June 2026
1550,Rajasthan,"02/2019
06/2021",100.0,FlashReport_June 2026
1551,Rajasthan,"10/2019
08/2021",100.0,FlashReport_June 2026
1552,Rajasthan,"10/2019
07/2021",99.2,FlashReport_June 2026
1553,Rajasthan,"09/2022
03/2024",37.27,FlashReport_June 2026
1554,Rajasthan,"09/2022
09/2024",41.25,FlashReport_June 2026
1555,Rajasthan,"02/2018
04/2019",100.0,FlashReport_June 2026
1556,Rajasthan,"03/2025
12/2025",18.56,FlashReport_June 2026
1557,Rajasthan,"11/2021
08/2022",100.0,FlashReport_June 2026
1558,Rajasthan,"01/2024
07/2024",86.18,FlashReport_June 2026
1559,Rajasthan,"03/2025
03/2026",11.0,FlashReport_June 2026
1560,Rajasthan,"03/2026
07/2026",0.0,FlashReport_June 2026
1561,Rajasthan,"03/2026
07/2026",0.0,FlashReport_June 2026
1562,Sikkim,"10/2021
05/2022",90.0,FlashReport_June 2026
1563,Sikkim,"03/2018
01/2023",87.03,FlashReport_June 2026
1564,Sikkim,"01/2021
04/2021",100.0,FlashReport_June 2026
1565,Sikkim,"10/2020
05/2021",79.13,FlashReport_June 2026
1566,Sikkim,"01/2021
02/2021",82.64,FlashReport_June 2026
1567,Sikkim,"10/2020
12/2020",64.31,FlashReport_June 2026
1568,Sikkim,"07/2020
10/2020",86.19,FlashReport_June 2026
1569,Sikkim,"07/2020
10/2020",65.15,FlashReport_June 2026
1570,Tamil Nadu,"03/2022
09/2024",94.0,FlashReport_June 2026
1571,Tamil Nadu,"01/2021
07/2022",93.04,FlashReport_June 2026
1572,Tamil Nadu,"12/2020
08/2022",53.56,FlashReport_June 2026
1573,Tamil Nadu,"05/2023
02/2024",38.52,FlashReport_June 2026
1574,Tamil Nadu,"02/2021
07/2022",89.97,FlashReport_June 2026
1575,Tamil Nadu,"08/2018
02/2019",93.55,FlashReport_June 2026
1576,Tamil Nadu,"06/2024
01/2025",36.64,FlashReport_June 2026
1577,Tamil Nadu,"03/2024
03/2025",45.13,FlashReport_June 2026
1578,Tamil Nadu,"12/2018
03/2020",99.25,FlashReport_June 2026
1579,Tamil Nadu,"11/2022
08/2023",80.68,FlashReport_June 2026
1580,Tamil Nadu,"02/2021
01/2023",40.88,FlashReport_June 2026
1581,Tamil Nadu,"03/2022
02/2023",95.51,FlashReport_June 2026
1582,Tamil Nadu,"12/2018
03/2020",97.32,FlashReport_June 2026
1583,Tamil Nadu,"03/2023
11/2023",18.13,FlashReport_June 2026
1584,Tamil Nadu,"03/2023
11/2023",22.8,FlashReport_June 2026
1585,Tamil Nadu,"03/2018
01/2022",99.8,FlashReport_June 2026
1586,Tamil Nadu,"01/2019
12/2020",95.52,FlashReport_June 2026
1587,Tamil Nadu,"01/2019
01/2021",92.49,FlashReport_June 2026
1588,Tamil Nadu,"01/2025
06/2025",33.64,FlashReport_June 2026
1589,Tamil Nadu,"02/2018
04/2019",100.0,FlashReport_June 2026
1590,Tamil Nadu,"03/2023
11/2023",8.58,FlashReport_June 2026
1591,Tamil Nadu,"12/2009
06/2011",99.99,FlashReport_June 2026
1592,Tamil Nadu,"10/2009
09/2010",100.0,FlashReport_June 2026
1593,Tamil Nadu,"02/2019
12/2021",77.57,FlashReport_June 2026
1594,Tamil Nadu,"12/2005
11/2006",100.0,FlashReport_June 2026
1595,Tamil Nadu,"02/2019
05/2022",58.65,FlashReport_June 2026
1596,Tamil Nadu,"02/2019
12/2023",53.41,FlashReport_June 2026
1597,Tamil Nadu,"03/2018
11/2018",99.75,FlashReport_June 2026
1598,Tamil Nadu,"03/2023
11/2023",17.24,FlashReport_June 2026
1599,Tamil Nadu,"07/2025
05/2026",0.0,FlashReport_June 2026
1600,Tamil Nadu,"03/2024
12/2024",40.8,FlashReport_June 2026
1601,Tamil Nadu,"03/2022
09/2022",97.92,FlashReport_June 2026
1602,Telangana,"01/2018
05/2018",92.62,FlashReport_June 2026
1603,Telangana,"10/2016
03/2017",100.0,FlashReport_June 2026
1604,Telangana,"03/2023
07/2024",44.73,FlashReport_June 2026
1605,Telangana,"03/2021
07/2022",82.28,FlashReport_June 2026
1606,Telangana,"03/2018
07/2018",53.01,FlashReport_June 2026
1607,Telangana,"03/2021
07/2022",90.0,FlashReport_June 2026
1608,Telangana,"02/2018
06/2018",88.22,FlashReport_June 2026
1609,Telangana,"01/2017
05/2017",99.2,FlashReport_June 2026
1610,Telangana,"05/2018
06/2021",92.1,FlashReport_June 2026
1611,Telangana,"03/2018
06/2018",96.0,FlashReport_June 2026
1612,Telangana,"03/2022
02/2024",46.0,FlashReport_June 2026
1613,Telangana,"03/2022
07/2023",86.74,FlashReport_June 2026
1614,Telangana,"03/2022
10/2023",30.8,FlashReport_June 2026
1615,Telangana,"01/2022
01/2023",90.69,FlashReport_June 2026
1616,Telangana,"10/2022
05/2024",77.79,FlashReport_June 2026
1617,Telangana,"10/2022
02/2025",9.39,FlashReport_June 2026
1618,Telangana,"01/2022
12/2022",77.77,FlashReport_June 2026
1619,Telangana,"10/2022
07/2024",66.68,FlashReport_June 2026
1620,Telangana,"10/2022
08/2024",69.6,FlashReport_June 2026
1621,Telangana,"01/2022
12/2022",94.68,FlashReport_June 2026
1622,Telangana,"03/2022
03/2023",98.6,FlashReport_June 2026
1623,Telangana,"01/2022
12/2022",85.0,FlashReport_June 2026
1624,Telangana,"01/2022
01/2023",74.06,FlashReport_June 2026
1625,Telangana,"03/2022
01/2023",36.5,FlashReport_June 2026
1626,Telangana,"12/2021
08/2022",50.5,FlashReport_June 2026
1627,Telangana,"03/2022
03/2023",17.05,FlashReport_June 2026
1628,Telangana,"01/2021
10/2022",96.4,FlashReport_June 2026
1629,Telangana,"03/2022
07/2023",92.4,FlashReport_June 2026
1630,Telangana,"03/2023
10/2025",5.0,FlashReport_June 2026
1631,Telangana,"01/2023
06/2025",8.05,FlashReport_June 2026
1632,Telangana,"03/2023
12/2024",10.23,FlashReport_June 2026
1633,Telangana,"03/2023
06/2025",0.0,FlashReport_June 2026
1634,Telangana,"03/2023
04/2024",74.43,FlashReport_June 2026
1635,Telangana,"03/2023
07/2025",10.06,FlashReport_June 2026
1636,Telangana,"03/2023
03/2025",44.0,FlashReport_June 2026
1637,Telangana,"10/2021
11/2024",21.84,FlashReport_June 2026
1638,Telangana,"01/2021
01/2022",99.98,FlashReport_June 2026
1639,Telangana,"11/2022
05/2026",0.0,FlashReport_June 2026
1640,Telangana,"01/2021
09/2022",98.02,FlashReport_June 2026
1641,Telangana,"11/2013
03/2014",100.0,FlashReport_June 2026
1642,Telangana,"01/2015
02/2015",82.76,FlashReport_June 2026
1643,Telangana,"10/2024
10/2025",49.34,FlashReport_June 2026
1644,Tripura,"02/2022
01/2023",54.56,FlashReport_June 2026
1645,Tripura,"12/2023
09/2024",48.3,FlashReport_June 2026
1646,Tripura,"01/2024
12/2024",9.33,FlashReport_June 2026
1647,Tripura,"01/2024
09/2024",14.5,FlashReport_June 2026
1648,Tripura,"01/2024
09/2024",60.5,FlashReport_June 2026
1649,Tripura,"01/2024
07/2024",63.15,FlashReport_June 2026
1650,Tripura,"02/2020
09/2024",41.9,FlashReport_June 2026
1651,Tripura,"01/2023
05/2023",72.48,FlashReport_June 2026
1652,Tripura,"03/2023
03/2024",9.2,FlashReport_June 2026
1653,Uttar Pradesh,"01/2022
01/2025",33.0,FlashReport_June 2026
1654,Uttar Pradesh,"12/2022
11/2024",31.0,FlashReport_June 2026
1655,Uttar Pradesh,"12/2019
10/2020",95.0,FlashReport_June 2026
1656,Uttar Pradesh,"12/2022
08/2024",54.0,FlashReport_June 2026
1657,Uttar Pradesh,"10/2022
01/2024",75.0,FlashReport_June 2026
1658,Uttar Pradesh,"01/2022
03/2024",60.0,FlashReport_June 2026
1659,Uttar Pradesh,"10/2022
11/2023",52.0,FlashReport_June 2026
1660,Uttar Pradesh,"03/2020
03/2023",94.0,FlashReport_June 2026
1661,Uttar Pradesh,"12/2022
02/2025",48.0,FlashReport_June 2026
1662,Uttar Pradesh,"05/2023
11/2025",9.0,FlashReport_June 2026
1663,Uttar Pradesh,"12/2021
02/2024",75.0,FlashReport_June 2026
1664,Uttar Pradesh,"03/2023
02/2024",55.0,FlashReport_June 2026
1665,Uttar Pradesh,"03/2021
11/2022",94.0,FlashReport_June 2026
1666,Uttar Pradesh,"08/2021
12/2023",96.0,FlashReport_June 2026
1667,Uttar Pradesh,"03/2022
05/2025",7.0,FlashReport_June 2026
1668,Uttar Pradesh,"03/2022
05/2025",43.46,FlashReport_June 2026
1669,Uttar Pradesh,"03/2023
02/2026",4.0,FlashReport_June 2026
1670,Uttar Pradesh,"11/2022
01/2026",40.45,FlashReport_June 2026
1671,Uttar Pradesh,"01/2022
02/2024",65.0,FlashReport_June 2026
1672,Uttar Pradesh,"05/2023
01/2026",18.0,FlashReport_June 2026
1673,Uttar Pradesh,"03/2023
06/2024",59.0,FlashReport_June 2026
1674,Uttar Pradesh,"03/2022
06/2024",91.0,FlashReport_June 2026
1675,Uttar Pradesh,"01/2022
02/2024",100.0,FlashReport_June 2026
1676,Uttar Pradesh,"01/2022
10/2023",100.0,FlashReport_June 2026
1677,Uttar Pradesh,"03/2022
01/2024",56.0,FlashReport_June 2026
1678,Uttar Pradesh,"03/2022
11/2023",97.68,FlashReport_June 2026
1679,Uttar Pradesh,"05/2023
10/2025",8.0,FlashReport_June 2026
1680,Uttar Pradesh,"07/2018
02/2021",90.2,FlashReport_June 2026
1681,Uttar Pradesh,"04/2020
09/2022",100.0,FlashReport_June 2026
1682,Uttar Pradesh,"12/2022
06/2025",35.0,FlashReport_June 2026
1683,Uttar Pradesh,"03/2022
05/2025",54.0,FlashReport_June 2026
1684,Uttar Pradesh,"03/2024
01/2026",5.5,FlashReport_June 2026
1685,Uttar Pradesh,"05/2023
01/2026",21.06,FlashReport_June 2026
1686,Uttar Pradesh,"03/2023
03/2025",36.02,FlashReport_June 2026
1687,Uttar Pradesh,"01/2022
11/2024",58.0,FlashReport_June 2026
1688,Uttar Pradesh,"03/2022
11/2025",35.0,FlashReport_June 2026
1689,Uttar Pradesh,"03/2023
08/2025",10.0,FlashReport_June 2026
1690,Uttar Pradesh,"03/2023
01/2025",81.18,FlashReport_June 2026
1691,Uttar Pradesh,"05/2023
12/2025",37.0,FlashReport_June 2026
1692,Uttar Pradesh,"04/2020
07/2022",91.0,FlashReport_June 2026
1693,Uttar Pradesh,"04/2020
11/2022",99.0,FlashReport_June 2026
1694,Uttar Pradesh,"03/2023
05/2026",0.0,FlashReport_June 2026
1695,Uttar Pradesh,"12/2021
02/2023",100.0,FlashReport_June 2026
1696,Uttar Pradesh,"09/2021
03/2022",78.0,FlashReport_June 2026
1697,Uttar Pradesh,"12/2017
02/2019",96.15,FlashReport_June 2026
1698,Uttar Pradesh,"02/2023
12/2024",37.65,FlashReport_June 2026
1699,Uttar Pradesh,"01/2023
12/2023",61.21,FlashReport_June 2026
1700,Uttar Pradesh,"09/2023
01/2025",32.78,FlashReport_June 2026
1701,Uttar Pradesh,"08/2024
03/2025",17.25,FlashReport_June 2026
1702,Uttar Pradesh,"08/2024
11/2025",49.1,FlashReport_June 2026
1703,Uttar Pradesh,"07/2022
03/2023",93.8,FlashReport_June 2026
1704,Uttar Pradesh,"02/2023
01/2024",72.0,FlashReport_June 2026
1705,Uttar Pradesh,"08/2024
07/2025",33.12,FlashReport_June 2026
1706,Uttar Pradesh,"08/2024
03/2025",39.03,FlashReport_June 2026
1707,Uttar Pradesh,"10/2022
02/2025",60.02,FlashReport_June 2026
1708,Uttar Pradesh,"03/2024
03/2025",19.5,FlashReport_June 2026
1709,Uttar Pradesh,"03/2018
02/2019",100.0,FlashReport_June 2026
1710,Uttar Pradesh,"09/2020
05/2021",100.0,FlashReport_June 2026
1711,Uttar Pradesh,"06/2022
05/2023",67.4,FlashReport_June 2026
1712,Uttar Pradesh,"10/2021
02/2023",96.98,FlashReport_June 2026
1713,Uttar Pradesh,"06/2024
03/2026",1.99,FlashReport_June 2026
1714,Uttar Pradesh,"02/2023
03/2024",63.4,FlashReport_June 2026
1715,Uttar Pradesh,"12/2021
03/2023",89.0,FlashReport_June 2026
1716,Uttar Pradesh,"12/2024
06/2026",0.0,FlashReport_June 2026
1717,Uttar Pradesh,"02/2025
09/2025",17.22,FlashReport_June 2026
1718,Uttar Pradesh,"02/2025
09/2025",6.7,FlashReport_June 2026
1719,Uttar Pradesh,"09/2022
11/2023",68.8,FlashReport_June 2026
1720,Uttar Pradesh,"09/2022
01/2024",70.56,FlashReport_June 2026
1721,Uttar Pradesh,"09/2021
10/2022",99.33,FlashReport_June 2026
1722,Uttar Pradesh,"12/2024
11/2025",30.3,FlashReport_June 2026
1723,Uttar Pradesh,"03/2023
05/2025",37.03,FlashReport_June 2026
1724,Uttar Pradesh,"03/2023
06/2024",70.02,FlashReport_June 2026
1725,Uttar Pradesh,"12/2024
12/2025",15.48,FlashReport_June 2026
1726,Uttar Pradesh,"10/2022
07/2023",100.0,FlashReport_June 2026
1727,Uttar Pradesh,"10/2022
10/2023",96.29,FlashReport_June 2026
1728,Uttar Pradesh,"10/2022
06/2023",91.1,FlashReport_June 2026
1729,Uttar Pradesh,"04/2015
04/2017",97.35,FlashReport_June 2026
1730,Uttar Pradesh,"12/2021
05/2023",63.79,FlashReport_June 2026
1731,Uttar Pradesh,"03/2023
05/2024",70.12,FlashReport_June 2026
1732,Uttar Pradesh,"10/2021
03/2024",55.9,FlashReport_June 2026
1733,Uttar Pradesh,"02/2021
11/2021",99.02,FlashReport_June 2026
1734,Uttar Pradesh,"10/2022
03/2024",52.68,FlashReport_June 2026
1735,Uttar Pradesh,"11/2022
09/2023",81.48,FlashReport_June 2026
1736,Uttar Pradesh,"08/2023
12/2023",44.64,FlashReport_June 2026
1737,Uttar Pradesh,"02/2025
12/2025",18.5,FlashReport_June 2026
1738,Uttar Pradesh,"03/2021
09/2022",99.24,FlashReport_June 2026
1739,Uttar Pradesh,"03/2021
09/2022",98.06,FlashReport_June 2026
1740,Uttar Pradesh,"01/2022
12/2022",100.0,FlashReport_June 2026
1741,Uttar Pradesh,"03/2021
09/2022",99.29,FlashReport_June 2026
1742,Uttar Pradesh,"03/2025
05/2026",2.0,FlashReport_June 2026
1743,Uttar Pradesh,"11/2020
10/2021",98.92,FlashReport_June 2026
1744,Uttarakhand,"01/2023
02/2024",99.0,FlashReport_June 2026
1745,Uttarakhand,"11/2022
06/2023",98.5,FlashReport_June 2026
1746,Uttarakhand,"02/2025
01/2026",8.0,FlashReport_June 2026
1747,Uttarakhand,"02/2018
05/2018",73.5,FlashReport_June 2026
1748,Uttarakhand,"02/2021
01/2023",99.0,FlashReport_June 2026
1749,Uttarakhand,"03/2017
02/2018",95.0,FlashReport_June 2026
1750,Uttarakhand,"05/2025
10/2025",53.74,FlashReport_June 2026
1751,Uttarakhand,"01/2024
10/2025",31.75,FlashReport_June 2026
1752,Uttarakhand,"03/2022
01/2025",42.0,FlashReport_June 2026
1753,Uttarakhand,"02/2022
12/2025",2.0,FlashReport_June 2026
1754,Uttarakhand,"03/2022
08/2024",65.0,FlashReport_June 2026
1755,Uttarakhand,"10/2022
10/2023",21.03,FlashReport_June 2026
1756,Uttarakhand,"03/2022
09/2022",37.23,FlashReport_June 2026
1757,Uttarakhand,"09/2020
12/2021",81.17,FlashReport_June 2026
1758,Uttarakhand,"05/2022
11/2024",30.76,FlashReport_June 2026
1759,Uttarakhand,"01/2024
10/2025",22.0,FlashReport_June 2026
1760,Uttarakhand,"03/2018
01/2019",96.46,FlashReport_June 2026
1761,Uttarakhand,"03/2018
01/2019",100.0,FlashReport_June 2026
1762,Uttarakhand,"10/2022
05/2023",80.0,FlashReport_June 2026
1763,Uttarakhand,"10/2022
05/2024",76.67,FlashReport_June 2026
1764,Uttarakhand,"03/2018
07/2018",73.5,FlashReport_June 2026
1765,Uttarakhand,"12/2023
06/2024",87.57,FlashReport_June 2026
1766,Uttarakhand,"12/2023
12/2024",64.23,FlashReport_June 2026
1767,Uttarakhand,"12/2023
06/2024",98.61,FlashReport_June 2026
1768,Uttarakhand,"11/2021
08/2022",70.42,FlashReport_June 2026
1769,Uttarakhand,"06/2022
03/2023",75.24,FlashReport_June 2026
1770,Uttarakhand,"11/2021
10/2022",79.75,FlashReport_June 2026
1771,Uttarakhand,"03/2022
02/2023",93.9,FlashReport_June 2026
1772,Uttarakhand,"12/2023
04/2025",58.09,FlashReport_June 2026
1773,Uttarakhand,"05/2025
02/2026",5.02,FlashReport_June 2026
1774,Uttarakhand,"02/2023
12/2025",0.0,FlashReport_June 2026
1775,West Bengal,"11/2023
11/2025",0.0,FlashReport_June 2026
1776,West Bengal,"03/2023
03/2024",67.28,FlashReport_June 2026
1777,West Bengal,"03/2016
08/2023",16.84,FlashReport_June 2026
1778,West Bengal,"08/2016
11/2016",85.08,FlashReport_June 2026
1779,West Bengal,"03/2022
03/2023",73.5,FlashReport_June 2026
1780,West Bengal,"06/2020
10/2020",95.98,FlashReport_June 2026
1781,West Bengal,"06/2020
10/2020",97.2,FlashReport_June 2026
1782,West Bengal,"03/2018
10/2019",99.23,FlashReport_June 2026
1783,West Bengal,"03/2018
10/2020",97.73,FlashReport_June 2026
1784,West Bengal,"03/2025
11/2025",2.58,FlashReport_June 2026
1785,West Bengal,"11/2023
12/2024",58.15,FlashReport_June 2026
1786,West Bengal,"03/2023
06/2024",39.98,FlashReport_June 2026
1787,West Bengal,"02/2024
08/2024",41.67,FlashReport_June 2026
1788,West Bengal,"03/2024
07/2024",54.02,FlashReport_June 2026
1789,West Bengal,"08/2018
12/2018",96.71,FlashReport_June 2026
1790,West Bengal,"01/2021
02/2022",94.12,FlashReport_June 2026
1791,West Bengal,"03/2023
12/2025",5.5,FlashReport_June 2026
1792,West Bengal,"02/2024
06/2025",32.21,FlashReport_June 2026
1793,Delhi,"10/2014
04/2018",98.0,FlashReport_June 2026
1794,Meghalaya,"09/2019
09/2020",99.84,FlashReport_June 2026
1795,"Multi-States
(Andhra Pradesh,
Bihar,
Chhattisgarh,
Jharkhand,
Madhya Pradesh,
Maharashtra,
Odisha,
Telangana, Uttar
Pradesh, West
Bengal)","04/2022
05/2024",98.28,FlashReport_June 2026
1796,"Multi-States
(Andhra Pradesh,
Bihar,
Chhattisgarh,
Jharkhand,
Madhya Pradesh,
Maharashtra,
Odisha,
Telangana, Uttar
Pradesh, West
Bengal)","05/2018
09/2021",88.0,FlashReport_June 2026
1797,"Multi-States
(Andhra Pradesh,
Chhattisgarh,
Jharkhand,
Maharashtra,
Odisha)","11/2021
05/2022",81.2,FlashReport_June 2026
1798,"Multi-States
(Arunachal
Pradesh, Assam)","12/2020
10/2021",99.6,FlashReport_June 2026
1799,"Multi-States
(Bihar, Madhya
Pradesh,
Rajasthan, Uttar
Pradesh)","12/2019
03/2021",99.0,FlashReport_June 2026
1800,PAN India,"08/2023
06/2025",0.0,FlashReport_June 2026
1801,PAN India,"07/2022
07/2022",85.0,FlashReport_June 2026
1802,PAN India,"11/2020
11/2020",98.4,FlashReport_June 2026
1803,PAN India,"07/2017
10/2011",99.98,FlashReport_June 2026
1804,PAN India,"05/2023
05/2023",92.1,FlashReport_June 2026
1805,PAN India,"05/2023
06/2023",98.41,FlashReport_June 2026
1806,Uttar Pradesh,"08/2023
02/2025",0.0,FlashReport_June 2026
1807,Uttar Pradesh,"08/2023
02/2025",0.0,FlashReport_June 2026
1808,Bihar,"10/2017
03/2022",97.0,FlashReport_June 2026
1809,Bihar,"08/2017
07/2019",59.0,FlashReport_June 2026
1810,Bihar,"08/2017
07/2019",55.0,FlashReport_June 2026
1811,Bihar,"03/2010
03/2018",97.0,FlashReport_June 2026
1812,Bihar,"03/2010
03/2018",95.0,FlashReport_June 2026
1813,Uttar Pradesh,"05/2020
04/2023",84.0,FlashReport_June 2026
1814,Uttar Pradesh,"05/2020
11/2024",56.0,FlashReport_June 2026
1815,West Bengal,"05/2018
12/2021",94.0,FlashReport_June 2026
1816,Andhra Pradesh,"04/2005
01/2006",95.88,FlashReport_June 2026
1817,Andhra Pradesh,"04/2005
04/2005",98.3,FlashReport_June 2026
1818,Andhra Pradesh,"01/2009
11/2009",86.14,FlashReport_June 2026
1819,Assam,"04/1996
12/1996",55.44,FlashReport_June 2026
1820,Chhattisgarh,"04/2008
04/2008",73.0,FlashReport_June 2026
1821,Chhattisgarh,"04/2009
12/2009",86.31,FlashReport_June 2026
1822,Gujarat,"04/1996
04/1996",93.7,FlashReport_June 2026
1823,Jharkhand,"04/2011
01/2012",70.0,FlashReport_June 2026
1824,Karnataka,"04/2014
04/2014",99.32,FlashReport_June 2026
1825,Madhya Pradesh,"04/2008
01/2009",75.0,FlashReport_June 2026
1826,Madhya Pradesh,"04/2007
04/2007",81.52,FlashReport_June 2026
1827,Maharashtra,"05/2002
01/2017",49.52,FlashReport_June 2026
1828,Maharashtra,"04/1996
04/1996",89.57,FlashReport_June 2026
1829,Maharashtra,"04/2008
04/2008",72.65,FlashReport_June 2026
1830,Maharashtra,"04/2009
01/2010",100.0,FlashReport_June 2026
1831,Maharashtra,"04/2008
04/2008",65.0,FlashReport_June 2026
1832,Maharashtra,"04/2009
04/2009",74.0,FlashReport_June 2026
1833,Manipur,"04/1997
04/1997",99.0,FlashReport_June 2026
1834,"Multi-States
(Bihar, Jharkhand)","08/2017
01/2021",44.0,FlashReport_June 2026
1835,"Multi-States
(Madhya Pradesh,
Uttar Pradesh)","NA
03/2022",0.0,FlashReport_June 2026
1836,Odisha,"04/1997
01/1998",62.85,FlashReport_June 2026
1837,Odisha,"12/1995
01/1998",95.5,FlashReport_June 2026
1838,Odisha,"04/2003
01/2004",79.5,FlashReport_June 2026
1839,Punjab,"02/2016
04/2018",95.0,FlashReport_June 2026
1840,Punjab,"02/2010
04/2018",88.0,FlashReport_June 2026
1841,Telangana,"04/1996
04/2005",97.0,FlashReport_June 2026
1842,Telangana,"04/1996
01/2006",92.0,FlashReport_June 2026
1843,Telangana,"04/2006
04/2006",87.7,FlashReport_June 2026
1844,Telangana,"04/2007
01/2008",100.0,FlashReport_June 2026
1845,Uttar Pradesh,"04/2007
12/2007",31.5,FlashReport_June 2026
1846,Uttar Pradesh,"04/2008
04/2008",82.39,FlashReport_June 2026
1847,Uttarakhand,"10/2023
11/2023",26.22,FlashReport_June 2026
1,,,,FlashReport_March 2026
2,,,,FlashReport_March 2026
3,,,,FlashReport_March 2026
4,,,,FlashReport_March 2026
5,,,,FlashReport_March 2026
6,,,,FlashReport_March 2026
7,,,,FlashReport_March 2026
8,,,,FlashReport_March 2026
9,,,,FlashReport_March 2026
10,,,,FlashReport_March 2026
11,,,,FlashReport_March 2026
12,,,,FlashReport_March 2026
13,,,,FlashReport_March 2026
14,,,,FlashReport_March 2026
15,,,,FlashReport_March 2026
16,,,,FlashReport_March 2026
17,,,,FlashReport_March 2026
Total,,,,FlashReport_March 2026
1,,,,FlashReport_March 2026
2,,,,FlashReport_March 2026
3,,,,FlashReport_March 2026
4,,,,FlashReport_March 2026
5,,,,FlashReport_March 2026
6,,,,FlashReport_March 2026
6,,,,FlashReport_March 2026
7,,,,FlashReport_March 2026
8,,,,FlashReport_March 2026
9,,,,FlashReport_March 2026
10,,,,FlashReport_March 2026
11,,,,FlashReport_March 2026
12,,,,FlashReport_March 2026
13,,,,FlashReport_March 2026
14,,,,FlashReport_March 2026
15,,,,FlashReport_March 2026
15,,,,FlashReport_March 2026
16,,,,FlashReport_March 2026
17,,,,FlashReport_March 2026
18,,,,FlashReport_March 2026
19,,,,FlashReport_March 2026
19,,,,FlashReport_March 2026
20,,,,FlashReport_March 2026
21,,,,FlashReport_March 2026
22,,,,FlashReport_March 2026
23,,,,FlashReport_March 2026
24,,,,FlashReport_March 2026
24,,,,FlashReport_March 2026
25,,,,FlashReport_March 2026
26,,,,FlashReport_March 2026
27,,,,FlashReport_March 2026
28,,,,FlashReport_March 2026
29,,,,FlashReport_March 2026
29,,,,FlashReport_March 2026
30,,,,FlashReport_March 2026
31,,,,FlashReport_March 2026
32,,,,FlashReport_March 2026
33,,,,FlashReport_March 2026
33,,,,FlashReport_March 2026
34,,,,FlashReport_March 2026
35,,,,FlashReport_March 2026
17,Gujarat,"11/2019
09/2021",,FlashReport_March 2026
18,Jammu and Kashmir,"09/2021
04/2022",,FlashReport_March 2026
19,Jammu and Kashmir,"12/2017
01/2018",,FlashReport_March 2026
20,Karnataka,"03/2018
12/2018",,FlashReport_March 2026
21,"Multi-States (Andhra
Pradesh, Karnataka)","03/2018
10/2019",,FlashReport_March 2026
22,"Multi-States (Uttar
Pradesh, Uttarakhand)","01/2015
10/2017",,FlashReport_March 2026
23,Punjab,"03/2021
10/2022",,FlashReport_March 2026
24,Uttar Pradesh,"10/2021
10/2022",,FlashReport_March 2026
25,Chhattisgarh,"07/2021
10/2022",,FlashReport_March 2026
1,Bihar,"01/2021
03/2022",,FlashReport_March 2026
2,Bihar,12/2018,,FlashReport_March 2026
3,Bihar,"01/2021
04/2022",,FlashReport_March 2026
4,Bihar,"02/2021
03/2022",,FlashReport_March 2026
5,"Multi-States (Bihar,
Jharkhand)","02/2021
08/2022",,FlashReport_March 2026
6,"Multi-States (Himachal
Pradesh, Uttarakhand)","03/2022
05/2023",,FlashReport_March 2026
7,Rajasthan,"03/2025
03/2026",,FlashReport_March 2026
8,Uttar Pradesh,"11/2020
10/2021",,FlashReport_March 2026
9,Uttarakhand,"03/2022
02/2023",,FlashReport_March 2026
10,Uttarakhand,"12/2023
04/2025",,FlashReport_March 2026
11,Uttarakhand,"05/2025
02/2026",,FlashReport_March 2026
12,Uttarakhand,"02/2023
12/2025",,FlashReport_March 2026
1,Assam,"12/2016
03/2018",97.0,FlashReport_March 2026
2,Manipur,"11/2021
07/2022",49.33,FlashReport_March 2026
3,Sikkim,"11/2023
12/2023",33.6,FlashReport_March 2026
4,Assam,"07/2022
07/2022",89.0,FlashReport_March 2026
5,Assam,"11/2022
11/2022",3.4,FlashReport_March 2026
6,Arunachal Pradesh,"09/2009
03/2013",80.0,FlashReport_March 2026
7,Assam,"05/2019
06/2021",97.6,FlashReport_March 2026
8,Meghalaya,"09/2009
09/2014",94.0,FlashReport_March 2026
9,Mizoram,"09/2009
06/2014",4.0,FlashReport_March 2026
10,Nagaland,"09/2009
12/2014",98.0,FlashReport_March 2026
11,Sikkim,"08/2020
01/2022",93.0,FlashReport_March 2026
12,Sikkim,"02/2024
03/2024",34.0,FlashReport_March 2026
13,Manipur,"NA
01/2022",96.5,FlashReport_March 2026
14,Arunachal Pradesh,"12/2024
05/2025",2.21,FlashReport_March 2026
15,Arunachal Pradesh,"12/2024
05/2025",3.47,FlashReport_March 2026
16,Arunachal Pradesh,"02/2023
02/2023",17.25,FlashReport_March 2026
17,"Multi-States (Assam,
Arunachal Pradesh)","09/2003
01/2005",97.57,FlashReport_March 2026
18,Sikkim,"03/2021
08/2021",96.32,FlashReport_March 2026
19,Sikkim,"03/2019
03/2020",72.08,FlashReport_March 2026
20,Arunachal Pradesh,"08/2025
08/2025",1.1,FlashReport_March 2026
21,"Multi-States
(Meghalaya, Mizoram,
Manipur, Nagaland,
Tripura, Assam)","12/2014
03/2016",98.87,FlashReport_March 2026
22,"Multi-States (Sikkim,
Arunachal Pradesh)","10/2014
10/2014",83.3,FlashReport_March 2026
23,Assam,"03/2023
03/2023",80.1,FlashReport_March 2026
24,Assam,"03/2023
03/2023",70.6,FlashReport_March 2026
25,Assam,"01/2019
01/2019",92.1,FlashReport_March 2026
26,Mizoram,"07/2024
07/2024",31.0,FlashReport_March 2026
27,Tripura,"06/2022
06/2022",96.6,FlashReport_March 2026
28,Assam,"07/2020
07/2020",84.0,FlashReport_March 2026
29,Assam,"01/2018
01/2018",94.3,FlashReport_March 2026
30,Assam,"05/2021
05/2021",94.7,FlashReport_March 2026
31,Assam,"12/2020
12/2020",91.6,FlashReport_March 2026
32,Assam,"12/2024
12/2024",23.0,FlashReport_March 2026
33,Assam,"12/2022
12/2022",56.5,FlashReport_March 2026
34,Assam,"04/2022
04/2022",80.8,FlashReport_March 2026
35,Assam,"06/2022
06/2022",54.1,FlashReport_March 2026
36,Assam,"01/2023
01/2023",52.5,FlashReport_March 2026
37,Assam,"09/2023
09/2023",54.8,FlashReport_March 2026
38,Assam,"08/2021
08/2021",73.4,FlashReport_March 2026
39,Assam,"04/2023
04/2023",99.0,FlashReport_March 2026
40,"Multi-States (Manipur,
Mizoram, Meghalaya,
Nagaland, Tripura,
Assam, Sikkim,
Arunachal Pradesh)","04/2020
04/2020",87.4,FlashReport_March 2026
41,Nagaland,"08/2023
08/2023",40.1,FlashReport_March 2026
42,Tripura,"03/2022
03/2022",68.2,FlashReport_March 2026
43,Sikkim,"10/2018
12/2018",92.0,FlashReport_March 2026
44,Assam,"12/2017
10/2021",98.0,FlashReport_March 2026
45,Assam,"09/2025
09/2025",0.0,FlashReport_March 2026
46,Assam,"09/2018
01/2022",0.0,FlashReport_March 2026
47,Assam,"09/2018
01/2022",0.0,FlashReport_March 2026
48,Assam,"09/2020
09/2018",89.0,FlashReport_March 2026
49,Assam,"09/2016
09/2016",93.29,FlashReport_March 2026
50,Manipur,"03/2013
12/2007",72.1,FlashReport_March 2026
51,"Multi-States (Assam,
Arunachal Pradesh)","02/2011
03/2023",67.0,FlashReport_March 2026
52,"Multi-States (Assam,
Nagaland)","08/2015
02/2016",42.0,FlashReport_March 2026
53,"Multi-States (Assam,
Nagaland)","02/2024
01/2025",2.0,FlashReport_March 2026
54,Sikkim,"10/2009
05/2010",92.5,FlashReport_March 2026
55,Arunachal Pradesh,"06/2020
12/2021",51.37,FlashReport_March 2026
56,Arunachal Pradesh,"03/2019
11/2020",96.61,FlashReport_March 2026
57,Arunachal Pradesh,"08/2020
06/2025",17.81,FlashReport_March 2026
58,Arunachal Pradesh,"02/2024
07/2025",1.7,FlashReport_March 2026
59,Arunachal Pradesh,"02/2024
03/2025",16.58,FlashReport_March 2026
60,Arunachal Pradesh,"02/2024
01/2025",49.1,FlashReport_March 2026
61,Arunachal Pradesh,"12/2023
05/2025",21.02,FlashReport_March 2026
62,Arunachal Pradesh,"01/2024
01/2025",34.88,FlashReport_March 2026
63,Arunachal Pradesh,"02/2017
10/2020",99.52,FlashReport_March 2026
64,Arunachal Pradesh,"02/2017
10/2020",99.69,FlashReport_March 2026
65,Arunachal Pradesh,"02/2017
03/2018",81.69,FlashReport_March 2026
66,Assam,"01/2024
01/2025",36.56,FlashReport_March 2026
67,Assam,"01/2023
12/2023",20.45,FlashReport_March 2026
68,Assam,"01/2023
05/2023",83.29,FlashReport_March 2026
69,Assam,"03/2023
08/2023",81.9,FlashReport_March 2026
70,Assam,"03/2023
08/2023",87.5,FlashReport_March 2026
71,Assam,"03/2023
08/2023",85.2,FlashReport_March 2026
72,Assam,"12/2023
03/2024",85.29,FlashReport_March 2026
73,Assam,"03/2022
11/2024",77.66,FlashReport_March 2026
74,Assam,"03/2022
01/2023",100.0,FlashReport_March 2026
75,Assam,"05/2019
12/2020",73.81,FlashReport_March 2026
76,Assam,"01/2016
10/2017",97.13,FlashReport_March 2026
77,Assam,"03/2015
12/2016",100.0,FlashReport_March 2026
78,Assam,"01/2016
09/2024",100.0,FlashReport_March 2026
79,Assam,"01/2016
01/2023",100.0,FlashReport_March 2026
80,Assam,"01/2024
02/2024",96.79,FlashReport_March 2026
100,Assam,"03/2024
04/2025",17.1,FlashReport_March 2026
101,Assam,"03/2023
02/2025",20.0,FlashReport_March 2026
102,Assam,"03/2024
09/2025",0.0,FlashReport_March 2026
103,Assam,"02/2024
04/2025",10.91,FlashReport_March 2026
104,Assam,"03/2024
03/2025",31.34,FlashReport_March 2026
105,Assam,"02/2024
02/2025",33.22,FlashReport_March 2026
106,Assam,"02/2024
08/2025",14.6,FlashReport_March 2026
107,Assam,"03/2023
08/2024",57.17,FlashReport_March 2026
108,Assam,"02/2024
09/2025",0.0,FlashReport_March 2026
109,Assam,"01/2023
11/2023",97.01,FlashReport_March 2026
110,Assam,"11/2021
01/2023",0.0,FlashReport_March 2026
111,Assam,"03/2025
12/2025",0.0,FlashReport_March 2026
112,Assam,"03/2023
12/2023",56.65,FlashReport_March 2026
113,Assam,"03/2023
12/2023",50.1,FlashReport_March 2026
114,Assam,"03/2023
12/2023",77.0,FlashReport_March 2026
115,Assam,"03/2021
10/2023",100.0,FlashReport_March 2026
116,Assam,"09/2021
11/2021",76.11,FlashReport_March 2026
117,Assam,"11/2023
12/2024",12.45,FlashReport_March 2026
118,Assam,"02/2024
02/2025",25.08,FlashReport_March 2026
119,Assam,"03/2020
06/2020",97.76,FlashReport_March 2026
120,Manipur,"02/2021
06/2021",100.0,FlashReport_March 2026
121,Manipur,"02/2021
06/2021",74.58,FlashReport_March 2026
122,Manipur,"09/2021
08/2022",96.77,FlashReport_March 2026
123,Manipur,"09/2021
07/2023",90.91,FlashReport_March 2026
124,Manipur,"03/2023
03/2024",79.5,FlashReport_March 2026
125,Manipur,"03/2023
05/2025",14.08,FlashReport_March 2026
126,Manipur,"03/2023
12/2024",22.55,FlashReport_March 2026
127,Manipur,"03/2023
12/2024",23.56,FlashReport_March 2026
128,Manipur,"03/2020
07/2020",88.85,FlashReport_March 2026
129,Manipur,"03/2020
07/2020",97.12,FlashReport_March 2026
130,Manipur,"09/2020
02/2025",41.99,FlashReport_March 2026
131,Manipur,"09/2020
10/2020",87.3,FlashReport_March 2026
132,Manipur,"09/2020
12/2024",52.66,FlashReport_March 2026
133,Manipur,"03/2021
07/2021",85.64,FlashReport_March 2026
134,Manipur,"09/2021
11/2021",85.36,FlashReport_March 2026
135,Manipur,"09/2021
11/2021",85.36,FlashReport_March 2026
136,Manipur,"03/2021
06/2021",100.0,FlashReport_March 2026
137,Manipur,"07/2021
09/2021",93.71,FlashReport_March 2026
138,Manipur,"04/2020
08/2025",21.39,FlashReport_March 2026
139,Manipur,"06/2020
11/2025",0.97,FlashReport_March 2026
140,Manipur,"04/2020
07/2020",96.54,FlashReport_March 2026
141,Manipur,"04/2020
07/2020",96.35,FlashReport_March 2026
142,Manipur,"06/2020
08/2020",85.09,FlashReport_March 2026
143,Manipur,"03/2021
08/2021",82.93,FlashReport_March 2026
144,Manipur,"03/2021
03/2025",76.18,FlashReport_March 2026
145,Manipur,"03/2021
09/2021",86.33,FlashReport_March 2026
146,Manipur,"09/2021
06/2022",83.98,FlashReport_March 2026
147,Manipur,"12/2021
11/2022",87.95,FlashReport_March 2026
148,Manipur,"12/2021
02/2023",95.0,FlashReport_March 2026
149,Manipur,"01/2023
12/2023",90.2,FlashReport_March 2026
150,Meghalaya,"03/2023
03/2025",38.75,FlashReport_March 2026
151,Meghalaya,"03/2023
09/2025",24.13,FlashReport_March 2026
152,Meghalaya,"12/2023
05/2025",2.5,FlashReport_March 2026
153,Meghalaya,"03/2023
09/2024",68.85,FlashReport_March 2026
154,Meghalaya,"03/2023
09/2024",46.51,FlashReport_March 2026
155,Meghalaya,"03/2023
09/2024",50.91,FlashReport_March 2026
156,Meghalaya,"09/2021
05/2022",80.49,FlashReport_March 2026
157,Meghalaya,"08/2020
02/2022",99.1,FlashReport_March 2026
158,Meghalaya,"07/2020
10/2023",93.06,FlashReport_March 2026
159,Meghalaya,"07/2020
02/2024",49.31,FlashReport_March 2026
160,Meghalaya,"07/2020
04/2024",49.05,FlashReport_March 2026
161,Meghalaya,"07/2020
05/2024",38.77,FlashReport_March 2026
162,Mizoram,"09/2021
09/2023",95.31,FlashReport_March 2026
163,Mizoram,"12/2021
07/2025",17.86,FlashReport_March 2026
164,Mizoram,"12/2021
07/2025",17.12,FlashReport_March 2026
165,Mizoram,"11/2021
07/2025",11.86,FlashReport_March 2026
166,Mizoram,"03/2020
07/2020",0.0,FlashReport_March 2026
167,Mizoram,"03/2020
07/2020",0.0,FlashReport_March 2026
168,Mizoram,"02/2023
10/2025",15.1,FlashReport_March 2026
169,Mizoram,"01/2024
12/2025",0.0,FlashReport_March 2026
170,Mizoram,"09/2019
10/2019",99.88,FlashReport_March 2026
171,Mizoram,"09/2019
03/2020",99.82,FlashReport_March 2026
172,Mizoram,"09/2019
10/2020",100.0,FlashReport_March 2026
173,Mizoram,"09/2019
12/2019",98.73,FlashReport_March 2026
174,Mizoram,"09/2019
10/2019",97.51,FlashReport_March 2026
175,Mizoram,"09/2019
10/2019",95.35,FlashReport_March 2026
176,Mizoram,"12/2021
07/2025",6.72,FlashReport_March 2026
177,Mizoram,"02/2024
10/2025",18.9,FlashReport_March 2026
178,Mizoram,"02/2024
11/2025",13.95,FlashReport_March 2026
179,Mizoram,"03/2021
06/2021",64.78,FlashReport_March 2026
180,Mizoram,"06/2021
07/2021",61.34,FlashReport_March 2026
181,Mizoram,"02/2023
12/2024",4.71,FlashReport_March 2026
182,Mizoram,"12/2021
11/2023",75.35,FlashReport_March 2026
183,"Multi-States (Arunachal
Pradesh, Assam)","03/2023
09/2024",96.45,FlashReport_March 2026
184,Nagaland,"02/2017
09/2017",0.0,FlashReport_March 2026
185,Nagaland,"06/2020
06/2024",44.46,FlashReport_March 2026
186,Nagaland,"03/2016
09/2023",82.59,FlashReport_March 2026
187,Nagaland,"02/2021
06/2023",0.0,FlashReport_March 2026
188,Nagaland,"03/2021
07/2022",100.0,FlashReport_March 2026
189,Nagaland,"12/2022
08/2023",87.0,FlashReport_March 2026
190,Nagaland,"12/2022
08/2023",85.67,FlashReport_March 2026
191,Nagaland,"12/2022
08/2023",50.63,FlashReport_March 2026
192,Nagaland,"07/2020
10/2020",45.5,FlashReport_March 2026
193,Nagaland,"07/2020
06/2023",36.77,FlashReport_March 2026
194,Nagaland,"03/2018
09/2023",75.05,FlashReport_March 2026
195,Nagaland,"07/2020
10/2020",69.57,FlashReport_March 2026
196,Nagaland,"07/2020
11/2023",25.61,FlashReport_March 2026
197,Nagaland,"03/2020
11/2023",93.04,FlashReport_March 2026
198,Nagaland,"03/2020
01/2024",40.48,FlashReport_March 2026
199,Nagaland,"03/2018
08/2023",100.0,FlashReport_March 2026
200,Nagaland,"03/2021
09/2023",99.5,FlashReport_March 2026
201,Nagaland,"02/2021
06/2023",90.68,FlashReport_March 2026
202,Nagaland,"01/2021
09/2023",93.13,FlashReport_March 2026
203,Sikkim,"07/2020
10/2020",65.1,FlashReport_March 2026
204,Sikkim,"07/2020
10/2020",80.46,FlashReport_March 2026
205,Sikkim,"10/2020
12/2020",60.88,FlashReport_March 2026
1,Andhra Pradesh,"03/2023
01/2024",60.0,FlashReport_March 2026
2,Andhra Pradesh,"06/2020
09/2020",87.2,FlashReport_March 2026
3,Andhra Pradesh,"12/2022
08/2023",86.0,FlashReport_March 2026
4,Assam,"12/2016
03/2018",97.0,FlashReport_March 2026
5,Bihar,"08/2024
04/2025",1.28,FlashReport_March 2026
6,Bihar,"07/2024
07/2024",61.0,FlashReport_March 2026
7,Bihar,"10/2018
10/2018",98.04,FlashReport_March 2026
8,Goa,"11/2017
12/2019",99.75,FlashReport_March 2026
9,Gujarat,"NA
07/2025",28.0,FlashReport_March 2026
10,Gujarat,"06/2022
07/2022",81.0,FlashReport_March 2026
11,"Jammu and
Kashmir","10/2023
12/2023",48.1,FlashReport_March 2026
12,Karnataka,"06/2023
01/2024",72.5,FlashReport_March 2026
13,Karnataka,"06/2023
02/2024",82.0,FlashReport_March 2026
14,Kerala,"06/2023
02/2024",55.0,FlashReport_March 2026
15,Ladakh,"07/2018
09/2018",78.7,FlashReport_March 2026
16,Manipur,"11/2021
07/2022",49.33,FlashReport_March 2026
17,"Multi-States
(Karnataka,
Maharashtra,
Telangana, Uttar
Pradesh)","12/2020
10/2022",78.0,FlashReport_March 2026
18,Rajasthan,"08/2025
10/2025",10.0,FlashReport_March 2026
19,Rajasthan,"06/2022
05/2023",97.35,FlashReport_March 2026
20,Rajasthan,"06/2023
11/2023",64.96,FlashReport_March 2026
21,Sikkim,"11/2023
12/2023",33.6,FlashReport_March 2026
22,Tamil Nadu,"05/2018
06/2023",35.0,FlashReport_March 2026
23,Uttar Pradesh,"07/2024
07/2024",25.0,FlashReport_March 2026
24,Uttar Pradesh,"06/2024
07/2024",38.35,FlashReport_March 2026
25,West Bengal,"08/2024
09/2024",21.58,FlashReport_March 2026
26,West Bengal,"03/2023
12/2023",58.0,FlashReport_March 2026
27,Assam,"07/2022
07/2022",89.0,FlashReport_March 2026
28,Assam,"11/2022
11/2022",3.4,FlashReport_March 2026
29,Chhattisgarh,"12/2020
12/2020",10.36,FlashReport_March 2026
30,Chhattisgarh,"08/2020
08/2020",55.95,FlashReport_March 2026
31,Chhattisgarh,"12/2020
12/2020",37.32,FlashReport_March 2026
32,Chhattisgarh,"03/2016
03/2016",78.48,FlashReport_March 2026
33,Chhattisgarh,"02/2015
02/2015",42.47,FlashReport_March 2026
34,Chhattisgarh,"07/2015
07/2015",78.86,FlashReport_March 2026
35,Chhattisgarh,"07/2016
07/2016",96.15,FlashReport_March 2026
36,Chhattisgarh,"05/2018
05/2018",54.6,FlashReport_March 2026
37,Chhattisgarh,"01/2023
01/2023",2.01,FlashReport_March 2026
38,Chhattisgarh,"10/2022
10/2022",40.34,FlashReport_March 2026
39,Chhattisgarh,"11/2024
11/2024",21.28,FlashReport_March 2026
40,Chhattisgarh,"01/2025
01/2025",21.29,FlashReport_March 2026
41,Chhattisgarh,"09/2025
09/2025",0.01,FlashReport_March 2026
42,Chhattisgarh,"12/2024
12/2024",0.0,FlashReport_March 2026
43,Jharkhand,"08/2022
08/2022",63.22,FlashReport_March 2026
44,Jharkhand,"01/2022
01/2022",46.25,FlashReport_March 2026
45,Jharkhand,"01/2022
01/2022",22.38,FlashReport_March 2026
46,Jharkhand,"03/2024
03/2024",16.72,FlashReport_March 2026
47,Jharkhand,"08/2020
08/2020",24.75,FlashReport_March 2026
48,Jharkhand,"08/2020
08/2020",43.1,FlashReport_March 2026
49,Jharkhand,"03/2016
11/2019",87.0,FlashReport_March 2026
50,Jharkhand,"08/2020
08/2020",38.86,FlashReport_March 2026
51,Jharkhand,"07/2021
07/2021",68.91,FlashReport_March 2026
52,Jharkhand,"01/2021
01/2021",21.74,FlashReport_March 2026
53,Jharkhand,"11/2020
11/2020",10.19,FlashReport_March 2026
54,Jharkhand,"05/2021
05/2021",26.86,FlashReport_March 2026
55,Jharkhand,"02/2020
02/2020",43.57,FlashReport_March 2026
56,Jharkhand,"12/2009
12/2009",77.19,FlashReport_March 2026
57,Jharkhand,"08/2018
08/2018",53.03,FlashReport_March 2026
58,Jharkhand,"08/2020
08/2020",29.39,FlashReport_March 2026
59,Jharkhand,"08/2011
08/2011",82.42,FlashReport_March 2026
60,Jharkhand,"10/2015
04/2016",51.44,FlashReport_March 2026
61,Jharkhand,"01/2023
01/2023",28.85,FlashReport_March 2026
62,Jharkhand,"02/2011
02/2011",70.39,FlashReport_March 2026
63,Jharkhand,"11/2020
11/2020",21.47,FlashReport_March 2026
64,Jharkhand,"05/2020
05/2020",54.26,FlashReport_March 2026
65,Jharkhand,"11/2019
11/2019",30.12,FlashReport_March 2026
66,Jharkhand,"12/2023
12/2023",0.05,FlashReport_March 2026
67,Jharkhand,"02/2020
02/2020",33.27,FlashReport_March 2026
68,Jharkhand,"03/2024
03/2024",4.16,FlashReport_March 2026
69,Jharkhand,"06/2025
07/2025",23.0,FlashReport_March 2026
70,Madhya Pradesh,"03/2016
03/2016",75.15,FlashReport_March 2026
71,Madhya Pradesh,"07/2019
07/2019",50.0,FlashReport_March 2026
72,Madhya Pradesh,"11/2020
11/2020",48.52,FlashReport_March 2026
73,Madhya Pradesh,"12/2014
12/2014",58.2,FlashReport_March 2026
74,Madhya Pradesh,"01/2024
01/2024",41.29,FlashReport_March 2026
75,Madhya Pradesh,"12/2021
12/2021",17.78,FlashReport_March 2026
76,Madhya Pradesh,"09/2022
09/2022",67.13,FlashReport_March 2026
77,Madhya Pradesh,"11/2022
11/2022",11.2,FlashReport_March 2026
78,Madhya Pradesh,"07/2022
01/2023",2.02,FlashReport_March 2026
79,Madhya Pradesh,"07/2022
09/2023",9.39,FlashReport_March 2026
80,Madhya Pradesh,"08/2019
08/2019",56.88,FlashReport_March 2026
81,Madhya Pradesh,"02/2025
02/2025",1.32,FlashReport_March 2026
82,Madhya Pradesh,"05/2025
05/2025",0.3,FlashReport_March 2026
83,Maharashtra,"02/2020
05/2022",33.15,FlashReport_March 2026
84,Maharashtra,"08/2015
08/2015",80.77,FlashReport_March 2026
85,Maharashtra,"02/2020
02/2020",37.01,FlashReport_March 2026
86,Maharashtra,"02/2019
10/2021",19.02,FlashReport_March 2026
87,Maharashtra,"01/2022
01/2022",69.33,FlashReport_March 2026
88,Maharashtra,"08/2020
08/2020",20.75,FlashReport_March 2026
89,Maharashtra,"05/2019
09/2022",24.17,FlashReport_March 2026
90,Maharashtra,"06/2022
06/2022",12.2,FlashReport_March 2026
91,Maharashtra,"05/2022
05/2022",9.56,FlashReport_March 2026
92,Maharashtra,"04/2021
04/2021",8.44,FlashReport_March 2026
93,Maharashtra,"01/2023
09/2023",2.82,FlashReport_March 2026
94,Maharashtra,"12/2022
12/2022",5.17,FlashReport_March 2026
95,Maharashtra,"10/2023
10/2023",2.19,FlashReport_March 2026
96,Maharashtra,"03/2021
03/2021",12.62,FlashReport_March 2026
97,Maharashtra,"04/2024
04/2024",3.0,FlashReport_March 2026
98,Maharashtra,"08/2023
06/2024",2.31,FlashReport_March 2026
99,Maharashtra,"02/2017
09/2022",15.46,FlashReport_March 2026
100,Maharashtra,"06/2024
06/2024",27.92,FlashReport_March 2026
101,Maharashtra,"08/2016
08/2016",79.83,FlashReport_March 2026
102,Maharashtra,"11/2018
01/2019",93.25,FlashReport_March 2026
103,Maharashtra,"09/2018
09/2018",98.91,FlashReport_March 2026
104,Maharashtra,"11/2018
11/2018",86.49,FlashReport_March 2026
105,Maharashtra,"09/2024
09/2024",2.52,FlashReport_March 2026
106,Maharashtra,"01/2024
01/2025",0.01,FlashReport_March 2026
107,Maharashtra,"06/2024
02/2025",0.26,FlashReport_March 2026
108,Maharashtra,"08/2025
08/2025",0.0,FlashReport_March 2026
109,"Multi-States
(Jharkhand, West
Bengal)","08/2009
08/2009",43.6,FlashReport_March 2026
110,"Multi-States
(Madhya Pradesh,
Uttar Pradesh)","08/2020
08/2020",89.9,FlashReport_March 2026
111,"Multi-States
(Madhya Pradesh,
Uttar Pradesh)","06/2021
06/2021",55.57,FlashReport_March 2026
112,Odisha,"05/2021
05/2021",44.97,FlashReport_March 2026
113,Odisha,"02/2021
02/2021",58.78,FlashReport_March 2026
114,Odisha,"08/2020
08/2020",55.65,FlashReport_March 2026
115,Odisha,"04/2022
04/2022",55.98,FlashReport_March 2026
116,Odisha,"05/2018
05/2018",76.34,FlashReport_March 2026
117,Odisha,"11/2018
11/2018",51.58,FlashReport_March 2026
118,Odisha,"05/2014
05/2014",67.35,FlashReport_March 2026
119,Odisha,"03/2020
03/2020",80.0,FlashReport_March 2026
120,Odisha,"04/2023
04/2023",4.99,FlashReport_March 2026
121,Odisha,"03/2024
03/2024",31.61,FlashReport_March 2026
122,Odisha,"11/2022
11/2022",28.9,FlashReport_March 2026
123,Odisha,"04/2023
04/2023",14.49,FlashReport_March 2026
124,Odisha,"10/2022
05/2023",72.15,FlashReport_March 2026
125,Telangana,"12/2021
12/2021",20.0,FlashReport_March 2026
126,Telangana,"03/2016
05/2017",75.0,FlashReport_March 2026
127,Telangana,"07/2019
05/2019",71.0,FlashReport_March 2026
128,Telangana,"08/2017
12/2022",81.0,FlashReport_March 2026
129,Telangana,"07/2021
08/2021",29.0,FlashReport_March 2026
130,Telangana,"10/2020
06/2020",97.0,FlashReport_March 2026
131,Telangana,"08/2017
09/2017",63.0,FlashReport_March 2026
132,West Bengal,"11/2020
11/2020",31.52,FlashReport_March 2026
133,West Bengal,"08/2021
08/2021",17.09,FlashReport_March 2026
134,West Bengal,"08/2018
08/2018",27.52,FlashReport_March 2026
135,West Bengal,"05/2018
05/2018",14.61,FlashReport_March 2026
136,West Bengal,"01/2023
01/2023",11.9,FlashReport_March 2026
137,West Bengal,"04/2020
04/2020",45.43,FlashReport_March 2026
138,West Bengal,"07/2021
07/2021",18.47,FlashReport_March 2026
139,West Bengal,"12/2015
03/2019",97.55,FlashReport_March 2026
140,West Bengal,"12/2023
12/2023",8.34,FlashReport_March 2026
141,West Bengal,"04/2020
04/2020",16.79,FlashReport_March 2026
142,West Bengal,"01/2023
01/2023",22.13,FlashReport_March 2026
143,West Bengal,"11/2024
11/2024",0.22,FlashReport_March 2026
144,Gujarat,"07/2022
01/2024",51.0,FlashReport_March 2026
145,Gujarat,"08/2023
06/2024",31.0,FlashReport_March 2026
146,Gujarat,"07/2022
03/2024",0.0,FlashReport_March 2026
147,Gujarat,"07/2022
04/2024",1.2,FlashReport_March 2026
148,Odisha,"01/2017
01/2024",2.1,FlashReport_March 2026
149,Rajasthan,"07/2022
03/2023",100.0,FlashReport_March 2026
150,Tamil Nadu,"08/2023
02/2024",100.0,FlashReport_March 2026
151,Uttar Pradesh,"07/2016
08/2016",95.01,FlashReport_March 2026
152,Chhattisgarh,"05/2018
03/2017",43.2,FlashReport_March 2026
153,Jharkhand,"02/2018
05/2022",66.0,FlashReport_March 2026
154,Jharkhand,"07/2016
10/2016",36.0,FlashReport_March 2026
155,Jharkhand,"02/2019
09/2019",59.54,FlashReport_March 2026
156,Arunachal Pradesh,"02/2023
02/2023",17.25,FlashReport_March 2026
157,Arunachal Pradesh,"12/2024
05/2025",3.47,FlashReport_March 2026
158,Arunachal Pradesh,"12/2024
05/2025",2.21,FlashReport_March 2026
159,Bihar,"03/2019
06/2019",94.1,FlashReport_March 2026
160,Bihar,"11/2024
03/2025",9.15,FlashReport_March 2026
161,Chhattisgarh,"08/2023
08/2023",27.0,FlashReport_March 2026
162,Chhattisgarh,"09/2024
09/2024",18.7,FlashReport_March 2026
163,Gujarat,"03/2021
05/2021",51.86,FlashReport_March 2026
164,Himachal Pradesh,"10/2020
05/2021",76.18,FlashReport_March 2026
165,Himachal Pradesh,"11/2020
11/2020",51.32,FlashReport_March 2026
166,Himachal Pradesh,"01/2023
01/2023",33.56,FlashReport_March 2026
167,"Jammu and
Kashmir","10/2014
02/2018",80.0,FlashReport_March 2026
168,"Jammu and
Kashmir","03/2019
02/2020",82.19,FlashReport_March 2026
169,"Jammu and
Kashmir","02/2021
01/2022",28.79,FlashReport_March 2026
170,"Jammu and
Kashmir","05/2022
11/2022",32.82,FlashReport_March 2026
171,Jharkhand,"11/2017
11/2017",88.7,FlashReport_March 2026
172,Jharkhand,"04/2023
11/2024",10.88,FlashReport_March 2026
173,Madhya Pradesh,"11/2024
05/2025",6.0,FlashReport_March 2026
174,"Multi-States
(Arunachal
Pradesh, Assam)","09/2003
01/2005",97.57,FlashReport_March 2026
175,Odisha,"08/2022
09/2022",48.2,FlashReport_March 2026
176,Sikkim,"03/2019
03/2020",72.08,FlashReport_March 2026
177,Sikkim,"03/2021
08/2021",96.32,FlashReport_March 2026
178,Uttar Pradesh,"03/2024
03/2024",18.4,FlashReport_March 2026
179,Uttarakhand,"11/2006
11/2006",77.0,FlashReport_March 2026
180,Uttarakhand,"08/2008
01/2014",79.0,FlashReport_March 2026
181,West Bengal,"01/2023
02/2025",8.7,FlashReport_March 2026
182,West Bengal,"09/2014
09/2014",54.71,FlashReport_March 2026
183,West Bengal,"06/2019
02/2021",96.0,FlashReport_March 2026
184,,"06/2024
06/2024",24.39,FlashReport_March 2026
185,Andhra Pradesh,"09/2023
09/2023",97.52,FlashReport_March 2026
186,Andhra Pradesh,"03/2025
03/2025",20.2,FlashReport_March 2026
187,Arunachal Pradesh,"08/2025
08/2025",1.1,FlashReport_March 2026
188,Gujarat,"12/2023
12/2023",55.23,FlashReport_March 2026
189,Gujarat,"07/2023
07/2023",99.6,FlashReport_March 2026
190,Gujarat,"05/2024
05/2024",48.0,FlashReport_March 2026
191,Gujarat,"10/2024
10/2024",8.1,FlashReport_March 2026
192,Gujarat,"11/2024
11/2024",5.0,FlashReport_March 2026
193,Gujarat,"10/2024
10/2024",22.08,FlashReport_March 2026
194,Gujarat,"02/2025
02/2025",18.0,FlashReport_March 2026
195,Gujarat,"03/2025
03/2025",30.0,FlashReport_March 2026
196,Gujarat,"02/2025
02/2025",1.0,FlashReport_March 2026
197,Gujarat,"NA
10/2024",17.0,FlashReport_March 2026
198,Gujarat,"03/2025
03/2025",1.2,FlashReport_March 2026
199,Gujarat,"NA
12/2025",0.0,FlashReport_March 2026
200,Gujarat,"09/2024
09/2024",15.0,FlashReport_March 2026
201,Gujarat,"08/2024
08/2024",58.0,FlashReport_March 2026
202,"Jammu and
Kashmir","07/2024
07/2024",1.5,FlashReport_March 2026
203,Jharkhand,"02/2012
02/2012",95.4,FlashReport_March 2026
204,Karnataka,"12/2023
12/2023",80.41,FlashReport_March 2026
205,Karnataka,"01/2025
01/2025",17.22,FlashReport_March 2026
206,Karnataka,"02/2025
02/2025",6.0,FlashReport_March 2026
207,Karnataka,"03/2025
03/2025",11.53,FlashReport_March 2026
208,Karnataka,"09/2025
09/2025",2.2,FlashReport_March 2026
209,Kerala,"08/2025
08/2025",1.0,FlashReport_March 2026
210,Madhya Pradesh,"10/2024
10/2024",35.17,FlashReport_March 2026
211,Madhya Pradesh,"08/2024
08/2024",55.0,FlashReport_March 2026
212,Madhya Pradesh,"06/2025
06/2025",5.67,FlashReport_March 2026
213,Madhya Pradesh,"10/2025
10/2025",2.2,FlashReport_March 2026
214,Madhya Pradesh,"03/2025
03/2025",16.0,FlashReport_March 2026
215,Maharashtra,"11/2023
11/2023",90.8,FlashReport_March 2026
216,Maharashtra,"NA
05/2025",5.0,FlashReport_March 2026
217,"Multi-States
(Andhra Pradesh,
Karnataka)","03/2025
03/2025",15.07,FlashReport_March 2026
218,"Multi-States
(Andhra Pradesh,
Karnataka)","08/2024
03/2025",40.0,FlashReport_March 2026
219,"Multi-States
(Andhra Pradesh,
Odisha)","02/2026
02/2026",0.5,FlashReport_March 2026
220,"Multi-States
(Andhra Pradesh,
Telangana)","11/2022
03/2023",99.68,FlashReport_March 2026
221,"Multi-States
(Arunachal
Pradesh, Sikkim)","10/2014
10/2014",83.3,FlashReport_March 2026
222,"Multi-States
(Assam, Manipur,
Meghalaya,
Mizoram,
Nagaland, Tripura)","12/2014
03/2016",98.87,FlashReport_March 2026
223,"Multi-States
(Bihar, Odisha,
West Bengal)","09/2024
09/2024",29.36,FlashReport_March 2026
224,"Multi-States
(Bihar, Uttar
Pradesh)","10/2025
10/2025",1.8,FlashReport_March 2026
225,"Multi-States
(Bihar, West
Bengal)","11/2024
11/2024",1.1,FlashReport_March 2026
226,"Multi-States
(Dadra & Nagar
Haveli and Daman
& Diu, Gujarat,
Maharashtra)","01/2022
07/2022",99.65,FlashReport_March 2026
227,"Multi-States (Delhi,
Rajasthan)","12/2022
12/2022",49.0,FlashReport_March 2026
228,"Multi-States (Delhi,
Rajasthan)","02/2024
02/2024",83.79,FlashReport_March 2026
229,"Multi-States
(Gujarat,
Maharashtra)","11/2024
11/2024",8.2,FlashReport_March 2026
230,"Multi-States
(Haryana, Punjab,
Rajasthan)","11/2024
11/2024",21.69,FlashReport_March 2026
231,"Multi-States
(Haryana,
Rajasthan)","11/2024
11/2024",26.07,FlashReport_March 2026
232,"Multi-States
(Karnataka,
Maharashtra)","10/2025
10/2025",2.0,FlashReport_March 2026
233,"Multi-States
(Karnataka,
Telangana)","02/2024
02/2024",87.32,FlashReport_March 2026
234,"Multi-States
(Madhya Pradesh,
Rajasthan)","08/2024
08/2024",36.57,FlashReport_March 2026
235,"Multi-States
(Madhya Pradesh,
Rajasthan)","08/2024
08/2024",37.17,FlashReport_March 2026
236,"Multi-States
(Madhya Pradesh,
Rajasthan)","03/2025
03/2025",17.49,FlashReport_March 2026
237,"Multi-States
(Madhya Pradesh,
Rajasthan, Uttar
Pradesh)","01/2025
01/2025",1.0,FlashReport_March 2026
238,"Multi-States
(Rajasthan, Uttar
Pradesh)","12/2023
12/2023",71.69,FlashReport_March 2026
239,"Multi-States
(Rajasthan, Uttar
Pradesh)","12/2024
12/2024",27.54,FlashReport_March 2026
240,Rajasthan,"11/2023
11/2023",97.4,FlashReport_March 2026
241,Rajasthan,"10/2023
10/2023",97.68,FlashReport_March 2026
242,Rajasthan,"10/2023
10/2023",98.47,FlashReport_March 2026
243,Rajasthan,"12/2021
08/2023",99.7,FlashReport_March 2026
244,Rajasthan,"12/2023
12/2023",68.21,FlashReport_March 2026
245,Rajasthan,"08/2024
08/2024",43.68,FlashReport_March 2026
246,Rajasthan,"08/2024
08/2024",39.59,FlashReport_March 2026
247,Rajasthan,"08/2024
08/2024",58.75,FlashReport_March 2026
248,Rajasthan,"11/2024
11/2024",30.42,FlashReport_March 2026
249,Rajasthan,"03/2025
03/2025",6.8,FlashReport_March 2026
250,Tamil Nadu,"01/2025
01/2025",17.28,FlashReport_March 2026
251,Uttar Pradesh,"12/2024
12/2024",3.0,FlashReport_March 2026
252,Telangana,"03/2024
11/2024",17.0,FlashReport_March 2026
253,"Andaman &
Nicobar","07/2021
11/2021",70.0,FlashReport_March 2026
254,Delhi,"07/2016
05/2018",46.5,FlashReport_March 2026
255,Gujarat,"02/2016
06/2016",50.0,FlashReport_March 2026
256,Uttarakhand,"11/2019
08/2019",31.0,FlashReport_March 2026
257,Bihar,"02/2019
02/2019",49.79,FlashReport_March 2026
258,Delhi,"03/2024
03/2024",2.12,FlashReport_March 2026
259,Delhi,"01/2026
01/2026",0.0,FlashReport_March 2026
260,Delhi,"07/2019
07/2019",79.57,FlashReport_March 2026
261,Gujarat,"03/2019
04/2019",78.8,FlashReport_March 2026
262,Gujarat,"11/2014
02/2015",99.99,FlashReport_March 2026
263,Haryana,"07/2023
08/2024",0.0,FlashReport_March 2026
264,Karnataka,"02/2014
02/2016",95.4,FlashReport_March 2026
265,Karnataka,"06/2021
01/2019",64.0,FlashReport_March 2026
266,Kerala,"11/2022
11/2022",30.85,FlashReport_March 2026
267,Madhya Pradesh,"11/2018
11/2018",57.85,FlashReport_March 2026
268,Madhya Pradesh,"11/2018
11/2018",63.65,FlashReport_March 2026
269,Maharashtra,"10/2023
10/2023",40.04,FlashReport_March 2026
270,Maharashtra,"09/2024
09/2024",5.09,FlashReport_March 2026
271,Maharashtra,"09/2024
09/2024",7.26,FlashReport_March 2026
272,Maharashtra,"07/2025
07/2025",1.09,FlashReport_March 2026
273,Maharashtra,"12/2025
12/2025",0.45,FlashReport_March 2026
274,Maharashtra,"04/2018
03/2019",6.0,FlashReport_March 2026
275,Maharashtra,"04/2018
07/2020",70.0,FlashReport_March 2026
276,Maharashtra,"07/2013
06/2016",97.76,FlashReport_March 2026
277,Maharashtra,"12/2022
12/2022",36.76,FlashReport_March 2026
278,"Multi-States (Delhi,
Haryana)","01/2025
01/2025",0.0,FlashReport_March 2026
279,Tamil Nadu,"10/2024
11/2020",51.86,FlashReport_March 2026
280,Uttar Pradesh,"09/2025
05/2026",0.0,FlashReport_March 2026
281,Uttar Pradesh,"05/2019
11/2019",80.5,FlashReport_March 2026
282,Uttar Pradesh,"05/2019
12/2020",68.6,FlashReport_March 2026
283,Andhra Pradesh,"02/2017
07/2018",82.0,FlashReport_March 2026
284,Bihar,"11/2016
02/2019",84.0,FlashReport_March 2026
285,"Dadra & Nagar
Haveli and Daman
& Diu","08/2020
12/2021",20.0,FlashReport_March 2026
286,Gujarat,"07/2020
03/2021",10.0,FlashReport_March 2026
287,Haryana,"03/2017
11/2017",88.0,FlashReport_March 2026
288,Haryana,"03/2017
10/2018",100.0,FlashReport_March 2026
289,Jharkhand,"02/2017
12/2018",76.0,FlashReport_March 2026
290,Jharkhand,"02/2017
12/2018",67.0,FlashReport_March 2026
291,Jharkhand,"02/2017
12/2018",81.0,FlashReport_March 2026
292,Karnataka,"12/2015
10/2016",80.0,FlashReport_March 2026
293,Karnataka,"11/2016
01/2018",65.0,FlashReport_March 2026
294,Madhya Pradesh,"12/2016
11/2017",99.0,FlashReport_March 2026
295,Madhya Pradesh,"10/2018
12/2017",100.0,FlashReport_March 2026
296,Madhya Pradesh,"11/2015
12/2016",95.0,FlashReport_March 2026
297,Madhya Pradesh,"05/2016
11/2017",90.0,FlashReport_March 2026
298,Maharashtra,"07/2016
09/2019",75.0,FlashReport_March 2026
299,Maharashtra,"11/2016
08/2018",99.0,FlashReport_March 2026
300,Maharashtra,"03/2017
07/2017",95.0,FlashReport_March 2026
301,Maharashtra,"03/2017
04/2018",98.0,FlashReport_March 2026
302,Punjab,"11/2016
08/2020",58.0,FlashReport_March 2026
303,Punjab,"11/2016
08/2020",99.0,FlashReport_March 2026
304,Uttar Pradesh,"03/2017
06/2019",93.0,FlashReport_March 2026
305,West Bengal,"04/2019
02/2020",64.0,FlashReport_March 2026
306,Madhya Pradesh,"09/2011
04/2015",84.48,FlashReport_March 2026
307,Odisha,"04/2017
04/2017",92.1,FlashReport_March 2026
308,Odisha,"05/2018
05/2018",52.0,FlashReport_March 2026
309,Odisha,"11/2017
11/2019",92.05,FlashReport_March 2026
310,Tamil Nadu,"09/2017
12/2017",66.73,FlashReport_March 2026
311,Andhra Pradesh,"09/2019
12/2023",42.0,FlashReport_March 2026
312,Arunachal Pradesh,"09/2009
03/2013",80.0,FlashReport_March 2026
313,Assam,"05/2019
06/2021",97.6,FlashReport_March 2026
314,Bihar,"07/2022
08/2022",98.2,FlashReport_March 2026
315,Chhattisgarh,"05/2025
01/2026",0.0,FlashReport_March 2026
337,Uttar Pradesh,"06/2020
06/2020",99.0,FlashReport_March 2026
338,Uttarakhand,"06/2020
04/2024",54.0,FlashReport_March 2026
339,West Bengal,"06/2018
04/2019",95.8,FlashReport_March 2026
340,Manipur,"NA
01/2022",96.5,FlashReport_March 2026
341,Assam,"03/2023
03/2023",70.6,FlashReport_March 2026
342,Assam,"03/2023
03/2023",80.1,FlashReport_March 2026
343,Gujarat,"05/2023
05/2023",65.0,FlashReport_March 2026
344,Maharashtra,"06/2017
06/2017",79.0,FlashReport_March 2026
345,Mizoram,"07/2024
07/2024",31.0,FlashReport_March 2026
346,"Multi-States
(Andhra Pradesh,
Odisha)","09/2019
09/2019",97.2,FlashReport_March 2026
347,"Multi-States
(Assam, Bihar,
Jharkhand,
Odisha, West
Bengal)","01/2019
01/2019",92.1,FlashReport_March 2026
348,"Multi-States
(Gujarat, Haryana,
Rajasthan)","12/2021
12/2021",90.8,FlashReport_March 2026
349,"Multi-States
(Gujarat, Madhya
Pradesh, Uttar
Pradesh)","12/2018
12/2018",94.9,FlashReport_March 2026
350,"Multi-States
(Karnataka, Tamil
Nadu)","11/2012
11/2012",81.6,FlashReport_March 2026
351,Rajasthan,"10/2017
10/2017",91.6,FlashReport_March 2026
352,Rajasthan,"12/2023
12/2023",86.1,FlashReport_March 2026
353,Tamil Nadu,"01/2022
01/2022",75.3,FlashReport_March 2026
354,Tripura,"06/2022
06/2022",96.6,FlashReport_March 2026
355,Uttar Pradesh,"09/2022
09/2022",75.0,FlashReport_March 2026
356,Andhra Pradesh,"03/2016
03/2016",96.5,FlashReport_March 2026
357,Andhra Pradesh,"09/2025
09/2025",8.9,FlashReport_March 2026
358,Andhra Pradesh,"09/2021
09/2021",91.1,FlashReport_March 2026
359,Assam,"07/2020
07/2020",84.0,FlashReport_March 2026
360,Assam,"01/2018
01/2018",94.3,FlashReport_March 2026
361,Assam,"05/2021
05/2021",94.7,FlashReport_March 2026
362,Assam,"12/2020
12/2020",91.6,FlashReport_March 2026
363,Assam,"12/2022
12/2022",56.5,FlashReport_March 2026
364,Assam,"04/2022
04/2022",80.8,FlashReport_March 2026
365,Assam,"06/2022
06/2022",54.1,FlashReport_March 2026
366,Assam,"01/2023
01/2023",52.5,FlashReport_March 2026
367,Assam,"09/2023
09/2023",54.8,FlashReport_March 2026
368,Assam,"08/2021
08/2021",73.4,FlashReport_March 2026
369,Assam,"04/2023
04/2023",99.0,FlashReport_March 2026
370,Bihar,"10/2023
10/2023",48.0,FlashReport_March 2026
371,Bihar,"01/2020
01/2020",90.5,FlashReport_March 2026
372,Bihar,"01/2022
01/2022",58.4,FlashReport_March 2026
373,Bihar,"12/2022
12/2022",33.2,FlashReport_March 2026
374,Bihar,"12/2022
12/2022",30.0,FlashReport_March 2026
375,Chhattisgarh,"06/2022
06/2022",2.2,FlashReport_March 2026
376,Gujarat,"08/2021
08/2021",86.7,FlashReport_March 2026
377,Gujarat,"02/2017
02/2017",95.9,FlashReport_March 2026
378,Gujarat,"04/2021
04/2021",89.8,FlashReport_March 2026
379,Gujarat,"09/2020
09/2020",87.8,FlashReport_March 2026
380,Gujarat,"01/2022
01/2022",82.1,FlashReport_March 2026
381,Gujarat,"01/2022
01/2022",35.7,FlashReport_March 2026
382,Gujarat,"05/2022
05/2022",96.9,FlashReport_March 2026
383,Gujarat,"07/2021
07/2021",93.4,FlashReport_March 2026
384,Gujarat,"08/2022
08/2022",63.0,FlashReport_March 2026
385,Gujarat,"11/2022
11/2022",64.4,FlashReport_March 2026
386,Haryana,"06/2019
06/2019",64.9,FlashReport_March 2026
387,Haryana,"03/2022
03/2022",84.3,FlashReport_March 2026
388,Haryana,"05/2025
05/2025",30.6,FlashReport_March 2026
389,Haryana,"02/2021
02/2021",92.8,FlashReport_March 2026
390,Haryana,"12/2020
12/2020",85.2,FlashReport_March 2026
391,"Jammu and
Kashmir","03/2022
03/2022",0.6,FlashReport_March 2026
392,Jharkhand,"11/2019
11/2019",63.9,FlashReport_March 2026
393,Jharkhand,"02/2023
02/2023",50.8,FlashReport_March 2026
394,Karnataka,"10/2023
10/2023",80.2,FlashReport_March 2026
395,Karnataka,"03/2024
03/2024",42.9,FlashReport_March 2026
396,Karnataka,"01/2022
01/2022",83.0,FlashReport_March 2026
397,Kerala,"09/2024
09/2024",34.1,FlashReport_March 2026
398,Kerala,"12/2023
12/2023",28.5,FlashReport_March 2026
399,Madhya Pradesh,"05/2024
05/2024",61.4,FlashReport_March 2026
422,Nagaland,"08/2023
08/2023",40.1,FlashReport_March 2026
423,Odisha,"07/2020
07/2020",93.5,FlashReport_March 2026
424,Odisha,"02/2022
02/2022",5.9,FlashReport_March 2026
425,Odisha,"04/2021
04/2021",76.7,FlashReport_March 2026
426,Offshore,"12/2015
12/2015",90.0,FlashReport_March 2026
427,Offshore,"09/2024
09/2024",50.7,FlashReport_March 2026
428,Offshore,"06/2022
06/2022",98.7,FlashReport_March 2026
429,Offshore,"06/2022
06/2022",86.4,FlashReport_March 2026
430,Offshore,"06/2024
06/2024",95.2,FlashReport_March 2026
431,Offshore,"05/2023
05/2023",36.4,FlashReport_March 2026
432,Punjab,"05/2020
05/2020",95.7,FlashReport_March 2026
433,Punjab,"03/2022
03/2022",2.0,FlashReport_March 2026
434,Tamil Nadu,"09/2021
09/2021",10.2,FlashReport_March 2026
435,Tamil Nadu,"01/2024
01/2024",66.2,FlashReport_March 2026
436,Tamil Nadu,"12/2022
12/2022",25.3,FlashReport_March 2026
437,Telangana,"03/2025
03/2025",24.1,FlashReport_March 2026
438,Tripura,"03/2022
03/2022",68.2,FlashReport_March 2026
439,Uttar Pradesh,"09/2025
09/2025",50.0,FlashReport_March 2026
440,Uttar Pradesh,"04/2022
04/2022",52.2,FlashReport_March 2026
441,Uttar Pradesh,"12/2022
12/2022",17.6,FlashReport_March 2026
442,West Bengal,"03/2017
03/2017",94.5,FlashReport_March 2026
443,West Bengal,"09/2024
09/2024",10.3,FlashReport_March 2026
444,West Bengal,"11/2021
11/2021",86.3,FlashReport_March 2026
445,West Bengal,"11/2022
11/2022",94.2,FlashReport_March 2026
446,West Bengal,"06/2022
06/2022",35.4,FlashReport_March 2026
447,West Bengal,"03/2022
03/2022",2.8,FlashReport_March 2026
448,West Bengal,"12/2022
12/2022",43.5,FlashReport_March 2026
449,Bihar,"NA
09/2020",0.0,FlashReport_March 2026
450,Bihar,"03/2019
10/2022",32.0,FlashReport_March 2026
451,Chhattisgarh,"02/2023
10/2023",54.0,FlashReport_March 2026
452,Chhattisgarh,"10/2023
10/2023",75.0,FlashReport_March 2026
453,Chhattisgarh,"02/2020
09/2024",52.0,FlashReport_March 2026
454,Delhi,"09/2025
09/2025",0.0,FlashReport_March 2026
455,Delhi,"10/2016
06/2022",61.0,FlashReport_March 2026
456,Gujarat,"01/2019
01/2019",93.7,FlashReport_March 2026
457,Gujarat,"09/2022
09/2022",38.0,FlashReport_March 2026
458,Gujarat,"04/2022
10/2022",68.0,FlashReport_March 2026
459,Haryana,"02/2019
02/2019",57.2,FlashReport_March 2026
460,"Jammu and
Kashmir","01/2019
03/2019",75.0,FlashReport_March 2026
461,Jharkhand,"09/2023
02/2024",30.0,FlashReport_March 2026
462,Jharkhand,"06/2018
03/2023",48.0,FlashReport_March 2026
463,Madhya Pradesh,"12/2021
11/2022",71.0,FlashReport_March 2026
464,Madhya Pradesh,"08/2023
10/2023",43.0,FlashReport_March 2026
465,Punjab,"11/2019
07/2027",0.0,FlashReport_March 2026
466,Punjab,"01/2020
03/2026",1.0,FlashReport_March 2026
467,Sikkim,"10/2018
12/2018",92.0,FlashReport_March 2026
468,Tamil Nadu,"12/2018
12/2018",48.0,FlashReport_March 2026
469,Telangana,"12/2018
07/2022",87.07,FlashReport_March 2026
470,Uttarakhand,"10/2022
02/2024",35.0,FlashReport_March 2026
471,Uttarakhand,"08/2021
04/2023",78.0,FlashReport_March 2026
472,Andhra Pradesh,"02/2021
04/2023",80.0,FlashReport_March 2026
473,Assam,"12/2017
10/2021",98.0,FlashReport_March 2026
474,Gujarat,"06/2022
04/2023",20.0,FlashReport_March 2026
475,Gujarat,"08/2022
10/2023",30.0,FlashReport_March 2026
476,Karnataka,"02/2015
10/2024",23.0,FlashReport_March 2026
477,Karnataka,"07/2019
03/2025",10.0,FlashReport_March 2026
478,Maharashtra,"05/2018
03/2023",74.0,FlashReport_March 2026
479,Maharashtra,"10/2013
08/2022",65.5,FlashReport_March 2026
480,Maharashtra,"12/2008
06/2009",89.0,FlashReport_March 2026
481,Odisha,"12/2010
02/2025",7.2,FlashReport_March 2026
482,Tamil Nadu,"02/2015
03/2023",100.0,FlashReport_March 2026
483,Uttarakhand,"02/2021
12/2021",84.0,FlashReport_March 2026
484,Maharashtra,"08/2019
01/2022",11.0,FlashReport_March 2026
485,"Multi-States
(Bihar, Jharkhand,
Uttar Pradesh,
West Bengal)","01/2018
02/2018",80.54,FlashReport_March 2026
486,Offshore,"01/2018
08/2018",100.0,FlashReport_March 2026
487,Gujarat,"10/2022
03/2024",48.6,FlashReport_March 2026
488,Gujarat,"09/2021
09/2021",91.0,FlashReport_March 2026
489,Karnataka,"12/2023
06/2024",58.0,FlashReport_March 2026
490,Maharashtra,"12/2019
01/2020",88.0,FlashReport_March 2026
491,Maharashtra,"11/2020
04/2021",0.0,FlashReport_March 2026
492,Odisha,"05/2022
01/2023",67.0,FlashReport_March 2026
493,West Bengal,"01/2022
08/2022",0.3,FlashReport_March 2026
494,Gujarat,"02/2019
01/2022",74.94,FlashReport_March 2026
495,Haryana,"05/2018
12/2021",60.0,FlashReport_March 2026
496,Andhra Pradesh,"12/2020
02/2024",36.17,FlashReport_March 2026
497,Karnataka,"12/2020
02/2023",21.84,FlashReport_March 2026
498,Chhattisgarh,"08/2021
07/2022",15.93,FlashReport_March 2026
499,Chhattisgarh,"07/2024
08/2024",49.0,FlashReport_March 2026
500,Chhattisgarh,"10/2023
12/2023",64.5,FlashReport_March 2026
501,Chhattisgarh,"11/2023
01/2024",88.45,FlashReport_March 2026
502,Chhattisgarh,"11/2015
09/2020",94.0,FlashReport_March 2026
525,Andhra Pradesh,"05/2016
07/2014",0.0,FlashReport_March 2026
526,Andhra Pradesh,"03/2009
09/2013",30.0,FlashReport_March 2026
527,Andhra Pradesh,"03/2017
11/2017",94.0,FlashReport_March 2026
528,Andhra Pradesh,"08/2016
04/2018",96.0,FlashReport_March 2026
529,Assam,"09/2025
09/2025",0.0,FlashReport_March 2026
530,Assam,"09/2016
09/2016",93.29,FlashReport_March 2026
531,Assam,"09/2020
09/2018",89.0,FlashReport_March 2026
532,Assam,"09/2018
01/2022",0.0,FlashReport_March 2026
533,Assam,"09/2018
01/2022",0.0,FlashReport_March 2026
534,Bihar,"12/2023
08/1997",84.2,FlashReport_March 2026
535,Bihar,"06/2024
06/2024",0.0,FlashReport_March 2026
536,Bihar,"04/2019
12/1998",55.6,FlashReport_March 2026
537,Bihar,"10/2007
10/2004",75.0,FlashReport_March 2026
538,Bihar,"06/2018
03/2009",46.5,FlashReport_March 2026
539,Bihar,"08/2002
03/2002",98.0,FlashReport_March 2026
540,Bihar,"06/2010
01/2011",86.26,FlashReport_March 2026
541,Bihar,"11/2015
12/2015",96.0,FlashReport_March 2026
542,Bihar,"03/2018
03/2017",92.6,FlashReport_March 2026
543,Bihar,"03/2018
03/2017",99.0,FlashReport_March 2026
544,Bihar,"03/2016
05/2017",98.4,FlashReport_March 2026
545,Bihar,"10/2022
08/2025",56.5,FlashReport_March 2026
546,Bihar,"03/2023
03/2023",0.1,FlashReport_March 2026
547,Chhattisgarh,"03/2016
01/2014",95.0,FlashReport_March 2026
548,Chhattisgarh,"02/2013
03/2013",97.51,FlashReport_March 2026
549,Chhattisgarh,"07/2011
05/2021",100.0,FlashReport_March 2026
550,Chhattisgarh,"12/2022
05/2024",15.0,FlashReport_March 2026
551,Chhattisgarh,"04/2025
04/2025",0.0,FlashReport_March 2026
552,Chhattisgarh,"07/2009
11/2009",98.0,FlashReport_March 2026
553,Chhattisgarh,"07/2009
12/2009",82.0,FlashReport_March 2026
554,Chhattisgarh,"04/2014
04/2014",81.17,FlashReport_March 2026
555,Chhattisgarh,"06/2022
04/2022",26.0,FlashReport_March 2026
556,Chhattisgarh,"09/2022
05/2024",15.0,FlashReport_March 2026
557,Chhattisgarh,"09/2022
05/2024",7.0,FlashReport_March 2026
558,Chhattisgarh,"09/2022
05/2024",64.0,FlashReport_March 2026
559,Chhattisgarh,"09/2022
05/2024",32.0,FlashReport_March 2026
560,Chhattisgarh,"09/2022
05/2025",8.0,FlashReport_March 2026
561,Delhi,"01/2023
06/2024",2.75,FlashReport_March 2026
562,Delhi,"02/2008
03/2013",80.0,FlashReport_March 2026
563,Delhi,"03/2013
03/2013",23.0,FlashReport_March 2026
564,Gujarat,"07/2023
07/2022",8.0,FlashReport_March 2026
565,Gujarat,"02/2023
02/2023",5.0,FlashReport_March 2026
566,Gujarat,"05/2022
05/2022",17.0,FlashReport_March 2026
567,Gujarat,"02/2023
02/2023",12.0,FlashReport_March 2026
568,Gujarat,"05/2022
05/2022",31.0,FlashReport_March 2026
569,Gujarat,"08/2023
08/2023",35.0,FlashReport_March 2026
570,Gujarat,"05/2022
02/2023",53.0,FlashReport_March 2026
571,Gujarat,"11/2022
03/2023",10.0,FlashReport_March 2026
572,Gujarat,"01/2023
04/2023",88.0,FlashReport_March 2026
573,Gujarat,"02/2023
02/2023",21.0,FlashReport_March 2026
574,Gujarat,"01/2023
11/2023",29.7,FlashReport_March 2026
575,Gujarat,"12/2025
12/2025",0.0,FlashReport_March 2026
576,Gujarat,"01/2017
01/2017",42.0,FlashReport_March 2026
577,Gujarat,"09/2012
04/2008",64.0,FlashReport_March 2026
578,Gujarat,"10/2021
12/2021",81.0,FlashReport_March 2026
579,Gujarat,"05/2022
10/2023",8.0,FlashReport_March 2026
580,Gujarat,"10/2022
07/2025",21.0,FlashReport_March 2026
581,Haryana,"02/2023
02/2023",72.0,FlashReport_March 2026
582,Jharkhand,"11/2022
11/2022",71.2,FlashReport_March 2026
583,Jharkhand,"06/2025
06/2025",0.0,FlashReport_March 2026
584,Jharkhand,"01/2018
01/2018",66.0,FlashReport_March 2026
585,Jharkhand,"08/2021
03/2019",5.0,FlashReport_March 2026
586,Jharkhand,"11/2022
11/2022",71.2,FlashReport_March 2026
587,Karnataka,"03/2019
12/2025",0.3,FlashReport_March 2026
588,Karnataka,"04/2019
10/2019",56.0,FlashReport_March 2026
589,Karnataka,"03/2008
05/2009",70.0,FlashReport_March 2026
590,Karnataka,"04/2013
08/2017",34.0,FlashReport_March 2026
591,Karnataka,"01/2014
11/2016",84.0,FlashReport_March 2026
592,Karnataka,"10/2013
11/2012",35.8,FlashReport_March 2026
593,Karnataka,"10/2013
01/2017",15.0,FlashReport_March 2026
594,Karnataka,"02/2018
06/2022",85.0,FlashReport_March 2026
595,Karnataka,"09/2019
02/2023",13.0,FlashReport_March 2026
596,Karnataka,"10/2020
10/2020",19.85,FlashReport_March 2026
597,Karnataka,"09/2020
03/2025",0.0,FlashReport_March 2026
598,Kerala,"04/2023
04/2023",30.0,FlashReport_March 2026
599,Kerala,"04/2023
04/2023",24.5,FlashReport_March 2026
600,Madhya Pradesh,"01/2007
03/1998",74.0,FlashReport_March 2026
601,Madhya Pradesh,"11/2015
08/2017",86.0,FlashReport_March 2026
602,Madhya Pradesh,"03/2016
03/2017",81.0,FlashReport_March 2026
603,Madhya Pradesh,"03/2016
09/2017",95.0,FlashReport_March 2026
604,Madhya Pradesh,"08/2019
10/2020",35.0,FlashReport_March 2026
605,Madhya Pradesh,"10/2021
10/2021",94.0,FlashReport_March 2026
606,Maharashtra,"01/2019
04/2023",25.0,FlashReport_March 2026
607,Maharashtra,"12/2017
04/2008",50.0,FlashReport_March 2026
608,Maharashtra,"05/2023
05/2023",2.01,FlashReport_March 2026
609,Maharashtra,"04/2023
07/2023",21.0,FlashReport_March 2026
610,Maharashtra,"04/2025
04/2025",1.0,FlashReport_March 2026
611,Maharashtra,"12/2023
12/2023",0.18,FlashReport_March 2026
612,Maharashtra,"10/2024
10/2024",0.0,FlashReport_March 2026
613,Maharashtra,"01/2025
01/2025",24.0,FlashReport_March 2026
614,Maharashtra,"01/1999
10/2002",98.0,FlashReport_March 2026
615,Maharashtra,"03/2016
03/1999",60.0,FlashReport_March 2026
616,Maharashtra,"05/2017
03/2012",65.0,FlashReport_March 2026
617,Maharashtra,"09/2015
09/2015",71.0,FlashReport_March 2026
618,Maharashtra,"09/2015
05/2016",88.0,FlashReport_March 2026
619,Maharashtra,"03/2016
12/2016",98.0,FlashReport_March 2026
620,Maharashtra,"06/2016
06/2016",100.0,FlashReport_March 2026
621,Maharashtra,"10/2017
03/2017",92.0,FlashReport_March 2026
622,Maharashtra,"04/2017
05/2018",88.0,FlashReport_March 2026
623,Maharashtra,"05/2017
04/2018",100.0,FlashReport_March 2026
624,Maharashtra,"08/2018
12/2023",12.0,FlashReport_March 2026
625,Maharashtra,"10/2019
04/2020",80.0,FlashReport_March 2026
626,Maharashtra,"05/2008
04/2008",90.0,FlashReport_March 2026
627,Maharashtra,"04/2019
04/2019",22.0,FlashReport_March 2026
628,Maharashtra,"11/2016
12/2016",75.0,FlashReport_March 2026
629,Manipur,"03/2013
12/2007",72.1,FlashReport_March 2026
630,"Multi-States
(Andhra Pradesh,
Karnataka)","04/2012
10/2018",21.0,FlashReport_March 2026
631,"Multi-States
(Andhra Pradesh,
Karnataka)","03/2008
07/2010",72.0,FlashReport_March 2026
632,"Multi-States
(Andhra Pradesh,
Karnataka)","04/2016
04/2016",89.02,FlashReport_March 2026
633,"Multi-States
(Andhra Pradesh,
Maharashtra,
Telangana)","08/2023
08/2023",2.07,FlashReport_March 2026
634,"Multi-States
(Andhra Pradesh,
Odisha)","06/2016
11/2016",96.0,FlashReport_March 2026
635,"Multi-States
(Andhra Pradesh,
Odisha)","12/2015
01/2016",73.0,FlashReport_March 2026
636,"Multi-States
(Andhra Pradesh,
Tamil Nadu)","07/2008
10/2008",16.24,FlashReport_March 2026
637,"Multi-States
(Andhra Pradesh,
Telangana)","02/2024
03/2025",2.03,FlashReport_March 2026
638,"Multi-States
(Andhra Pradesh,
Telangana)","08/2023
08/2023",2.4,FlashReport_March 2026
639,"Multi-States
(Andhra Pradesh,
Telangana)","11/2024
11/2024",0.15,FlashReport_March 2026
663,"Multi-States
(Gujarat, Madhya
Pradesh)","06/2012
06/2012",53.0,FlashReport_March 2026
664,"Multi-States
(Gujarat, Madhya
Pradesh)","11/2008
01/2014",80.3,FlashReport_March 2026
665,"Multi-States
(Gujarat,
Maharashtra)","09/2019
03/2023",93.0,FlashReport_March 2026
666,"Multi-States
(Gujarat,
Rajasthan)","07/2022
07/2022",30.0,FlashReport_March 2026
667,"Multi-States
(Gujarat,
Rajasthan)","02/2024
02/2024",18.0,FlashReport_March 2026
668,"Multi-States
(Haryana,
Himachal Pradesh)","02/2018
02/2018",42.0,FlashReport_March 2026
669,"Multi-States
(Haryana,
Rajasthan)","02/2023
12/2022",75.0,FlashReport_March 2026
670,"Multi-States
(Himachal
Pradesh, Punjab)","03/2009
04/2015",63.0,FlashReport_March 2026
671,"Multi-States
(Jharkhand,
Odisha)","03/2016
02/2017",90.0,FlashReport_March 2026
672,"Multi-States
(Jharkhand,
Odisha, West
Bengal)","08/2024
12/2024",0.0,FlashReport_March 2026
673,"Multi-States
(Jharkhand, West
Bengal)","09/2024
07/2025",0.0,FlashReport_March 2026
674,"Multi-States
(Jharkhand, West
Bengal)","09/2016
01/2018",97.5,FlashReport_March 2026
675,"Multi-States
(Karnataka, Tamil
Nadu)","04/2019
02/2019",87.6,FlashReport_March 2026
676,"Multi-States
(Kerala, Tamil
Nadu)","08/2017
03/2016",55.0,FlashReport_March 2026
677,"Multi-States
(Madhya Pradesh,
Maharashtra)","04/2008
03/2010",83.0,FlashReport_March 2026
678,"Multi-States
(Madhya Pradesh,
Maharashtra)","09/2016
09/2016",55.0,FlashReport_March 2026
679,"Multi-States
(Madhya Pradesh,
Rajasthan)","10/2015
05/2023",8.0,FlashReport_March 2026
680,"Multi-States
(Madhya Pradesh,
Rajasthan)","03/2011
07/2018",89.0,FlashReport_March 2026
681,"Multi-States
(Madhya Pradesh,
Rajasthan)","03/2001
10/2004",81.0,FlashReport_March 2026
682,"Multi-States
(Madhya Pradesh,
Rajasthan)","04/2017
09/2021",61.0,FlashReport_March 2026
683,"Multi-States
(Madhya Pradesh,
Rajasthan, Uttar
Pradesh)","12/2015
03/2018",94.96,FlashReport_March 2026
684,"Multi-States
(Madhya Pradesh,
Uttar Pradesh)","09/2016
03/2018",96.0,FlashReport_March 2026
685,"Multi-States
(Madhya Pradesh,
Uttar Pradesh)","03/2018
04/2019",67.0,FlashReport_March 2026
686,"Multi-States
(Maharashtra,
Telangana)","09/2016
10/2016",94.6,FlashReport_March 2026
687,"Multi-States
(Odisha, West
Bengal)","03/2019
03/2017",75.0,FlashReport_March 2026
688,"Multi-States
(Puducherry, Tamil
Nadu)","07/2008
01/2019",80.0,FlashReport_March 2026
689,"Multi-States
(Sikkim, West
Bengal)","10/2009
05/2010",92.5,FlashReport_March 2026
690,"Multi-States (Uttar
Pradesh, West
Bengal)","08/2017
12/2017",20.5,FlashReport_March 2026
691,Odisha,"10/2021
10/2021",36.0,FlashReport_March 2026
692,Odisha,"08/2022
07/2022",82.0,FlashReport_March 2026
693,Odisha,"08/2022
06/2022",50.0,FlashReport_March 2026
694,Odisha,"09/2022
06/2022",88.0,FlashReport_March 2026
695,Odisha,"01/2014
01/2014",52.0,FlashReport_March 2026
696,Odisha,"04/2023
04/2023",80.0,FlashReport_March 2026
697,Odisha,"08/2024
09/2025",0.0,FlashReport_March 2026
698,Odisha,"08/2024
09/2025",0.0,FlashReport_March 2026
699,Odisha,"04/2023
10/2025",5.0,FlashReport_March 2026
700,Odisha,"08/2023
04/2025",10.0,FlashReport_March 2026
701,Odisha,"08/2024
08/2025",0.0,FlashReport_March 2026
702,Odisha,"03/1994
03/2001",91.5,FlashReport_March 2026
703,Odisha,"03/2004
12/2004",54.0,FlashReport_March 2026
704,Odisha,"10/2015
04/2015",93.1,FlashReport_March 2026
705,Odisha,"12/2015
12/2015",73.4,FlashReport_March 2026
706,Odisha,"11/2015
12/2015",59.0,FlashReport_March 2026
707,Odisha,"07/2013
12/2015",87.0,FlashReport_March 2026
708,Odisha,"07/2017
04/2023",1.77,FlashReport_March 2026
709,Odisha,"02/2018
12/2023",23.1,FlashReport_March 2026
710,Odisha,"09/2018
09/2019",0.0,FlashReport_March 2026
711,Odisha,"09/2022
05/2025",0.0,FlashReport_March 2026
712,Offshore,"08/2015
03/2011",75.0,FlashReport_March 2026
713,PAN India,"06/2020
04/2023",48.0,FlashReport_March 2026
714,Punjab,"03/2019
12/2022",57.0,FlashReport_March 2026
715,Rajasthan,"01/2023
01/2023",56.0,FlashReport_March 2026
716,Rajasthan,"NA
01/2023",65.0,FlashReport_March 2026
717,Rajasthan,"09/2022
06/2023",0.0,FlashReport_March 2026
718,Rajasthan,"02/2024
02/2024",7.0,FlashReport_March 2026
719,Rajasthan,"02/2024
02/2024",12.0,FlashReport_March 2026
720,Rajasthan,"01/2024
01/2024",71.0,FlashReport_March 2026
721,Rajasthan,"04/2025
04/2025",0.0,FlashReport_March 2026
722,Rajasthan,"03/2019
04/2024",14.0,FlashReport_March 2026
723,Rajasthan,"03/2022
04/2020",49.0,FlashReport_March 2026
724,Rajasthan,"04/2019
04/2019",99.5,FlashReport_March 2026
725,Rajasthan,"02/2024
04/2023",14.0,FlashReport_March 2026
726,Rajasthan,"06/2022
02/2021",65.0,FlashReport_March 2026
727,Rajasthan,"12/2022
01/2023",72.0,FlashReport_March 2026
728,Tamil Nadu,"11/2007
11/2008",99.9,FlashReport_March 2026
729,Tamil Nadu,"05/2022
10/2022",0.0,FlashReport_March 2026
730,Tamil Nadu,"12/2017
07/2018",0.0,FlashReport_March 2026
731,Telangana,"08/2023
04/2025",0.04,FlashReport_March 2026
732,Telangana,"07/2016
02/2023",87.35,FlashReport_March 2026
733,Telangana,"09/2017
07/2017",0.0,FlashReport_March 2026
734,Telangana,"07/2016
01/2017",72.0,FlashReport_March 2026
735,Uttar Pradesh,"10/2018
03/2017",8.8,FlashReport_March 2026
736,Uttar Pradesh,"08/2019
03/2017",3.9,FlashReport_March 2026
737,Uttar Pradesh,"10/2024
10/2025",0.0,FlashReport_March 2026
738,Uttar Pradesh,"10/2023
11/2023",23.8,FlashReport_March 2026
739,Uttar Pradesh,"08/2023
01/2025",15.0,FlashReport_March 2026
740,Uttar Pradesh,"10/2022
05/2024",0.2,FlashReport_March 2026
741,Uttar Pradesh,"03/2023
02/2025",10.5,FlashReport_March 2026
742,Uttar Pradesh,"11/2017
07/2019",88.3,FlashReport_March 2026
743,Uttar Pradesh,"11/2017
03/2017",80.0,FlashReport_March 2026
744,Uttar Pradesh,"03/2017
11/2017",85.0,FlashReport_March 2026
745,Uttar Pradesh,"04/2019
10/2020",76.0,FlashReport_March 2026
746,Uttar Pradesh,"12/2015
03/2016",69.0,FlashReport_March 2026
747,Uttar Pradesh,"04/2019
09/2020",83.0,FlashReport_March 2026
748,Uttar Pradesh,"07/2020
04/2021",8.0,FlashReport_March 2026
749,Uttar Pradesh,"03/2018
03/2017",96.0,FlashReport_March 2026
750,Uttar Pradesh,"01/2019
04/2017",77.0,FlashReport_March 2026
751,Uttar Pradesh,"04/2020
02/2021",14.0,FlashReport_March 2026
752,Uttarakhand,"11/2016
08/2018",73.5,FlashReport_March 2026
753,West Bengal,"07/2015
11/2005",70.5,FlashReport_March 2026
754,West Bengal,"03/2001
02/2008",96.68,FlashReport_March 2026
755,West Bengal,"03/2010
10/2011",86.6,FlashReport_March 2026
756,West Bengal,"12/2010
12/2010",16.0,FlashReport_March 2026
757,West Bengal,"03/2024
12/2024",50.0,FlashReport_March 2026
758,West Bengal,"03/2010
04/2010",51.0,FlashReport_March 2026
759,West Bengal,"11/2010
03/2010",32.0,FlashReport_March 2026
760,West Bengal,"03/2010
03/2010",17.0,FlashReport_March 2026
761,"Andaman &
Nicobar","02/2018
03/2024",72.42,FlashReport_March 2026
762,"Andaman &
Nicobar","02/2018
05/2024",45.72,FlashReport_March 2026
763,"Andaman &
Nicobar","03/2015
05/2024",9.76,FlashReport_March 2026
764,Andhra Pradesh,"12/2021
09/2022",100.0,FlashReport_March 2026
765,Andhra Pradesh,"03/2023
03/2024",100.0,FlashReport_March 2026
766,Andhra Pradesh,"03/2022
05/2023",73.46,FlashReport_March 2026
767,Andhra Pradesh,"03/2020
11/2021",69.62,FlashReport_March 2026
768,Andhra Pradesh,"03/2023
12/2024",82.57,FlashReport_March 2026
769,Andhra Pradesh,"10/2024
09/2025",40.49,FlashReport_March 2026
770,Andhra Pradesh,"10/2024
07/2025",16.4,FlashReport_March 2026
771,Andhra Pradesh,"03/2023
02/2024",95.94,FlashReport_March 2026
772,Andhra Pradesh,"11/2016
05/2017",91.9,FlashReport_March 2026
773,Andhra Pradesh,"10/2022
11/2023",79.5,FlashReport_March 2026
774,Andhra Pradesh,"12/2021
05/2022",78.9,FlashReport_March 2026
775,Andhra Pradesh,"10/2024
08/2025",9.41,FlashReport_March 2026
776,Andhra Pradesh,"10/2024
08/2025",17.53,FlashReport_March 2026
777,Andhra Pradesh,"12/2022
03/2024",99.64,FlashReport_March 2026
778,Andhra Pradesh,"10/2024
04/2025",25.09,FlashReport_March 2026
779,Andhra Pradesh,"03/2022
10/2024",88.25,FlashReport_March 2026
780,Andhra Pradesh,"03/2018
09/2018",100.0,FlashReport_March 2026
781,Andhra Pradesh,"03/2022
01/2023",98.63,FlashReport_March 2026
782,Andhra Pradesh,"03/2022
09/2023",99.45,FlashReport_March 2026
783,Andhra Pradesh,"01/2022
01/2023",99.06,FlashReport_March 2026
784,Andhra Pradesh,"03/2021
07/2022",94.65,FlashReport_March 2026
785,Andhra Pradesh,"01/2024
04/2025",22.55,FlashReport_March 2026
786,Andhra Pradesh,"03/2018
08/2018",98.52,FlashReport_March 2026
787,Andhra Pradesh,"02/2016
05/2016",100.0,FlashReport_March 2026
788,Andhra Pradesh,"03/2017
09/2017",98.4,FlashReport_March 2026
789,Andhra Pradesh,"08/2016
01/2017",98.2,FlashReport_March 2026
790,Andhra Pradesh,"03/2016
09/2016",98.6,FlashReport_March 2026
791,Andhra Pradesh,"03/2023
01/2025",13.0,FlashReport_March 2026
792,Andhra Pradesh,"04/2020
11/2023",43.22,FlashReport_March 2026
793,Andhra Pradesh,"08/2020
10/2022",91.25,FlashReport_March 2026
794,Andhra Pradesh,"08/2020
07/2022",100.0,FlashReport_March 2026
795,Andhra Pradesh,"08/2020
09/2021",91.5,FlashReport_March 2026
796,Andhra Pradesh,"08/2020
03/2021",100.0,FlashReport_March 2026
797,Andhra Pradesh,"01/2018
10/2020",66.05,FlashReport_March 2026
798,Andhra Pradesh,"02/2021
06/2023",90.13,FlashReport_March 2026
799,Andhra Pradesh,"11/2020
10/2022",99.46,FlashReport_March 2026
800,Andhra Pradesh,"07/2024
03/2025",31.0,FlashReport_March 2026
801,Andhra Pradesh,"03/2025
10/2025",5.58,FlashReport_March 2026
802,Andhra Pradesh,"10/2018
01/2020",95.73,FlashReport_March 2026
803,Andhra Pradesh,"01/2020
07/2021",99.92,FlashReport_March 2026
804,Andhra Pradesh,"01/2018
01/2019",100.0,FlashReport_March 2026
805,Andhra Pradesh,"11/2017
03/2018",98.47,FlashReport_March 2026
806,Andhra Pradesh,"02/2021
02/2022",99.26,FlashReport_March 2026
807,Andhra Pradesh,"03/2020
01/2022",98.6,FlashReport_March 2026
808,Andhra Pradesh,"01/2023
02/2024",83.98,FlashReport_March 2026
809,Andhra Pradesh,"02/2023
02/2024",31.01,FlashReport_March 2026
810,Andhra Pradesh,"02/2022
02/2024",58.43,FlashReport_March 2026
811,Andhra Pradesh,"01/2023
02/2024",71.92,FlashReport_March 2026
812,Andhra Pradesh,"12/2022
03/2024",70.86,FlashReport_March 2026
813,Andhra Pradesh,"01/2023
03/2024",80.81,FlashReport_March 2026
814,Andhra Pradesh,"02/2023
02/2025",33.28,FlashReport_March 2026
815,Andhra Pradesh,"02/2023
02/2024",52.43,FlashReport_March 2026
816,Andhra Pradesh,"02/2023
03/2024",63.57,FlashReport_March 2026
817,Andhra Pradesh,"02/2023
02/2024",53.73,FlashReport_March 2026
818,Andhra Pradesh,"11/2020
09/2022",100.0,FlashReport_March 2026
819,Andhra Pradesh,"12/2020
09/2022",97.96,FlashReport_March 2026
820,Andhra Pradesh,"05/2022
09/2023",90.4,FlashReport_March 2026
821,Andhra Pradesh,"03/2022
10/2023",98.84,FlashReport_March 2026
822,Andhra Pradesh,"02/2022
01/2023",94.9,FlashReport_March 2026
823,Andhra Pradesh,"09/2022
08/2023",89.02,FlashReport_March 2026
824,Andhra Pradesh,"03/2018
12/2018",77.93,FlashReport_March 2026
825,Andhra Pradesh,"12/2024
02/2026",0.0,FlashReport_March 2026
826,Andhra Pradesh,"01/2023
02/2024",79.0,FlashReport_March 2026
827,Andhra Pradesh,"08/2022
09/2023",78.62,FlashReport_March 2026
846,Arunachal Pradesh,"02/2024
01/2025",49.1,FlashReport_March 2026
847,Arunachal Pradesh,"12/2023
05/2025",21.02,FlashReport_March 2026
848,Arunachal Pradesh,"01/2024
01/2025",34.88,FlashReport_March 2026
849,Arunachal Pradesh,"02/2017
10/2020",99.52,FlashReport_March 2026
850,Arunachal Pradesh,"02/2017
10/2020",99.69,FlashReport_March 2026
851,Arunachal Pradesh,"02/2017
03/2018",81.69,FlashReport_March 2026
852,Arunachal Pradesh,"08/2020
06/2025",17.81,FlashReport_March 2026
853,Assam,"03/2022
04/2023",94.92,FlashReport_March 2026
854,Assam,"03/2024
04/2025",17.1,FlashReport_March 2026
855,Assam,"03/2023
02/2025",20.0,FlashReport_March 2026
856,Assam,"02/2024
09/2025",0.0,FlashReport_March 2026
857,Assam,"03/2025
12/2025",0.0,FlashReport_March 2026
858,Assam,"03/2023
12/2023",56.65,FlashReport_March 2026
859,Assam,"03/2023
12/2023",50.1,FlashReport_March 2026
860,Assam,"03/2023
12/2023",77.0,FlashReport_March 2026
861,Assam,"03/2021
10/2023",100.0,FlashReport_March 2026
862,Assam,"09/2021
11/2021",76.11,FlashReport_March 2026
863,Assam,"11/2023
12/2024",12.45,FlashReport_March 2026
864,Assam,"02/2024
02/2025",25.08,FlashReport_March 2026
865,Assam,"03/2020
06/2020",97.76,FlashReport_March 2026
866,Assam,"03/2023
08/2024",57.17,FlashReport_March 2026
867,Assam,"02/2024
08/2025",14.6,FlashReport_March 2026
868,Assam,"02/2024
02/2025",33.22,FlashReport_March 2026
869,Assam,"03/2024
03/2025",31.34,FlashReport_March 2026
870,Assam,"02/2024
04/2025",10.91,FlashReport_March 2026
871,Assam,"03/2024
09/2025",0.0,FlashReport_March 2026
872,Assam,"03/2023
02/2024",79.34,FlashReport_March 2026
873,Assam,"02/2023
01/2024",55.46,FlashReport_March 2026
874,Assam,"11/2021
01/2023",0.0,FlashReport_March 2026
875,Assam,"01/2023
11/2023",97.01,FlashReport_March 2026
876,Assam,"09/2021
07/2022",0.0,FlashReport_March 2026
877,Assam,"03/2018
11/2019",100.0,FlashReport_March 2026
878,Assam,"01/2024
01/2025",36.56,FlashReport_March 2026
879,Assam,"01/2023
12/2023",20.45,FlashReport_March 2026
880,Assam,"01/2023
05/2023",83.29,FlashReport_March 2026
881,Assam,"03/2023
08/2023",81.9,FlashReport_March 2026
882,Assam,"03/2023
08/2023",87.5,FlashReport_March 2026
883,Assam,"03/2023
08/2023",85.2,FlashReport_March 2026
884,Assam,"12/2023
03/2024",85.29,FlashReport_March 2026
885,Assam,"03/2022
11/2024",77.66,FlashReport_March 2026
886,Assam,"03/2022
01/2023",100.0,FlashReport_March 2026
887,Assam,"05/2019
12/2020",73.81,FlashReport_March 2026
888,Assam,"01/2016
10/2017",97.13,FlashReport_March 2026
889,Assam,"03/2015
12/2016",100.0,FlashReport_March 2026
890,Assam,"01/2016
09/2024",100.0,FlashReport_March 2026
891,Assam,"01/2016
01/2023",100.0,FlashReport_March 2026
892,Assam,"01/2024
02/2024",96.79,FlashReport_March 2026
893,Assam,"01/2016
10/2024",0.0,FlashReport_March 2026
894,Assam,"01/2016
10/2024",0.0,FlashReport_March 2026
895,Assam,"01/2024
02/2024",99.05,FlashReport_March 2026
896,Assam,"01/2024
02/2024",95.86,FlashReport_March 2026
897,Assam,"01/2024
02/2024",94.73,FlashReport_March 2026
898,Assam,"02/2020
12/2020",93.23,FlashReport_March 2026
899,Assam,"02/2020
09/2020",100.0,FlashReport_March 2026
900,Assam,"03/2022
12/2022",99.04,FlashReport_March 2026
901,Assam,"08/2024
01/2026",0.0,FlashReport_March 2026
902,Assam,"12/2017
05/2018",52.0,FlashReport_March 2026
903,Assam,"10/2014
10/2024",47.34,FlashReport_March 2026
904,Assam,"02/2023
02/2024",71.09,FlashReport_March 2026
905,Assam,"10/2014
10/2024",62.9,FlashReport_March 2026
906,Assam,"03/2022
01/2023",93.08,FlashReport_March 2026
907,Bihar,"03/2022
07/2023",80.36,FlashReport_March 2026
908,Bihar,"03/2021
11/2022",91.0,FlashReport_March 2026
909,Bihar,"03/2021
02/2023",95.66,FlashReport_March 2026
910,Bihar,"01/2014
11/2016",97.0,FlashReport_March 2026
911,Bihar,"01/2014
10/2016",99.74,FlashReport_March 2026
912,Bihar,"03/2023
07/2024",52.0,FlashReport_March 2026
913,Bihar,"02/2022
01/2025",0.05,FlashReport_March 2026
914,Bihar,"02/2016
05/2016",98.65,FlashReport_March 2026
915,Bihar,"02/2016
06/2016",98.78,FlashReport_March 2026
916,Bihar,"02/2016
05/2016",99.0,FlashReport_March 2026
917,Bihar,"02/2024
08/2024",44.0,FlashReport_March 2026
918,Bihar,"02/2022
05/2023",90.7,FlashReport_March 2026
919,Bihar,"01/2022
09/2024",3.1,FlashReport_March 2026
920,Bihar,"09/2022
01/2026",0.0,FlashReport_March 2026
921,Bihar,"02/2022
06/2023",93.0,FlashReport_March 2026
922,Bihar,"11/2022
12/2024",55.0,FlashReport_March 2026
923,Bihar,"01/2022
10/2024",32.0,FlashReport_March 2026
924,Bihar,"02/2019
03/2021",70.41,FlashReport_March 2026
925,Bihar,"09/2018
06/2021",90.9,FlashReport_March 2026
945,Bihar,"01/2017
08/2018",100.0,FlashReport_March 2026
946,Bihar,"12/2015
10/2016",97.67,FlashReport_March 2026
947,Bihar,"10/2021
06/2022",93.88,FlashReport_March 2026
948,Bihar,"09/2020
04/2021",97.85,FlashReport_March 2026
949,Bihar,"09/2020
12/2021",99.14,FlashReport_March 2026
950,Bihar,"02/2017
12/2019",85.25,FlashReport_March 2026
951,Bihar,"03/2017
12/2018",91.03,FlashReport_March 2026
952,Bihar,"07/2010
01/2011",89.81,FlashReport_March 2026
953,Bihar,"02/2024
08/2024",65.23,FlashReport_March 2026
954,Bihar,"10/2022
03/2024",52.48,FlashReport_March 2026
955,Bihar,"09/2019
11/2020",89.01,FlashReport_March 2026
956,Bihar,"09/2019
11/2020",92.0,FlashReport_March 2026
957,Bihar,"07/2023
03/2024",80.83,FlashReport_March 2026
958,Bihar,"08/2022
11/2024",10.07,FlashReport_March 2026
959,Bihar,"02/2019
02/2020",89.23,FlashReport_March 2026
960,Bihar,"08/2022
01/2025",11.5,FlashReport_March 2026
961,Bihar,"01/2018
11/2019",99.66,FlashReport_March 2026
962,Bihar,"02/2024
10/2024",17.12,FlashReport_March 2026
963,Bihar,"03/2022
03/2024",24.57,FlashReport_March 2026
964,Bihar,"06/2022
02/2024",99.5,FlashReport_March 2026
965,Bihar,"12/2015
06/2017",99.95,FlashReport_March 2026
966,Bihar,"10/2022
12/2023",99.2,FlashReport_March 2026
967,Bihar,"01/2021
03/2022",75.45,FlashReport_March 2026
968,Bihar,"NA
12/2018",99.99,FlashReport_March 2026
969,Bihar,"01/2021
04/2022",72.1,FlashReport_March 2026
970,Bihar,"02/2021
03/2022",93.13,FlashReport_March 2026
971,Chhattisgarh,"01/2024
04/2025",32.0,FlashReport_March 2026
972,Chhattisgarh,"03/2018
01/2019",97.9,FlashReport_March 2026
973,Chhattisgarh,"12/2022
03/2025",48.0,FlashReport_March 2026
974,Chhattisgarh,"12/2022
12/2024",0.0,FlashReport_March 2026
975,Chhattisgarh,"11/2017
05/2019",97.0,FlashReport_March 2026
976,Chhattisgarh,"03/2022
05/2025",28.87,FlashReport_March 2026
977,Chhattisgarh,"03/2022
07/2024",45.0,FlashReport_March 2026
978,Chhattisgarh,"03/2022
05/2025",10.22,FlashReport_March 2026
979,Chhattisgarh,"03/2022
07/2024",50.0,FlashReport_March 2026
980,Chhattisgarh,"03/2022
01/2024",10.0,FlashReport_March 2026
981,Chhattisgarh,"03/2020
05/2022",90.0,FlashReport_March 2026
982,Chhattisgarh,"12/2020
03/2022",85.0,FlashReport_March 2026
983,Chhattisgarh,"06/2022
07/2023",68.93,FlashReport_March 2026
984,Chhattisgarh,"06/2022
06/2023",66.21,FlashReport_March 2026
985,Chhattisgarh,"04/2020
03/2022",94.81,FlashReport_March 2026
986,Chhattisgarh,"03/2022
02/2024",70.22,FlashReport_March 2026
987,Chhattisgarh,"11/2021
09/2022",98.39,FlashReport_March 2026
988,Chhattisgarh,"12/2021
01/2023",94.2,FlashReport_March 2026
989,Chhattisgarh,"03/2022
10/2023",61.76,FlashReport_March 2026
990,Chhattisgarh,"05/2022
09/2022",100.0,FlashReport_March 2026
991,Chhattisgarh,"02/2021
01/2022",98.75,FlashReport_March 2026
992,Chhattisgarh,"10/2015
04/2016",100.0,FlashReport_March 2026
993,Chhattisgarh,"12/2019
12/2020",93.1,FlashReport_March 2026
994,"Dadra & Nagar
Haveli and Daman
& Diu","10/2022
02/2024",52.0,FlashReport_March 2026
995,Delhi,"07/2020
10/2021",99.99,FlashReport_March 2026
996,Delhi,"07/2020
01/2022",98.25,FlashReport_March 2026
997,Delhi,"01/2018
10/2019",100.0,FlashReport_March 2026
998,Delhi,"03/2018
09/2020",98.8,FlashReport_March 2026
999,Goa,"07/2024
02/2026",0.0,FlashReport_March 2026
1000,Goa,"04/2023
04/2024",79.3,FlashReport_March 2026
1001,Goa,"01/2024
08/2024",38.49,FlashReport_March 2026
1002,Gujarat,"10/2022
01/2025",35.0,FlashReport_March 2026
1003,Gujarat,"03/2024
08/2025",22.0,FlashReport_March 2026
1004,Gujarat,"03/2024
08/2025",28.0,FlashReport_March 2026
1005,Gujarat,"03/2024
09/2025",22.0,FlashReport_March 2026
1006,Gujarat,"03/2022
03/2024",97.0,FlashReport_March 2026
1007,Gujarat,"03/2023
06/2024",77.0,FlashReport_March 2026
1008,Gujarat,"04/2018
11/2018",99.55,FlashReport_March 2026
1009,Gujarat,"12/2022
02/2024",62.0,FlashReport_March 2026
1010,Gujarat,"02/2024
12/2025",5.0,FlashReport_March 2026
1011,Gujarat,"09/2022
12/2023",60.0,FlashReport_March 2026
1012,Gujarat,"09/2020
12/2022",77.0,FlashReport_March 2026
1013,Gujarat,"09/2020
11/2021",100.0,FlashReport_March 2026
1014,Gujarat,"11/2019
05/2021",100.0,FlashReport_March 2026
1015,Gujarat,"02/2018
11/2019",91.34,FlashReport_March 2026
1016,Gujarat,"05/2020
12/2021",98.9,FlashReport_March 2026
1017,Gujarat,"07/2020
11/2021",97.05,FlashReport_March 2026
1018,Gujarat,"07/2023
08/2024",4.85,FlashReport_March 2026
1019,Gujarat,"07/2023
04/2024",21.75,FlashReport_March 2026
1060,Himachal Pradesh,"03/2021
07/2023",23.24,FlashReport_March 2026
1061,Himachal Pradesh,"03/2021
05/2023",60.02,FlashReport_March 2026
1062,Himachal Pradesh,"08/2020
10/2022",66.77,FlashReport_March 2026
1063,Himachal Pradesh,"08/2020
06/2022",91.31,FlashReport_March 2026
1064,Himachal Pradesh,"08/2020
11/2023",55.18,FlashReport_March 2026
1065,Himachal Pradesh,"03/2016
01/2018",100.0,FlashReport_March 2026
1066,Himachal Pradesh,"06/2017
03/2018",95.61,FlashReport_March 2026
1067,Himachal Pradesh,"02/2022
06/2022",100.0,FlashReport_March 2026
1068,Himachal Pradesh,"03/2022
09/2023",95.0,FlashReport_March 2026
1069,Himachal Pradesh,"06/2022
11/2024",88.04,FlashReport_March 2026
1070,Himachal Pradesh,"07/2022
03/2024",48.59,FlashReport_March 2026
1071,Himachal Pradesh,"02/2023
03/2025",26.39,FlashReport_March 2026
1072,Himachal Pradesh,"03/2022
04/2023",90.22,FlashReport_March 2026
1073,Himachal Pradesh,"03/2021
12/2022",97.45,FlashReport_March 2026
1074,Himachal Pradesh,"08/2022
10/2023",91.91,FlashReport_March 2026
1075,Himachal Pradesh,"01/2024
05/2025",16.67,FlashReport_March 2026
1076,Himachal Pradesh,"03/2022
04/2023",52.57,FlashReport_March 2026
1077,Himachal Pradesh,"04/2022
03/2024",62.15,FlashReport_March 2026
1078,Himachal Pradesh,"03/2018
11/2018",90.11,FlashReport_March 2026
1079,Himachal Pradesh,"03/2021
05/2022",58.05,FlashReport_March 2026
1080,"Jammu and
Kashmir","03/2024
01/2026",0.0,FlashReport_March 2026
1081,"Jammu and
Kashmir","09/2023
11/2024",44.01,FlashReport_March 2026
1082,"Jammu and
Kashmir","03/2023
09/2024",39.84,FlashReport_March 2026
1083,"Jammu and
Kashmir","03/2023
08/2024",49.51,FlashReport_March 2026
1084,"Jammu and
Kashmir","11/2021
06/2023",54.89,FlashReport_March 2026
1085,"Jammu and
Kashmir","06/2022
08/2023",82.01,FlashReport_March 2026
1086,"Jammu and
Kashmir","03/2024
11/2024",36.5,FlashReport_March 2026
1087,"Jammu and
Kashmir","03/2021
07/2022",100.0,FlashReport_March 2026
1088,"Jammu and
Kashmir","09/2021
07/2024",43.36,FlashReport_March 2026
1089,"Jammu and
Kashmir","10/2022
01/2024",69.04,FlashReport_March 2026
1090,"Jammu and
Kashmir","03/2020
09/2021",88.01,FlashReport_March 2026
1091,"Jammu and
Kashmir","03/2020
08/2021",90.9,FlashReport_March 2026
1092,"Jammu and
Kashmir","07/2021
07/2022",86.37,FlashReport_March 2026
1093,"Jammu and
Kashmir","07/2020
11/2022",93.5,FlashReport_March 2026
1094,"Jammu and
Kashmir","07/2020
10/2020",96.95,FlashReport_March 2026
1095,"Jammu and
Kashmir","03/2021
08/2021",53.4,FlashReport_March 2026
1096,"Jammu and
Kashmir","02/2021
03/2021",0.0,FlashReport_March 2026
1097,"Jammu and
Kashmir","03/2018
11/2018",0.0,FlashReport_March 2026
1098,"Jammu and
Kashmir","07/2020
10/2020",96.95,FlashReport_March 2026
1099,"Jammu and
Kashmir","03/2021
08/2021",50.05,FlashReport_March 2026
1100,"Jammu and
Kashmir","03/2021
07/2021",98.55,FlashReport_March 2026
1101,"Jammu and
Kashmir","03/2018
07/2019",0.0,FlashReport_March 2026
1102,"Jammu and
Kashmir","03/2018
01/2023",68.07,FlashReport_March 2026
1103,"Jammu and
Kashmir","10/2021
09/2022",88.87,FlashReport_March 2026
1104,"Jammu and
Kashmir","06/2022
06/2023",61.42,FlashReport_March 2026
1105,"Jammu and
Kashmir","09/2021
09/2022",94.14,FlashReport_March 2026
1106,"Jammu and
Kashmir","12/2022
11/2023",62.41,FlashReport_March 2026
1107,"Jammu and
Kashmir","03/2021
08/2021",86.0,FlashReport_March 2026
1108,"Jammu and
Kashmir","07/2021
08/2022",26.8,FlashReport_March 2026
1109,"Jammu and
Kashmir","07/2021
02/2022",87.1,FlashReport_March 2026
1110,"Jammu and
Kashmir","07/2021
02/2022",42.8,FlashReport_March 2026
1111,"Jammu and
Kashmir","11/2022
12/2023",46.48,FlashReport_March 2026
1112,"Jammu and
Kashmir","11/2022
06/2023",83.87,FlashReport_March 2026
1113,"Jammu and
Kashmir","06/2022
12/2022",74.63,FlashReport_March 2026
1114,"Jammu and
Kashmir","03/2024
08/2024",62.0,FlashReport_March 2026
1115,"Jammu and
Kashmir","03/2021
08/2021",99.97,FlashReport_March 2026
1116,Jharkhand,"01/2022
01/2023",87.0,FlashReport_March 2026
1117,Jharkhand,"02/2022
01/2024",2.0,FlashReport_March 2026
1118,Jharkhand,"02/2020
08/2021",93.0,FlashReport_March 2026
1119,Jharkhand,"03/2022
08/2023",0.0,FlashReport_March 2026
1120,Jharkhand,"03/2023
11/2025",6.5,FlashReport_March 2026
1121,Jharkhand,"05/2022
01/2024",45.34,FlashReport_March 2026
1122,Jharkhand,"01/2025
09/2025",8.61,FlashReport_March 2026
1123,Jharkhand,"08/2024
02/2026",0.0,FlashReport_March 2026
1124,Jharkhand,"03/2020
04/2022",98.96,FlashReport_March 2026
1125,Jharkhand,"02/2022
06/2023",86.57,FlashReport_March 2026
1126,Jharkhand,"02/2022
06/2023",78.1,FlashReport_March 2026
1127,Jharkhand,"03/2024
09/2024",40.82,FlashReport_March 2026
1128,Jharkhand,"01/2025
12/2025",0.0,FlashReport_March 2026
1129,Jharkhand,"09/2020
10/2021",93.45,FlashReport_March 2026
1130,Jharkhand,"10/2022
11/2023",76.95,FlashReport_March 2026
1131,Jharkhand,"03/2023
10/2024",25.92,FlashReport_March 2026
1132,Jharkhand,"02/2024
01/2026",0.0,FlashReport_March 2026
1133,Jharkhand,"02/2017
11/2019",98.5,FlashReport_March 2026
1134,Jharkhand,"03/2022
05/2023",99.5,FlashReport_March 2026
1135,Jharkhand,"03/2018
12/2021",91.83,FlashReport_March 2026
1136,Jharkhand,"09/2022
12/2023",85.89,FlashReport_March 2026
1137,Jharkhand,"11/2024
01/2026",4.0,FlashReport_March 2026
1138,Jharkhand,"03/2023
01/2026",5.0,FlashReport_March 2026
1139,Karnataka,"08/2020
06/2021",52.0,FlashReport_March 2026
1140,Karnataka,"11/2022
07/2025",0.0,FlashReport_March 2026
1141,Karnataka,"03/2022
02/2023",93.25,FlashReport_March 2026
1142,Karnataka,"03/2022
03/2023",80.0,FlashReport_March 2026
1143,Karnataka,"03/2019
05/2019",68.0,FlashReport_March 2026
1144,Karnataka,"03/2022
02/2023",75.0,FlashReport_March 2026
1145,Karnataka,"03/2023
09/2024",64.33,FlashReport_March 2026
1146,Karnataka,"03/2022
08/2022",92.65,FlashReport_March 2026
1147,Karnataka,"02/2023
03/2024",65.0,FlashReport_March 2026
1148,Karnataka,"02/2023
06/2025",20.0,FlashReport_March 2026
1149,Karnataka,"01/2022
01/2023",78.08,FlashReport_March 2026
1150,Karnataka,"02/2022
11/2022",0.0,FlashReport_March 2026
1151,Karnataka,"01/2021
12/2021",75.0,FlashReport_March 2026
1152,Karnataka,"03/2023
07/2025",32.53,FlashReport_March 2026
1153,Karnataka,"03/2022
01/2023",93.0,FlashReport_March 2026
1154,Karnataka,"02/2023
09/2024",30.0,FlashReport_March 2026
1155,Karnataka,"01/2022
12/2022",76.86,FlashReport_March 2026
1156,Karnataka,"03/2019
12/2019",0.0,FlashReport_March 2026
1157,Karnataka,"01/2023
03/2024",40.0,FlashReport_March 2026
1158,Karnataka,"02/2023
01/2025",0.0,FlashReport_March 2026
1159,Karnataka,"01/2023
02/2024",46.52,FlashReport_March 2026
1160,Karnataka,"12/2022
08/2025",0.0,FlashReport_March 2026
1161,Karnataka,"01/2024
11/2025",0.0,FlashReport_March 2026
1162,Karnataka,"12/2021
03/2023",81.89,FlashReport_March 2026
1163,Karnataka,"01/2017
01/2018",98.87,FlashReport_March 2026
1164,Karnataka,"08/2020
04/2021",99.2,FlashReport_March 2026
1165,Karnataka,"02/2022
12/2022",74.43,FlashReport_March 2026
1166,Karnataka,"03/2023
11/2024",44.02,FlashReport_March 2026
1167,Karnataka,"01/2024
04/2025",17.5,FlashReport_March 2026
1168,Karnataka,"02/2024
03/2025",41.0,FlashReport_March 2026
1169,Karnataka,"02/2024
08/2024",24.06,FlashReport_March 2026
1170,Karnataka,"03/2018
01/2021",99.5,FlashReport_March 2026
1171,Karnataka,"12/2020
11/2021",93.52,FlashReport_March 2026
1172,Karnataka,"02/2018
05/2019",99.19,FlashReport_March 2026
1173,Karnataka,"11/2024
01/2026",5.31,FlashReport_March 2026
1174,Karnataka,"03/2023
05/2023",90.12,FlashReport_March 2026
1175,Karnataka,"03/2018
12/2020",90.08,FlashReport_March 2026
1176,Karnataka,"02/2023
04/2025",16.85,FlashReport_March 2026
1177,Karnataka,"02/2023
12/2025",4.28,FlashReport_March 2026
1178,Karnataka,"02/2023
04/2025",13.14,FlashReport_March 2026
1179,Karnataka,"01/2023
04/2025",12.0,FlashReport_March 2026
1180,Karnataka,"01/2019
10/2021",81.96,FlashReport_March 2026
1181,Karnataka,"03/2021
10/2022",67.68,FlashReport_March 2026
1182,Karnataka,"04/2010
06/2011",100.0,FlashReport_March 2026
1183,Karnataka,"03/2021
08/2022",59.29,FlashReport_March 2026
1184,Karnataka,"02/2022
02/2023",93.75,FlashReport_March 2026
1185,Karnataka,"02/2020
02/2021",99.2,FlashReport_March 2026
1186,Karnataka,"07/2012
03/2014",97.8,FlashReport_March 2026
1187,Karnataka,"03/2023
11/2024",31.07,FlashReport_March 2026
1188,Karnataka,"02/2024
09/2025",8.01,FlashReport_March 2026
1189,Karnataka,"02/2024
06/2025",28.5,FlashReport_March 2026
1190,Karnataka,"12/2015
03/2017",97.8,FlashReport_March 2026
1191,Karnataka,"02/2018
12/2019",99.19,FlashReport_March 2026
1192,Karnataka,"07/2016
03/2017",99.65,FlashReport_March 2026
1193,Karnataka,"09/2021
03/2022",20.78,FlashReport_March 2026
1194,Karnataka,"03/2015
02/2016",100.0,FlashReport_March 2026
1195,Karnataka,"04/2016
08/2017",99.7,FlashReport_March 2026
1196,Karnataka,"03/2018
03/2019",71.41,FlashReport_March 2026
1197,Karnataka,"03/2022
04/2023",73.9,FlashReport_March 2026
1198,Karnataka,"04/2020
01/2021",82.34,FlashReport_March 2026
1199,Karnataka,"02/2018
10/2019",100.0,FlashReport_March 2026
1200,Karnataka,"02/2018
10/2019",99.97,FlashReport_March 2026
1201,Karnataka,"02/2018
03/2021",96.63,FlashReport_March 2026
1202,Kerala,"02/2017
08/2017",98.0,FlashReport_March 2026
1203,Kerala,"06/2020
10/2021",90.02,FlashReport_March 2026
1204,Kerala,"08/2020
11/2021",82.44,FlashReport_March 2026
1205,Kerala,"10/2020
10/2021",60.07,FlashReport_March 2026
1206,Kerala,"03/2020
12/2020",100.0,FlashReport_March 2026
1207,Kerala,"01/2021
01/2022",99.75,FlashReport_March 2026
1208,Kerala,"02/2021
01/2022",98.84,FlashReport_March 2026
1209,Kerala,"06/2021
09/2022",88.2,FlashReport_March 2026
1210,Kerala,"06/2021
09/2022",84.18,FlashReport_March 2026
1211,Kerala,"11/2021
10/2022",64.93,FlashReport_March 2026
1212,Kerala,"08/2022
02/2023",83.93,FlashReport_March 2026
1213,Kerala,"09/2021
03/2022",76.31,FlashReport_March 2026
1214,Kerala,"12/2021
08/2022",71.2,FlashReport_March 2026
1215,Kerala,"06/2021
04/2022",73.89,FlashReport_March 2026
1216,Kerala,"09/2022
06/2023",52.71,FlashReport_March 2026
1217,Kerala,"02/2018
02/2021",98.75,FlashReport_March 2026
1218,Kerala,"06/2020
10/2021",86.4,FlashReport_March 2026
1219,Kerala,"06/2021
10/2022",81.8,FlashReport_March 2026
1220,Kerala,"12/2021
07/2022",44.34,FlashReport_March 2026
1221,Ladakh,"03/2021
07/2021",90.59,FlashReport_March 2026
1222,Ladakh,"03/2021
07/2021",82.74,FlashReport_March 2026
1223,Ladakh,"03/2021
07/2021",75.38,FlashReport_March 2026
1224,Madhya Pradesh,"03/2024
02/2025",50.0,FlashReport_March 2026
1225,Madhya Pradesh,"03/2015
08/2015",94.5,FlashReport_March 2026
1226,Madhya Pradesh,"03/2022
01/2024",29.09,FlashReport_March 2026
1227,Madhya Pradesh,"01/2022
09/2023",93.68,FlashReport_March 2026
1228,Madhya Pradesh,"03/2022
05/2023",88.0,FlashReport_March 2026
1229,Madhya Pradesh,"03/2022
02/2023",64.71,FlashReport_March 2026
1230,Madhya Pradesh,"02/2024
12/2025",19.31,FlashReport_March 2026
1231,Madhya Pradesh,"03/2023
11/2024",49.53,FlashReport_March 2026
1232,Madhya Pradesh,"03/2023
11/2024",25.3,FlashReport_March 2026
1233,Madhya Pradesh,"03/2022
01/2024",87.5,FlashReport_March 2026
1234,Madhya Pradesh,"03/2022
06/2023",67.0,FlashReport_March 2026
1254,Madhya Pradesh,"03/2021
04/2022",93.53,FlashReport_March 2026
1255,Madhya Pradesh,"08/2022
08/2024",83.0,FlashReport_March 2026
1256,Madhya Pradesh,"10/2024
10/2025",15.02,FlashReport_March 2026
1257,Madhya Pradesh,"03/2025
12/2025",3.94,FlashReport_March 2026
1258,Madhya Pradesh,"10/2024
11/2025",17.5,FlashReport_March 2026
1259,Madhya Pradesh,"11/2022
03/2024",74.56,FlashReport_March 2026
1260,Madhya Pradesh,"09/2022
03/2024",77.0,FlashReport_March 2026
1261,Madhya Pradesh,"08/2022
03/2024",76.1,FlashReport_March 2026
1262,Madhya Pradesh,"09/2022
03/2023",88.0,FlashReport_March 2026
1263,Madhya Pradesh,"10/2024
10/2025",20.13,FlashReport_March 2026
1264,Madhya Pradesh,"01/2022
11/2022",90.85,FlashReport_March 2026
1265,Madhya Pradesh,"01/2020
10/2021",96.21,FlashReport_March 2026
1266,Madhya Pradesh,"01/2021
07/2021",57.14,FlashReport_March 2026
1267,Madhya Pradesh,"12/2021
09/2022",99.0,FlashReport_March 2026
1268,Madhya Pradesh,"10/2022
09/2023",68.87,FlashReport_March 2026
1269,Madhya Pradesh,"08/2017
02/2018",100.0,FlashReport_March 2026
1270,Madhya Pradesh,"08/2023
04/2024",80.16,FlashReport_March 2026
1271,Madhya Pradesh,"02/2024
01/2026",6.12,FlashReport_March 2026
1272,Madhya Pradesh,"03/2024
03/2026",0.0,FlashReport_March 2026
1273,Madhya Pradesh,"03/2024
08/2025",12.44,FlashReport_March 2026
1274,Madhya Pradesh,"02/2024
03/2025",40.22,FlashReport_March 2026
1275,Madhya Pradesh,"03/2025
01/2026",5.01,FlashReport_March 2026
1276,Madhya Pradesh,"02/2024
08/2025",15.01,FlashReport_March 2026
1277,Madhya Pradesh,"03/2023
01/2026",0.0,FlashReport_March 2026
1278,Madhya Pradesh,"01/2020
08/2021",99.8,FlashReport_March 2026
1279,Madhya Pradesh,"01/2023
03/2024",40.25,FlashReport_March 2026
1280,Maharashtra,"03/2024
10/2025",6.05,FlashReport_March 2026
1281,Maharashtra,"03/2021
03/2022",95.0,FlashReport_March 2026
1282,Maharashtra,"03/2022
07/2023",67.58,FlashReport_March 2026
1283,Maharashtra,"02/2023
03/2024",100.0,FlashReport_March 2026
1284,Maharashtra,"07/2017
09/2017",95.84,FlashReport_March 2026
1285,Maharashtra,"12/2024
09/2025",10.0,FlashReport_March 2026
1286,Maharashtra,"09/2018
10/2018",98.37,FlashReport_March 2026
1287,Maharashtra,"03/2025
10/2025",47.19,FlashReport_March 2026
1288,Maharashtra,"03/2016
02/2018",97.5,FlashReport_March 2026
1289,Maharashtra,"03/2016
11/2017",80.06,FlashReport_March 2026
1290,Maharashtra,"03/2016
11/2017",90.14,FlashReport_March 2026
1291,Maharashtra,"06/2022
01/2023",80.0,FlashReport_March 2026
1306,Maharashtra,"01/2017
06/2017",91.89,FlashReport_March 2026
1307,Maharashtra,"03/2021
11/2022",93.75,FlashReport_March 2026
1308,Maharashtra,"03/2024
10/2024",100.0,FlashReport_March 2026
1309,Maharashtra,"03/2021
06/2022",61.61,FlashReport_March 2026
1310,Maharashtra,"02/2023
09/2024",69.15,FlashReport_March 2026
1311,Maharashtra,"03/2021
02/2022",91.0,FlashReport_March 2026
1312,Maharashtra,"03/2024
05/2025",43.0,FlashReport_March 2026
1313,Maharashtra,"03/2024
05/2025",37.4,FlashReport_March 2026
1314,Maharashtra,"03/2024
04/2025",43.46,FlashReport_March 2026
1315,Maharashtra,"03/2024
05/2025",15.0,FlashReport_March 2026
1316,Maharashtra,"01/2017
08/2017",96.19,FlashReport_March 2026
1317,Maharashtra,"01/2017
08/2017",98.08,FlashReport_March 2026
1318,Maharashtra,"03/2022
01/2023",68.93,FlashReport_March 2026
1319,Maharashtra,"03/2024
01/2025",63.2,FlashReport_March 2026
1320,Maharashtra,"03/2017
06/2017",82.0,FlashReport_March 2026
1321,Maharashtra,"02/2017
06/2017",83.93,FlashReport_March 2026
1339,Maharashtra,"01/2025
06/2025",13.9,FlashReport_March 2026
1340,Maharashtra,"11/2017
02/2019",86.99,FlashReport_March 2026
1341,Maharashtra,"12/2021
01/2023",48.87,FlashReport_March 2026
1342,Maharashtra,"12/2021
12/2022",73.96,FlashReport_March 2026
1343,Maharashtra,"12/2015
03/2016",97.77,FlashReport_March 2026
1344,Maharashtra,"03/2023
07/2023",80.13,FlashReport_March 2026
1345,Maharashtra,"02/2024
10/2024",30.2,FlashReport_March 2026
1346,Maharashtra,"03/2025
06/2025",76.0,FlashReport_March 2026
1347,Maharashtra,"02/2021
11/2021",99.79,FlashReport_March 2026
1348,Maharashtra,"12/2022
03/2023",96.89,FlashReport_March 2026
1349,Maharashtra,"12/2023
10/2024",60.26,FlashReport_March 2026
1350,Maharashtra,"01/2025
07/2025",10.64,FlashReport_March 2026
1351,Maharashtra,"08/2022
11/2023",48.0,FlashReport_March 2026
1352,Maharashtra,"06/2016
01/2019",98.84,FlashReport_March 2026
1353,Maharashtra,"03/2018
03/2019",100.0,FlashReport_March 2026
1354,Maharashtra,"03/2018
03/2019",96.15,FlashReport_March 2026
1355,Maharashtra,"02/2021
01/2022",97.69,FlashReport_March 2026
1356,Maharashtra,"03/2025
06/2025",26.2,FlashReport_March 2026
1357,Maharashtra,"10/2024
04/2025",32.73,FlashReport_March 2026
1358,Maharashtra,"02/2022
05/2023",78.26,FlashReport_March 2026
1359,Maharashtra,"02/2022
05/2023",65.9,FlashReport_March 2026
1360,Maharashtra,"02/2021
10/2021",81.54,FlashReport_March 2026
1361,Maharashtra,"02/2025
07/2025",26.8,FlashReport_March 2026
1362,Maharashtra,"03/2025
01/2026",0.0,FlashReport_March 2026
1363,Maharashtra,"02/2021
03/2022",78.0,FlashReport_March 2026
1364,Maharashtra,"09/2009
10/2010",99.05,FlashReport_March 2026
1365,Maharashtra,"06/2022
11/2022",81.63,FlashReport_March 2026
1366,Maharashtra,"02/2022
11/2022",93.75,FlashReport_March 2026
1367,Maharashtra,"01/2021
09/2021",86.2,FlashReport_March 2026
1368,Maharashtra,"08/2020
03/2022",99.38,FlashReport_March 2026
1369,Maharashtra,"03/2018
01/2019",76.6,FlashReport_March 2026
1370,Maharashtra,"10/2021
05/2022",98.52,FlashReport_March 2026
1371,Maharashtra,"01/2021
09/2021",97.4,FlashReport_March 2026
1372,Manipur,"03/2021
07/2021",85.64,FlashReport_March 2026
1373,Manipur,"09/2020
12/2024",52.66,FlashReport_March 2026
1374,Manipur,"09/2020
10/2020",87.3,FlashReport_March 2026
1375,Manipur,"09/2020
02/2025",41.99,FlashReport_March 2026
1376,Manipur,"03/2020
07/2020",97.12,FlashReport_March 2026
1393,Manipur,"07/2021
09/2021",93.71,FlashReport_March 2026
1394,Manipur,"03/2021
06/2021",100.0,FlashReport_March 2026
1395,Manipur,"09/2021
11/2021",85.36,FlashReport_March 2026
1396,Manipur,"09/2021
11/2021",85.36,FlashReport_March 2026
1397,Manipur,"03/2023
03/2024",79.5,FlashReport_March 2026
1398,Manipur,"09/2021
07/2023",90.91,FlashReport_March 2026
1399,Manipur,"09/2021
08/2022",96.77,FlashReport_March 2026
1400,Manipur,"02/2021
06/2021",100.0,FlashReport_March 2026
1401,Manipur,"02/2021
06/2021",74.58,FlashReport_March 2026
1402,Meghalaya,"08/2020
02/2022",99.1,FlashReport_March 2026
1403,Meghalaya,"12/2023
05/2025",2.5,FlashReport_March 2026
1404,Meghalaya,"03/2023
09/2025",24.13,FlashReport_March 2026
1405,Meghalaya,"03/2023
03/2025",38.75,FlashReport_March 2026
1406,Meghalaya,"07/2020
05/2024",38.77,FlashReport_March 2026
1407,Meghalaya,"07/2020
04/2024",49.05,FlashReport_March 2026
1408,Meghalaya,"07/2020
02/2024",49.31,FlashReport_March 2026
1424,Mizoram,"03/2020
07/2020",0.0,FlashReport_March 2026
1425,Mizoram,"03/2021
06/2021",64.78,FlashReport_March 2026
1426,Mizoram,"06/2021
07/2021",61.34,FlashReport_March 2026
1427,Mizoram,"09/2019
10/2019",95.35,FlashReport_March 2026
1428,Mizoram,"09/2019
10/2019",97.51,FlashReport_March 2026
1429,Mizoram,"09/2019
12/2019",98.73,FlashReport_March 2026
1430,Mizoram,"09/2019
10/2020",100.0,FlashReport_March 2026
1431,Mizoram,"09/2019
03/2020",99.82,FlashReport_March 2026
1432,Mizoram,"09/2019
10/2019",99.88,FlashReport_March 2026
1433,Mizoram,"02/2023
12/2024",4.71,FlashReport_March 2026
1434,Mizoram,"12/2021
11/2023",75.35,FlashReport_March 2026
1435,"Multi-States
(Andhra Pradesh,
Karnataka)","12/2020
10/2022",98.47,FlashReport_March 2026
1436,"Multi-States
(Andhra Pradesh,
Odisha)","02/2021
03/2022",94.77,FlashReport_March 2026
1437,"Multi-States
(Andhra Pradesh,
Tamil Nadu)","10/2020
05/2022",97.01,FlashReport_March 2026
1438,"Multi-States
(Andhra Pradesh,
Tamil Nadu)","03/2021
01/2023",98.89,FlashReport_March 2026
1439,"Multi-States
(Andhra Pradesh,
Tamil Nadu)","12/2024
09/2025",6.45,FlashReport_March 2026
1440,"Multi-States
(Andhra Pradesh,
Tamil Nadu)","02/2021
12/2022",99.19,FlashReport_March 2026
1441,"Multi-States
(Andhra Pradesh,
Tamil Nadu)","02/2021
10/2023",97.13,FlashReport_March 2026
1442,"Multi-States
(Andhra Pradesh,
Tamil Nadu)","12/2017
03/2018",100.0,FlashReport_March 2026
1443,"Multi-States
(Andhra Pradesh,
Telangana)","01/2021
09/2022",98.82,FlashReport_March 2026
1444,"Multi-States
(Andhra Pradesh,
Telangana)","03/2023
05/2025",2.0,FlashReport_March 2026
1445,"Multi-States
(Andhra Pradesh,
Telangana)","03/2023
03/2025",17.4,FlashReport_March 2026
1446,"Multi-States
(Andhra Pradesh,
Telangana)","01/2022
01/2023",65.24,FlashReport_March 2026
1447,"Multi-States
(Arunachal
Pradesh, Assam)","03/2023
09/2024",96.45,FlashReport_March 2026
1448,"Multi-States
(Bihar, Jharkhand)","02/2021
12/2024",19.61,FlashReport_March 2026
1449,"Multi-States
(Bihar, Jharkhand)","06/2021
03/2022",96.43,FlashReport_March 2026
1450,"Multi-States
(Bihar, Jharkhand)","03/2023
07/2025",17.1,FlashReport_March 2026
1451,"Multi-States
(Bihar, Jharkhand)","09/2020
03/2022",91.3,FlashReport_March 2026
1452,"Multi-States
(Bihar, Jharkhand)","10/2016
11/2020",83.68,FlashReport_March 2026
1453,"Multi-States
(Bihar, Jharkhand)","12/2017
06/2019",78.0,FlashReport_March 2026
1454,"Multi-States
(Bihar, Jharkhand)","02/2021
08/2022",90.73,FlashReport_March 2026
1455,"Multi-States
(Bihar, Uttar
Pradesh)","02/2009
09/2011",95.58,FlashReport_March 2026
1456,"Multi-States
(Bihar, Uttar
Pradesh)","03/2023
11/2024",38.09,FlashReport_March 2026
1457,"Multi-States
(Bihar, Uttar
Pradesh)","03/2024
08/2025",13.13,FlashReport_March 2026
1458,"Multi-States
(Bihar, Uttar
Pradesh)","10/2022
08/2023",75.09,FlashReport_March 2026
1459,"Multi-States
(Bihar, West
Bengal)","01/2025
12/2025",7.08,FlashReport_March 2026
1460,"Multi-States
(Chhattisgarh,
Odisha)","02/2021
03/2022",99.95,FlashReport_March 2026
1461,"Multi-States
(Dadra & Nagar
Haveli and Daman
& Diu, Gujarat,
Maharashtra)","10/2020
03/2022",36.23,FlashReport_March 2026
1462,"Multi-States (Delhi,
Haryana)","01/2018
11/2018",100.0,FlashReport_March 2026
1463,"Multi-States (Delhi,
Uttar Pradesh)","09/2020
06/2022",100.0,FlashReport_March 2026
1464,"Multi-States (Goa,
Karnataka)","01/2022
11/2022",81.53,FlashReport_March 2026
1465,"Multi-States
(Gujarat,
Maharashtra)","12/2019
09/2020",97.66,FlashReport_March 2026
1466,"Multi-States
(Haryana, Punjab)","01/2021
05/2022",98.7,FlashReport_March 2026
1467,"Multi-States
(Haryana, Punjab)","11/2021
12/2022",98.0,FlashReport_March 2026
1468,"Multi-States
(Haryana, Punjab)","10/2022
06/2023",100.0,FlashReport_March 2026
1469,"Multi-States
(Haryana, Punjab)","02/2023
12/2023",70.83,FlashReport_March 2026
1470,"Multi-States
(Haryana, Punjab)","03/2022
10/2023",80.65,FlashReport_March 2026
1471,"Multi-States
(Haryana, Punjab)","05/2022
05/2023",71.11,FlashReport_March 2026
1472,"Multi-States
(Haryana,
Rajasthan)","08/2022
12/2022",87.14,FlashReport_March 2026
1473,"Multi-States
(Haryana, Uttar
Pradesh)","03/2024
08/2025",5.68,FlashReport_March 2026
1474,"Multi-States
(Haryana, Uttar
Pradesh)","06/2022
05/2023",74.5,FlashReport_March 2026
1475,"Multi-States
(Haryana, Uttar
Pradesh)","07/2022
06/2023",67.1,FlashReport_March 2026
1476,"Multi-States
(Himachal
Pradesh, Punjab)","03/2023
05/2025",22.17,FlashReport_March 2026
1477,"Multi-States
(Himachal
Pradesh,
Uttarakhand)","03/2022
05/2023",94.25,FlashReport_March 2026
1478,"Multi-States
(Jammu and
Kashmir, Punjab)","10/2021
09/2022",83.6,FlashReport_March 2026
1479,"Multi-States
(Jharkhand, Uttar
Pradesh)","03/2022
09/2023",92.02,FlashReport_March 2026
1480,"Multi-States
(Jharkhand, West
Bengal)","08/2010
04/2014",100.0,FlashReport_March 2026
1481,"Multi-States
(Jharkhand, West
Bengal)","03/2023
09/2025",10.45,FlashReport_March 2026
1482,"Multi-States
(Jharkhand, West
Bengal)","03/2018
12/2019",97.4,FlashReport_March 2026
1483,"Multi-States
(Jharkhand, West
Bengal)","02/2025
02/2026",0.3,FlashReport_March 2026
1484,"Multi-States
(Jharkhand, West
Bengal)","NA
12/2017",99.84,FlashReport_March 2026
1485,"Multi-States
(Karnataka,
Kerala)","05/2020
11/2021",99.2,FlashReport_March 2026
1486,"Multi-States
(Karnataka,
Maharashtra)","11/2021
10/2022",100.0,FlashReport_March 2026
1487,"Multi-States
(Karnataka,
Maharashtra)","01/2022
10/2022",81.1,FlashReport_March 2026
1488,"Multi-States
(Karnataka,
Maharashtra)","03/2023
10/2024",44.11,FlashReport_March 2026
1489,"Multi-States
(Karnataka, Tamil
Nadu)","03/2022
05/2023",75.76,FlashReport_March 2026
1490,"Multi-States
(Karnataka, Tamil
Nadu)","10/2021
10/2022",78.7,FlashReport_March 2026
1491,"Multi-States
(Karnataka,
Telangana)","03/2022
11/2022",99.51,FlashReport_March 2026
1492,"Multi-States
(Karnataka,
Telangana)","02/2022
01/2023",90.13,FlashReport_March 2026
1493,"Multi-States
(Kerala,
Puducherry)","09/2017
12/2017",100.0,FlashReport_March 2026
1494,"Multi-States
(Madhya Pradesh,
Maharashtra)","12/2022
03/2024",64.0,FlashReport_March 2026
1495,"Multi-States
(Madhya Pradesh,
Uttar Pradesh)","02/2023
03/2024",93.1,FlashReport_March 2026
1496,"Multi-States
(Madhya Pradesh,
Uttar Pradesh)","10/2024
09/2025",30.66,FlashReport_March 2026
1497,"Multi-States
(Maharashtra,
Telangana)","03/2018
04/2019",96.02,FlashReport_March 2026
1498,"Multi-States
(Maharashtra,
Telangana)","03/2022
10/2022",100.0,FlashReport_March 2026
1499,"Multi-States
(Maharashtra,
Telangana)","03/2022
03/2024",66.35,FlashReport_March 2026
1500,"Multi-States
(Puducherry, Tamil
Nadu)","03/2018
11/2021",98.32,FlashReport_March 2026
1501,"Multi-States
(Puducherry, Tamil
Nadu)","03/2018
11/2021",98.75,FlashReport_March 2026
1502,"Multi-States
(Puducherry, Tamil
Nadu)","03/2018
10/2020",81.0,FlashReport_March 2026
1503,"Multi-States
(Rajasthan, Uttar
Pradesh)","03/2024
04/2025",99.09,FlashReport_March 2026
1504,"Multi-States (Uttar
Pradesh,
Uttarakhand)","04/2022
11/2022",99.29,FlashReport_March 2026
1505,"Multi-States (Uttar
Pradesh,
Uttarakhand)","01/2023
03/2024",33.14,FlashReport_March 2026
1506,"Multi-States (Uttar
Pradesh,
Uttarakhand)","04/2025
10/2025",9.15,FlashReport_March 2026
1507,"Multi-States (Uttar
Pradesh,
Uttarakhand)","03/2023
01/2024",98.06,FlashReport_March 2026
1508,"Multi-States (Uttar
Pradesh,
Uttarakhand)","02/2023
03/2024",41.5,FlashReport_March 2026
1509,"Multi-States (Uttar
Pradesh,
Uttarakhand)","11/2021
02/2023",91.26,FlashReport_March 2026
1510,"Multi-States (Uttar
Pradesh,
Uttarakhand)","12/2015
01/2018",97.64,FlashReport_March 2026
1511,Nagaland,"06/2020
06/2024",44.46,FlashReport_March 2026
1512,Nagaland,"02/2021
06/2023",0.0,FlashReport_March 2026
1513,Nagaland,"03/2021
07/2022",100.0,FlashReport_March 2026
1514,Nagaland,"07/2020
10/2020",45.5,FlashReport_March 2026
1515,Nagaland,"07/2020
06/2023",36.77,FlashReport_March 2026
1516,Nagaland,"07/2020
10/2020",69.57,FlashReport_March 2026
1517,Nagaland,"07/2020
11/2023",25.61,FlashReport_March 2026
1518,Nagaland,"03/2020
11/2023",93.04,FlashReport_March 2026
1519,Nagaland,"03/2020
01/2024",40.48,FlashReport_March 2026
1520,Nagaland,"03/2016
09/2023",82.59,FlashReport_March 2026
1521,Nagaland,"02/2017
09/2017",0.0,FlashReport_March 2026
1522,Nagaland,"12/2022
08/2023",87.0,FlashReport_March 2026
1523,Nagaland,"12/2022
08/2023",85.67,FlashReport_March 2026
1524,Nagaland,"12/2022
08/2023",50.63,FlashReport_March 2026
1525,Nagaland,"02/2021
06/2023",90.68,FlashReport_March 2026
1526,Nagaland,"01/2021
09/2023",93.13,FlashReport_March 2026
1527,Nagaland,"03/2021
09/2023",99.5,FlashReport_March 2026
1528,Nagaland,"03/2018
08/2023",100.0,FlashReport_March 2026
1529,Nagaland,"03/2018
09/2023",75.05,FlashReport_March 2026
1530,Odisha,"03/2023
04/2025",0.0,FlashReport_March 2026
1531,Odisha,"03/2022
02/2024",56.11,FlashReport_March 2026
1532,Odisha,"03/2023
12/2024",21.0,FlashReport_March 2026
1533,Odisha,"02/2022
04/2023",55.0,FlashReport_March 2026
1534,Odisha,"12/2021
05/2023",70.09,FlashReport_March 2026
1535,Odisha,"01/2022
06/2025",3.0,FlashReport_March 2026
1536,Odisha,"03/2022
06/2023",60.65,FlashReport_March 2026
1537,Odisha,"09/2021
01/2025",21.0,FlashReport_March 2026
1538,Odisha,"02/2023
05/2025",18.0,FlashReport_March 2026
1539,Odisha,"01/2022
05/2023",100.0,FlashReport_March 2026
1540,Odisha,"02/2022
05/2023",82.0,FlashReport_March 2026
1541,Odisha,"03/2021
03/2022",75.0,FlashReport_March 2026
1542,Odisha,"11/2021
06/2023",72.0,FlashReport_March 2026
1543,Odisha,"03/2022
02/2024",60.0,FlashReport_March 2026
1544,Odisha,"03/2023
04/2025",15.0,FlashReport_March 2026
1545,Odisha,"03/2022
10/2024",20.25,FlashReport_March 2026
1546,Odisha,"11/2014
03/2019",91.32,FlashReport_March 2026
1547,Odisha,"03/2024
06/2024",47.25,FlashReport_March 2026
1548,Odisha,"09/2023
11/2024",16.09,FlashReport_March 2026
1549,Odisha,"03/2025
05/2025",8.13,FlashReport_March 2026
1550,Odisha,"09/2021
05/2022",94.09,FlashReport_March 2026
1551,Odisha,"08/2021
06/2022",98.89,FlashReport_March 2026
1552,Odisha,"12/2021
10/2022",96.6,FlashReport_March 2026
1553,Odisha,"09/2023
06/2024",99.86,FlashReport_March 2026
1554,Odisha,"09/2020
03/2021",99.0,FlashReport_March 2026
1555,Odisha,"03/2023
12/2023",91.0,FlashReport_March 2026
1556,Odisha,"03/2023
12/2023",91.0,FlashReport_March 2026
1557,Odisha,"03/2023
12/2023",92.3,FlashReport_March 2026
1558,Odisha,"04/2022
08/2022",38.0,FlashReport_March 2026
1559,Odisha,"10/2017
12/2018",96.52,FlashReport_March 2026
1560,Odisha,"01/2009
12/2011",97.48,FlashReport_March 2026
1561,Odisha,"03/2021
04/2022",99.6,FlashReport_March 2026
1562,Odisha,"09/2016
03/2017",99.98,FlashReport_March 2026
1563,Odisha,"10/2017
01/2018",99.0,FlashReport_March 2026
1564,Odisha,"01/2018
02/2019",99.0,FlashReport_March 2026
1565,Odisha,"01/2018
02/2020",86.0,FlashReport_March 2026
1566,Odisha,"03/2023
11/2024",31.0,FlashReport_March 2026
1567,Odisha,"02/2021
03/2022",99.95,FlashReport_March 2026
1568,Odisha,"10/2017
03/2018",99.66,FlashReport_March 2026
1569,Punjab,"03/2023
05/2025",45.0,FlashReport_March 2026
1570,Punjab,"03/2022
10/2023",98.0,FlashReport_March 2026
1571,Punjab,"03/2021
10/2023",83.0,FlashReport_March 2026
1572,Punjab,"12/2020
07/2022",95.8,FlashReport_March 2026
1573,Punjab,"12/2020
03/2023",31.08,FlashReport_March 2026
1574,Punjab,"12/2020
07/2022",73.26,FlashReport_March 2026
1575,Punjab,"12/2020
07/2022",62.99,FlashReport_March 2026
1576,Punjab,"03/2021
11/2022",43.45,FlashReport_March 2026
1577,Punjab,"03/2021
01/2024",27.05,FlashReport_March 2026
1578,Punjab,"12/2021
04/2023",31.07,FlashReport_March 2026
1579,Punjab,"11/2024
07/2025",21.82,FlashReport_March 2026
1580,Punjab,"03/2021
01/2023",42.98,FlashReport_March 2026
1581,Punjab,"05/2020
08/2023",99.0,FlashReport_March 2026
1582,Punjab,"03/2021
11/2022",69.5,FlashReport_March 2026
1583,Punjab,"03/2021
06/2024",70.0,FlashReport_March 2026
1584,Punjab,"06/2021
09/2023",81.5,FlashReport_March 2026
1585,Punjab,"05/2020
12/2022",76.0,FlashReport_March 2026
1586,Punjab,"03/2022
05/2023",84.96,FlashReport_March 2026
1587,Punjab,"07/2021
02/2023",77.8,FlashReport_March 2026
1588,Punjab,"11/2022
03/2025",12.27,FlashReport_March 2026
1589,Punjab,"03/2023
04/2024",60.0,FlashReport_March 2026
1590,Punjab,"12/2020
03/2022",95.0,FlashReport_March 2026
1591,Punjab,"02/2021
08/2022",85.0,FlashReport_March 2026
1592,Punjab,"08/2021
06/2023",65.2,FlashReport_March 2026
1593,Punjab,"10/2021
06/2023",78.93,FlashReport_March 2026
1594,Punjab,"12/2020
06/2022",64.12,FlashReport_March 2026
1595,Punjab,"03/2021
06/2024",64.12,FlashReport_March 2026
1596,Punjab,"07/2021
09/2025",20.03,FlashReport_March 2026
1597,Punjab,"03/2021
11/2022",31.34,FlashReport_March 2026
1598,Rajasthan,"12/2020
10/2021",99.0,FlashReport_March 2026
1599,Rajasthan,"03/2022
02/2023",100.0,FlashReport_March 2026
1600,Rajasthan,"12/2021
09/2022",97.0,FlashReport_March 2026
1601,Rajasthan,"01/2022
12/2022",98.58,FlashReport_March 2026
1602,Rajasthan,"12/2021
05/2022",87.6,FlashReport_March 2026
1603,Rajasthan,"03/2022
10/2024",68.0,FlashReport_March 2026
1604,Rajasthan,"02/2023
10/2024",48.79,FlashReport_March 2026
1605,Rajasthan,"02/2022
09/2023",0.0,FlashReport_March 2026
1606,Rajasthan,"02/2024
11/2024",23.0,FlashReport_March 2026
1607,Rajasthan,"03/2022
02/2023",100.0,FlashReport_March 2026
1608,Rajasthan,"03/2022
10/2023",36.87,FlashReport_March 2026
1609,Rajasthan,"01/2025
06/2025",37.16,FlashReport_March 2026
1610,Rajasthan,"11/2019
05/2021",99.8,FlashReport_March 2026
1611,Rajasthan,"11/2019
05/2021",95.15,FlashReport_March 2026
1612,Rajasthan,"07/2020
07/2021",91.69,FlashReport_March 2026
1613,Rajasthan,"02/2019
06/2021",100.0,FlashReport_March 2026
1614,Rajasthan,"10/2019
08/2021",100.0,FlashReport_March 2026
1615,Rajasthan,"10/2019
07/2021",99.2,FlashReport_March 2026
1616,Rajasthan,"09/2022
03/2024",37.24,FlashReport_March 2026
1617,Rajasthan,"09/2022
09/2024",35.1,FlashReport_March 2026
1618,Rajasthan,"02/2018
04/2019",100.0,FlashReport_March 2026
1619,Rajasthan,"03/2025
12/2025",5.6,FlashReport_March 2026
1620,Rajasthan,"11/2021
08/2022",99.0,FlashReport_March 2026
1621,Rajasthan,"01/2024
07/2024",79.48,FlashReport_March 2026
1622,Rajasthan,"03/2022
11/2022",100.0,FlashReport_March 2026
1623,Rajasthan,"03/2025
03/2026",0.0,FlashReport_March 2026
1624,Sikkim,"10/2021
05/2022",90.0,FlashReport_March 2026
1625,Sikkim,"03/2018
01/2023",85.15,FlashReport_March 2026
1626,Sikkim,"01/2021
04/2021",97.57,FlashReport_March 2026
1627,Sikkim,"10/2020
05/2021",77.07,FlashReport_March 2026
1628,Sikkim,"01/2021
02/2021",81.83,FlashReport_March 2026
1629,Sikkim,"10/2020
12/2020",60.88,FlashReport_March 2026
1630,Sikkim,"07/2020
10/2020",80.46,FlashReport_March 2026
1631,Sikkim,"07/2020
10/2020",65.1,FlashReport_March 2026
1632,Tamil Nadu,"03/2022
09/2024",92.0,FlashReport_March 2026
1633,Tamil Nadu,"01/2021
07/2022",93.04,FlashReport_March 2026
1634,Tamil Nadu,"12/2020
08/2022",53.56,FlashReport_March 2026
1635,Tamil Nadu,"05/2023
02/2024",24.13,FlashReport_March 2026
1636,Tamil Nadu,"02/2021
07/2022",83.45,FlashReport_March 2026
1637,Tamil Nadu,"08/2018
02/2019",93.55,FlashReport_March 2026
1638,Tamil Nadu,"06/2024
01/2025",28.06,FlashReport_March 2026
1639,Tamil Nadu,"03/2024
03/2025",34.48,FlashReport_March 2026
1640,Tamil Nadu,"NA
07/2006",100.0,FlashReport_March 2026
1641,Tamil Nadu,"12/2018
03/2020",95.85,FlashReport_March 2026
1642,Tamil Nadu,"11/2022
08/2023",75.19,FlashReport_March 2026
1643,Tamil Nadu,"02/2021
01/2023",36.06,FlashReport_March 2026
1644,Tamil Nadu,"NA
07/2007",100.0,FlashReport_March 2026
1645,Tamil Nadu,"03/2022
02/2023",94.9,FlashReport_March 2026
1646,Tamil Nadu,"02/2022
04/2023",99.96,FlashReport_March 2026
1647,Tamil Nadu,"12/2018
03/2020",91.72,FlashReport_March 2026
1648,Tamil Nadu,"NA
04/2010",100.0,FlashReport_March 2026
1649,Tamil Nadu,"03/2023
11/2023",16.61,FlashReport_March 2026
1650,Tamil Nadu,"03/2023
11/2023",20.6,FlashReport_March 2026
1651,Tamil Nadu,"03/2018
01/2022",99.8,FlashReport_March 2026
1652,Tamil Nadu,"12/2006
01/2008",100.0,FlashReport_March 2026
1653,Tamil Nadu,"01/2019
12/2020",91.84,FlashReport_March 2026
1654,Tamil Nadu,"01/2019
01/2021",91.73,FlashReport_March 2026
1655,Tamil Nadu,"03/2017
08/2018",100.0,FlashReport_March 2026
1656,Tamil Nadu,"01/2025
06/2025",22.12,FlashReport_March 2026
1657,Tamil Nadu,"02/2018
04/2019",100.0,FlashReport_March 2026
1658,Tamil Nadu,"12/2006
01/2008",100.0,FlashReport_March 2026
1659,Tamil Nadu,"03/2023
11/2023",7.31,FlashReport_March 2026
1660,Tamil Nadu,"12/2009
06/2011",99.99,FlashReport_March 2026
1661,Tamil Nadu,"06/2005
08/2006",100.0,FlashReport_March 2026
1662,Tamil Nadu,"08/2005
10/2006",100.0,FlashReport_March 2026
1663,Tamil Nadu,"10/2009
09/2010",100.0,FlashReport_March 2026
1664,Tamil Nadu,"02/2019
12/2021",82.56,FlashReport_March 2026
1665,Tamil Nadu,"02/2019
05/2022",58.65,FlashReport_March 2026
1666,Tamil Nadu,"02/2019
12/2023",53.41,FlashReport_March 2026
1667,Tamil Nadu,"03/2018
11/2018",99.75,FlashReport_March 2026
1668,Tamil Nadu,"03/2023
11/2023",16.09,FlashReport_March 2026
1669,Tamil Nadu,"03/2024
12/2024",33.86,FlashReport_March 2026
1670,Tamil Nadu,"03/2022
09/2022",97.92,FlashReport_March 2026
1671,Telangana,"01/2018
05/2018",92.62,FlashReport_March 2026
1672,Telangana,"10/2016
03/2017",100.0,FlashReport_March 2026
1673,Telangana,"03/2023
07/2024",34.07,FlashReport_March 2026
1674,Telangana,"03/2021
07/2022",80.59,FlashReport_March 2026
1675,Telangana,"03/2018
07/2018",51.09,FlashReport_March 2026
1676,Telangana,"03/2017
05/2017",99.92,FlashReport_March 2026
1677,Telangana,"01/2018
06/2018",0.0,FlashReport_March 2026
1713,Telangana,"03/2023
07/2025",5.07,FlashReport_March 2026
1714,Telangana,"03/2023
03/2025",40.05,FlashReport_March 2026
1715,Telangana,"10/2021
11/2024",11.68,FlashReport_March 2026
1716,Telangana,"01/2021
01/2022",99.98,FlashReport_March 2026
1717,Telangana,"01/2021
09/2022",98.02,FlashReport_March 2026
1718,Telangana,"11/2013
03/2014",100.0,FlashReport_March 2026
1719,Telangana,"01/2015
02/2015",82.76,FlashReport_March 2026
1720,Tripura,"12/2023
09/2024",43.8,FlashReport_March 2026
1721,Tripura,"01/2024
12/2024",8.05,FlashReport_March 2026
1722,Tripura,"01/2024
09/2024",12.1,FlashReport_March 2026
1723,Tripura,"01/2024
09/2024",54.9,FlashReport_March 2026
1724,Tripura,"01/2024
07/2024",55.12,FlashReport_March 2026
1725,Tripura,"02/2020
09/2024",41.9,FlashReport_March 2026
1726,Tripura,"02/2020
07/2020",0.0,FlashReport_March 2026
1727,Tripura,"01/2023
05/2023",69.78,FlashReport_March 2026
1728,Tripura,"03/2023
03/2024",0.0,FlashReport_March 2026
1729,Uttar Pradesh,"02/2023
03/2024",91.85,FlashReport_March 2026
1730,Uttar Pradesh,"01/2022
01/2025",26.0,FlashReport_March 2026
1731,Uttar Pradesh,"12/2022
11/2024",24.5,FlashReport_March 2026
1732,Uttar Pradesh,"03/2021
03/2022",100.0,FlashReport_March 2026
1733,Uttar Pradesh,"12/2019
10/2020",95.0,FlashReport_March 2026
1734,Uttar Pradesh,"12/2022
08/2024",44.0,FlashReport_March 2026
1735,Uttar Pradesh,"10/2022
01/2024",70.7,FlashReport_March 2026
1736,Uttar Pradesh,"01/2022
03/2024",54.0,FlashReport_March 2026
1737,Uttar Pradesh,"10/2022
11/2023",46.0,FlashReport_March 2026
1738,Uttar Pradesh,"03/2020
03/2023",90.0,FlashReport_March 2026
1739,Uttar Pradesh,"12/2022
02/2025",42.0,FlashReport_March 2026
1740,Uttar Pradesh,"05/2023
11/2025",4.0,FlashReport_March 2026
1741,Uttar Pradesh,"12/2021
02/2024",60.0,FlashReport_March 2026
1742,Uttar Pradesh,"03/2023
02/2024",50.38,FlashReport_March 2026
1743,Uttar Pradesh,"03/2021
11/2022",88.0,FlashReport_March 2026
1744,Uttar Pradesh,"11/2021
11/2022",0.0,FlashReport_March 2026
1745,Uttar Pradesh,"08/2021
12/2023",93.0,FlashReport_March 2026
1746,Uttar Pradesh,"03/2022
05/2025",3.0,FlashReport_March 2026
1747,Uttar Pradesh,"03/2022
05/2025",28.0,FlashReport_March 2026
1748,Uttar Pradesh,"11/2022
01/2026",13.41,FlashReport_March 2026
1749,Uttar Pradesh,"01/2022
02/2024",61.0,FlashReport_March 2026
1750,Uttar Pradesh,"05/2023
01/2026",5.0,FlashReport_March 2026
1751,Uttar Pradesh,"03/2023
06/2024",58.0,FlashReport_March 2026
1752,Uttar Pradesh,"03/2022
06/2024",80.0,FlashReport_March 2026
1753,Uttar Pradesh,"01/2022
02/2024",92.0,FlashReport_March 2026
1754,Uttar Pradesh,"01/2022
10/2023",99.0,FlashReport_March 2026
1755,Uttar Pradesh,"03/2021
08/2022",90.0,FlashReport_March 2026
1756,Uttar Pradesh,"03/2022
01/2024",51.39,FlashReport_March 2026
1757,Uttar Pradesh,"03/2022
11/2023",95.39,FlashReport_March 2026
1758,Uttar Pradesh,"05/2023
10/2025",4.0,FlashReport_March 2026
1759,Uttar Pradesh,"04/2020
08/2022",100.0,FlashReport_March 2026
1760,Uttar Pradesh,"07/2018
02/2021",86.93,FlashReport_March 2026
1761,Uttar Pradesh,"04/2020
09/2022",90.0,FlashReport_March 2026
1762,Uttar Pradesh,"12/2022
06/2025",24.4,FlashReport_March 2026
1763,Uttar Pradesh,"03/2022
05/2025",42.43,FlashReport_March 2026
1764,Uttar Pradesh,"03/2024
01/2026",2.0,FlashReport_March 2026
1765,Uttar Pradesh,"05/2023
01/2026",0.0,FlashReport_March 2026
1766,Uttar Pradesh,"03/2023
03/2025",32.0,FlashReport_March 2026
1767,Uttar Pradesh,"01/2022
11/2024",44.0,FlashReport_March 2026
1768,Uttar Pradesh,"03/2022
11/2025",23.88,FlashReport_March 2026
1769,Uttar Pradesh,"03/2023
08/2025",7.0,FlashReport_March 2026
1770,Uttar Pradesh,"03/2023
01/2025",81.18,FlashReport_March 2026
1771,Uttar Pradesh,"05/2023
12/2025",20.0,FlashReport_March 2026
1772,Uttar Pradesh,"04/2020
07/2022",89.0,FlashReport_March 2026
1773,Uttar Pradesh,"04/2020
11/2022",98.0,FlashReport_March 2026
1774,Uttar Pradesh,"12/2021
11/2022",99.8,FlashReport_March 2026
1775,Uttar Pradesh,"12/2021
02/2023",94.14,FlashReport_March 2026
1776,Uttar Pradesh,"09/2021
03/2022",76.0,FlashReport_March 2026
1777,Uttar Pradesh,"12/2017
02/2019",94.12,FlashReport_March 2026
1778,Uttar Pradesh,"02/2023
12/2024",27.85,FlashReport_March 2026
1779,Uttar Pradesh,"01/2023
12/2023",54.1,FlashReport_March 2026
1780,Uttar Pradesh,"09/2023
01/2025",20.64,FlashReport_March 2026
1781,Uttar Pradesh,"08/2024
03/2025",12.5,FlashReport_March 2026
1782,Uttar Pradesh,"08/2024
11/2025",33.95,FlashReport_March 2026
1783,Uttar Pradesh,"01/2022
02/2023",99.7,FlashReport_March 2026
1784,Uttar Pradesh,"07/2022
03/2023",91.0,FlashReport_March 2026
1785,Uttar Pradesh,"03/2023
09/2023",81.85,FlashReport_March 2026
1786,Uttar Pradesh,"02/2023
01/2024",68.95,FlashReport_March 2026
1787,Uttar Pradesh,"08/2024
07/2025",25.2,FlashReport_March 2026
1788,Uttar Pradesh,"08/2024
03/2025",33.15,FlashReport_March 2026
1789,Uttar Pradesh,"10/2022
02/2025",46.47,FlashReport_March 2026
1790,Uttar Pradesh,"03/2024
03/2025",12.9,FlashReport_March 2026
1791,Uttar Pradesh,"03/2018
02/2019",100.0,FlashReport_March 2026
1792,Uttar Pradesh,"09/2020
05/2021",100.0,FlashReport_March 2026
1793,Uttar Pradesh,"06/2022
05/2023",58.9,FlashReport_March 2026
1794,Uttar Pradesh,"10/2021
02/2023",95.22,FlashReport_March 2026
1795,Uttar Pradesh,"10/2021
10/2022",74.23,FlashReport_March 2026
1796,Uttar Pradesh,"02/2023
03/2024",55.29,FlashReport_March 2026
1797,Uttar Pradesh,"12/2021
03/2023",84.0,FlashReport_March 2026
1798,Uttar Pradesh,"02/2025
09/2025",12.39,FlashReport_March 2026
1799,Uttar Pradesh,"02/2025
09/2025",6.6,FlashReport_March 2026
1819,Uttar Pradesh,"10/2022
03/2024",45.16,FlashReport_March 2026
1820,Uttar Pradesh,"11/2022
09/2023",76.9,FlashReport_March 2026
1821,Uttar Pradesh,"08/2023
12/2023",100.0,FlashReport_March 2026
1822,Uttar Pradesh,"08/2023
12/2023",42.26,FlashReport_March 2026
1823,Uttar Pradesh,"02/2025
12/2025",4.44,FlashReport_March 2026
1824,Uttar Pradesh,"03/2021
09/2022",97.5,FlashReport_March 2026
1825,Uttar Pradesh,"03/2021
09/2022",92.89,FlashReport_March 2026
1826,Uttar Pradesh,"01/2022
12/2022",100.0,FlashReport_March 2026
1827,Uttar Pradesh,"03/2021
09/2022",99.11,FlashReport_March 2026
1828,Uttar Pradesh,"11/2020
10/2021",98.92,FlashReport_March 2026
1829,Uttarakhand,"01/2023
02/2024",99.0,FlashReport_March 2026
1830,Uttarakhand,"11/2022
06/2023",97.0,FlashReport_March 2026
1831,Uttarakhand,"02/2025
01/2026",0.3,FlashReport_March 2026
1832,Uttarakhand,"02/2018
05/2018",73.5,FlashReport_March 2026
1833,Uttarakhand,"02/2021
01/2023",99.0,FlashReport_March 2026
1834,Uttarakhand,"03/2017
02/2018",95.0,FlashReport_March 2026
1835,Uttarakhand,"10/2016
06/2017",100.0,FlashReport_March 2026
1836,Uttarakhand,"05/2025
10/2025",17.78,FlashReport_March 2026
1837,Uttarakhand,"03/2017
11/2017",100.0,FlashReport_March 2026
1838,Uttarakhand,"01/2024
10/2025",21.64,FlashReport_March 2026
1839,Uttarakhand,"03/2022
01/2025",42.0,FlashReport_March 2026
1840,Uttarakhand,"02/2022
12/2025",2.0,FlashReport_March 2026
1841,Uttarakhand,"03/2022
08/2024",52.0,FlashReport_March 2026
1842,Uttarakhand,"10/2022
10/2023",20.78,FlashReport_March 2026
1843,Uttarakhand,"02/2019
11/2019",95.0,FlashReport_March 2026
1844,Uttarakhand,"03/2022
09/2022",35.6,FlashReport_March 2026
1845,Uttarakhand,"09/2020
12/2021",81.17,FlashReport_March 2026
1846,Uttarakhand,"05/2022
11/2024",29.72,FlashReport_March 2026
1847,Uttarakhand,"01/2024
10/2025",15.06,FlashReport_March 2026
1848,Uttarakhand,"03/2018
01/2019",96.46,FlashReport_March 2026
1849,Uttarakhand,"03/2018
01/2019",100.0,FlashReport_March 2026
1850,Uttarakhand,"10/2022
05/2023",78.2,FlashReport_March 2026
1851,Uttarakhand,"10/2022
05/2024",72.5,FlashReport_March 2026
1852,Uttarakhand,"03/2018
07/2018",70.5,FlashReport_March 2026
1853,Uttarakhand,"12/2023
06/2024",81.23,FlashReport_March 2026
1854,Uttarakhand,"12/2023
12/2024",52.51,FlashReport_March 2026
1855,Uttarakhand,"12/2023
06/2024",96.0,FlashReport_March 2026
1856,Uttarakhand,"11/2021
08/2022",70.42,FlashReport_March 2026
1857,Uttarakhand,"06/2022
03/2023",75.24,FlashReport_March 2026
1858,Uttarakhand,"11/2021
10/2022",75.59,FlashReport_March 2026
1859,Uttarakhand,"03/2022
02/2023",93.9,FlashReport_March 2026
1860,Uttarakhand,"12/2023
04/2025",43.28,FlashReport_March 2026
1861,Uttarakhand,"05/2025
02/2026",0.0,FlashReport_March 2026
1862,Uttarakhand,"02/2023
12/2025",0.0,FlashReport_March 2026
1863,West Bengal,"11/2023
11/2025",0.0,FlashReport_March 2026
1864,West Bengal,"03/2023
03/2024",62.92,FlashReport_March 2026
1865,West Bengal,"03/2016
08/2023",15.63,FlashReport_March 2026
1866,West Bengal,"08/2016
11/2016",84.47,FlashReport_March 2026
1867,West Bengal,"03/2022
03/2023",69.32,FlashReport_March 2026
1868,West Bengal,"06/2020
10/2020",95.49,FlashReport_March 2026
1869,West Bengal,"06/2020
10/2020",94.12,FlashReport_March 2026
1870,West Bengal,"03/2018
10/2019",98.54,FlashReport_March 2026
1871,West Bengal,"03/2018
10/2020",96.81,FlashReport_March 2026
1872,West Bengal,"03/2025
11/2025",1.07,FlashReport_March 2026
1873,West Bengal,"11/2023
12/2024",55.19,FlashReport_March 2026
1874,West Bengal,"03/2023
06/2024",36.78,FlashReport_March 2026
1875,West Bengal,"02/2024
08/2024",35.13,FlashReport_March 2026
1876,West Bengal,"03/2024
07/2024",47.5,FlashReport_March 2026
1877,West Bengal,"08/2018
12/2018",96.17,FlashReport_March 2026
1878,West Bengal,"01/2021
02/2022",94.12,FlashReport_March 2026
1879,West Bengal,"03/2023
12/2025",2.5,FlashReport_March 2026
1880,West Bengal,"02/2024
06/2025",22.33,FlashReport_March 2026
1881,Delhi,"10/2014
04/2018",98.0,FlashReport_March 2026
1882,Meghalaya,"09/2019
09/2020",99.84,FlashReport_March 2026
1900,West Bengal,"05/2018
12/2021",93.0,FlashReport_March 2026
1901,Andhra Pradesh,"04/2005
01/2006",95.88,FlashReport_March 2026
1902,Andhra Pradesh,"04/2005
04/2005",98.3,FlashReport_March 2026
1903,Andhra Pradesh,"01/2009
11/2009",85.9,FlashReport_March 2026
1904,Assam,"04/1996
12/1996",55.44,FlashReport_March 2026
1905,Bihar,"04/2007
04/2007",44.5,FlashReport_March 2026
1906,Chhattisgarh,"04/2008
04/2008",72.0,FlashReport_March 2026
1907,Chhattisgarh,"04/2009
12/2009",86.31,FlashReport_March 2026
1908,Gujarat,"04/2017
04/2017",90.3,FlashReport_March 2026
1909,Gujarat,"04/1996
04/1996",93.7,FlashReport_March 2026
1910,Jharkhand,"04/2011
01/2012",70.0,FlashReport_March 2026
1911,Karnataka,"04/2014
04/2014",99.32,FlashReport_March 2026
1912,Madhya Pradesh,"04/2017
04/2017",49.78,FlashReport_March 2026
1913,Madhya Pradesh,"04/2008
01/2009",75.0,FlashReport_March 2026
1914,Madhya Pradesh,"04/2007
04/2007",81.08,FlashReport_March 2026
1915,Maharashtra,"04/2017
04/2017",53.93,FlashReport_March 2026
1916,Maharashtra,"04/2017
04/2018",76.22,FlashReport_March 2026
1917,Maharashtra,"04/2017
02/2019",80.54,FlashReport_March 2026
1918,Maharashtra,"04/2017
04/2018",69.63,FlashReport_March 2026
1919,Maharashtra,"04/2017
04/2018",91.0,FlashReport_March 2026
1920,Maharashtra,"05/2002
01/2017",49.2,FlashReport_March 2026
1921,Maharashtra,"04/1996
04/1996",89.57,FlashReport_March 2026
1922,Maharashtra,"04/2008
04/2008",72.65,FlashReport_March 2026
1923,Maharashtra,"04/2009
01/2010",97.96,FlashReport_March 2026
1924,Maharashtra,"04/2008
04/2008",65.0,FlashReport_March 2026
1925,Maharashtra,"04/2009
04/2009",72.59,FlashReport_March 2026
1926,Manipur,"04/1997
04/1997",98.9,FlashReport_March 2026
1927,"Multi-States
(Bihar, Jharkhand)","08/2017
01/2021",38.0,FlashReport_March 2026
1928,"Multi-States
(Madhya Pradesh,
Uttar Pradesh)","NA
03/2022",0.0,FlashReport_March 2026
1929,Odisha,"04/1997
01/1998",62.85,FlashReport_March 2026
1930,Odisha,"NA
01/1998",95.5,FlashReport_March 2026
1931,Odisha,"04/2003
01/2004",79.5,FlashReport_March 2026
1932,Punjab,"02/2016
04/2018",85.0,FlashReport_March 2026
1933,Punjab,"02/2010
04/2018",88.0,FlashReport_March 2026
1934,Telangana,"NA
04/2005",97.0,FlashReport_March 2026
1935,Telangana,"NA
01/2006",92.0,FlashReport_March 2026
1936,Telangana,"04/2006
04/2006",87.7,FlashReport_March 2026
1937,Telangana,"04/2007
01/2008",100.0,FlashReport_March 2026
1938,Uttar Pradesh,"04/2017
04/2017",1.76,FlashReport_March 2026
1939,Uttar Pradesh,"04/2007
12/2007",31.5,FlashReport_March 2026
1940,Uttar Pradesh,"04/2008
04/2008",82.39,FlashReport_March 2026
1941,Uttarakhand,"10/2023
11/2023",24.77,FlashReport_March 2026
1,,,,
2,,,,
3,,,,
4,,,,
5,,,,
6,,,,
7,,,,
8,,,,
9,,,,
10,,,,
11,,,,
12,,,,
13,,,,
14,,,,
15,,,,
16,,,,
17,,,,
Total,,,,
1,,,,
2,,,,
3,,,,
4,,,,
5,,,,
6,,,,
6,,,,
7,,,,
8,,,,
9,,,,
10,,,,
11,,,,
11,,,,
12,,,,
13,,,,
14,,,,
15,,,,
15,,,,
16,,,,
17,,,,
18,,,,
19,,,,
19,,,,
20,,,,
21,,,,
22,,,,
23,,,,
24,,,,
24,,,,
25,,,,
26,,,,
27,,,,
28,,,,
29,,,,
29,,,,
30,,,,
31,,,,
32,,,,
33,,,,
33,,,,
34,,,,
35,,,,
1,Rajasthan,"07/2022
03/2023",,
2,Tamil Nadu,"08/2023
02/2024",,
3,Uttar Pradesh,"07/2016
08/2016",,
4,Gujarat,"11/2014
02/2015",,
5,Maharashtra,"11/2016
08/2018",,
6,Maharashtra,"03/2017
04/2018",,
7,Assam,"12/2017
10/2021",,
8,Maharashtra,"05/2018
03/2023",,
9,Assam,"05/2021
05/2021",,
10,"Multi-States (Bihar,
Jharkhand)","06/2022
06/2022",,
11,"Multi-States
(Chhattisgarh, Madhya
Pradesh, Maharashtra,
Odisha)","06/2020
06/2020",,
12,West Bengal,"06/2022
06/2022",,
13,"Multi-States (Dadra &
Nagar Haveli and
Daman & Diu, Gujarat,
Maharashtra)","01/2022
07/2022",,
14,Rajasthan,"11/2023
11/2023",,
15,Gujarat,"01/2019
02/2020",,
16,Karnataka,"04/2010
06/2011",,
1,Uttar Pradesh,"12/2020
11/2026",,
2,Rajasthan,"08/2024
01/2026",,
3,Bihar,,,
4,Bihar,,,
5,Bihar,,,
6,Bihar,,,
7,Bihar,,,
8,Bihar,,,
9,Jammu and Kashmir,"09/2019
01/2022",,
10,Jammu and Kashmir,,,
11,Ladakh,,,
12,Maharashtra,,,
13,Meghalaya,,,
14,Nagaland,,,
15,Rajasthan,09/2023,,
16,Rajasthan,12/2023,,
17,Uttar Pradesh,"03/2026
03/2026",,
18,Maharashtra,"11/2025
11/2025",,
19,West Bengal,"03/2025
02/2027",,
20,Telangana,"03/2026
03/2026",,
21,Andhra Pradesh,"04/2026
04/2026",,
22,Chhattisgarh,"08/2024
04/2026",,
23,Goa,"12/2024
04/2026",,
24,Gujarat,"03/2025
05/2026",,
25,Jammu and Kashmir,"12/2024
05/2026",,
26,Jharkhand,"01/2025
02/2026",,
27,Jharkhand,"03/2023
05/2026",,
28,Karnataka,"03/2023
02/2026",,
29,Karnataka,"03/2023
04/2026",,
30,Karnataka,"03/2023
05/2026",,
31,Mizoram,"10/2025
05/2026",,
32,"Multi-States (Bihar,
Jharkhand)","03/2023
05/2026",,
33,Tamil Nadu,"07/2025
05/2026",,
34,Uttar Pradesh,"03/2025
05/2026",,
35,Uttar Pradesh,"03/2023
05/2026",,
22,Arunachal Pradesh,"08/2025
08/2025",1.5,
23,"Multi-States (Mizoram,
Tripura, Assam,
Meghalaya, Manipur,
Nagaland)","12/2014
03/2016",99.0,
24,"Multi-States (Sikkim,
Arunachal Pradesh)","10/2014
10/2014",83.5,
25,Assam,"03/2023
03/2023",84.2,
26,Assam,"03/2023
03/2023",77.0,
27,Assam,"01/2019
01/2019",92.7,
28,Mizoram,"07/2024
07/2024",32.5,
29,Tripura,"06/2022
06/2022",97.7,
30,Assam,"04/2023
04/2023",99.0,
31,Assam,"08/2021
08/2021",78.6,
32,Assam,"09/2023
09/2023",60.4,
33,Assam,"01/2023
01/2023",54.7,
34,Assam,"06/2022
06/2022",57.5,
35,Assam,"04/2022
04/2022",82.9,
36,Assam,"10/2025
10/2025",7.8,
37,Assam,"12/2024
12/2024",26.0,
38,Assam,"12/2022
12/2022",69.0,
39,Assam,"12/2020
12/2020",93.4,
40,Assam,"07/2020
07/2020",85.5,
41,Assam,"01/2018
01/2018",94.3,
42,"Multi-States (Arunachal
Pradesh, Nagaland,
Assam, Meghalaya,
Tripura, Sikkim,
Manipur, Mizoram)","04/2020
04/2020",88.0,
43,Nagaland,"08/2023
08/2023",41.2,
44,Tripura,"03/2022
03/2022",69.0,
45,Meghalaya,NA,0.0,
46,Nagaland,NA,0.0,
47,Sikkim,"10/2018
12/2018",92.0,
48,Assam,"09/2016
09/2016",95.16,
49,Assam,"09/2020
09/2018",89.0,
50,Assam,"09/2018
01/2022",0.0,
51,Assam,"09/2018
01/2022",0.0,
52,Assam,"09/2025
09/2025",0.0,
53,Manipur,"03/2013
12/2007",72.7,
54,Meghalaya,"04/2011
03/2010",2.04,
55,"Multi-States (Assam,
Arunachal Pradesh)","02/2011
03/2023",70.0,
56,"Multi-States (Assam,
Meghalaya)","08/2010
03/2007",86.16,
57,"Multi-States (Assam,
Nagaland)","02/2024
01/2025",12.5,
58,"Multi-States (Nagaland,
Assam)","08/2015
02/2016",45.0,
59,Sikkim,"10/2009
05/2010",93.1,
60,Arunachal Pradesh,"03/2019
11/2020",96.61,
61,Arunachal Pradesh,"12/2023
02/2026",1.71,
62,Arunachal Pradesh,"08/2020
06/2025",18.63,
63,Arunachal Pradesh,"02/2024
07/2025",1.7,
64,Arunachal Pradesh,"02/2024
03/2025",17.15,
65,Arunachal Pradesh,"02/2024
01/2025",49.83,
66,Arunachal Pradesh,"12/2023
05/2025",21.67,
86,Assam,"10/2014
10/2024",62.9,
87,Assam,"03/2022
01/2023",94.59,
88,Assam,"01/2016
10/2024",0.0,
89,Assam,"01/2024
02/2024",96.79,
90,Assam,"01/2016
01/2023",100.0,
91,Assam,"01/2016
09/2024",100.0,
92,Assam,"03/2015
12/2016",100.0,
93,Assam,"01/2016
10/2017",97.13,
94,Assam,"12/2023
03/2024",85.29,
95,Assam,"03/2023
08/2023",85.2,
96,Assam,"03/2023
08/2023",87.5,
97,Assam,"03/2023
08/2023",90.5,
98,Assam,"03/2022
04/2023",75.65,
99,Assam,"03/2024
04/2025",18.3,
100,Assam,"03/2023
02/2025",20.0,
101,Assam,"02/2024
09/2025",5.24,
102,Assam,"03/2025
12/2025",2.41,
103,Assam,"03/2023
12/2023",62.16,
104,Assam,"03/2023
12/2023",54.68,
105,Assam,"03/2023
12/2023",79.91,
106,Assam,"03/2021
10/2023",100.0,
107,Assam,"09/2021
11/2021",79.23,
108,Assam,"11/2023
12/2024",12.45,
109,Assam,"02/2024
02/2025",30.8,
110,Assam,"03/2020
06/2020",97.76,
111,Assam,"03/2023
08/2024",57.17,
112,Assam,"02/2024
08/2025",14.6,
113,Assam,"02/2024
02/2025",40.4,
114,Assam,"03/2024
03/2025",31.83,
115,Assam,"02/2024
04/2025",11.0,
116,Assam,"03/2024
09/2025",0.0,
117,Assam,"03/2023
02/2024",79.34,
118,Assam,"02/2023
01/2024",55.46,
119,Assam,"11/2021
01/2023",0.0,
120,Assam,"01/2023
11/2023",98.41,
121,Assam,"09/2021
07/2022",0.0,
122,Assam,"03/2018
11/2019",100.0,
123,Assam,"01/2024
01/2025",36.56,
124,Assam,"01/2023
12/2023",20.45,
125,Assam,"01/2023
05/2023",85.15,
126,Manipur,"01/2023
12/2023",91.32,
127,Manipur,"12/2021
02/2023",95.2,
128,Manipur,"12/2021
11/2022",89.95,
129,Manipur,"09/2021
11/2021",86.73,
130,Manipur,"09/2021
11/2021",84.87,
131,Manipur,"03/2023
05/2025",14.08,
132,Manipur,"03/2023
12/2024",22.55,
133,Manipur,"03/2023
12/2024",23.56,
134,Manipur,"03/2020
07/2020",88.85,
135,Manipur,"03/2020
07/2020",97.12,
136,Manipur,"09/2020
02/2025",48.16,
137,Manipur,"09/2020
10/2020",91.31,
138,Manipur,"09/2020
12/2024",56.16,
158,Meghalaya,"03/2023
09/2025",24.74,
159,Meghalaya,"03/2023
03/2025",42.09,
160,Meghalaya,"03/2023
09/2024",70.82,
161,Meghalaya,"03/2023
09/2024",47.05,
162,Meghalaya,"03/2023
09/2024",51.47,
163,Meghalaya,"09/2021
05/2022",80.49,
164,Meghalaya,"07/2020
10/2023",98.72,
165,Meghalaya,"07/2020
02/2024",50.66,
166,Meghalaya,"07/2020
04/2024",50.8,
167,Meghalaya,"07/2020
05/2024",41.42,
168,Mizoram,"12/2021
07/2025",17.86,
169,Mizoram,"12/2021
07/2025",17.12,
170,Mizoram,"11/2021
07/2025",11.86,
171,Mizoram,"12/2021
07/2025",6.72,
172,Mizoram,"02/2024
10/2025",18.9,
173,Mizoram,"02/2024
11/2025",13.95,
174,Mizoram,"01/2024
12/2025",0.0,
175,Mizoram,"09/2019
10/2019",99.88,
176,Mizoram,"09/2019
03/2020",99.82,
177,Mizoram,"09/2019
10/2020",100.0,
178,Mizoram,"02/2023
10/2025",15.1,
179,Mizoram,"09/2021
09/2023",95.31,
180,Mizoram,"03/2020
07/2020",0.0,
181,Mizoram,"03/2020
07/2020",0.0,
182,Mizoram,"02/2023
12/2024",4.71,
183,Mizoram,"09/2019
12/2019",98.73,
184,Mizoram,"09/2019
10/2019",97.51,
185,Mizoram,"09/2019
10/2019",95.35,
186,Mizoram,"12/2021
11/2023",75.35,
187,Mizoram,"03/2021
06/2021",64.78,
188,Mizoram,"06/2021
07/2021",61.34,
189,Mizoram,"10/2025
05/2026",0.0,
190,"Multi-States (Assam,
Arunachal Pradesh)","03/2023
09/2024",96.7,
191,Nagaland,"12/2022
08/2023",58.5,
192,Nagaland,"12/2022
08/2023",85.67,
193,Nagaland,"03/2018
09/2023",75.05,
194,Nagaland,"12/2022
08/2023",87.0,
195,Nagaland,"06/2020
06/2024",44.46,
196,Nagaland,"02/2017
09/2017",0.0,
197,Nagaland,"03/2016
09/2023",82.59,
198,Nagaland,"02/2021
06/2023",93.37,
199,Nagaland,"01/2021
09/2023",96.53,
200,Nagaland,"03/2021
09/2023",99.5,
201,Nagaland,"03/2020
01/2024",43.13,
202,Nagaland,"03/2020
11/2023",93.04,
203,Nagaland,"07/2020
11/2023",25.61,
204,Nagaland,"07/2020
10/2020",69.82,
205,Nagaland,"07/2020
06/2023",37.38,
206,Nagaland,"07/2020
10/2020",45.55,
207,Nagaland,"03/2018
08/2023",100.0,
208,Nagaland,"03/2021
07/2022",100.0,
209,Nagaland,"02/2021
06/2023",0.0,
210,Sikkim,"07/2020
10/2020",65.12,
211,Sikkim,"07/2020
10/2020",83.74,
212,Sikkim,"10/2020
12/2020",63.25,
213,Sikkim,"01/2021
02/2021",81.89,
214,Sikkim,"10/2020
05/2021",78.83,
215,Sikkim,"01/2021
04/2021",100.0,
216,Sikkim,"03/2018
01/2023",86.04,
217,Sikkim,"10/2021
05/2022",90.0,
218,Tripura,"01/2024
09/2024",14.1,
219,Tripura,"01/2024
12/2024",8.95,
220,Tripura,"01/2024
09/2024",60.05,
221,Tripura,"01/2024
07/2024",58.12,
222,Tripura,"12/2023
09/2024",43.8,
223,Tripura,"02/2020
09/2024",41.9,
224,Tripura,"02/2020
07/2020",0.0,
225,Tripura,"01/2023
05/2023",70.13,
226,Tripura,"03/2023
03/2024",9.2,
227,Meghalaya,"09/2019
09/2020",99.84,
228,"Multi-States (Arunachal
Pradesh, Assam)","12/2020
10/2021",99.6,
229,Assam,"04/1996
12/1996",55.44,
230,Manipur,"04/1997
04/1997",99.0,
1,Andhra Pradesh,"03/2023
01/2024",70.0,
2,Andhra Pradesh,"06/2020
09/2020",87.2,
3,Andhra Pradesh,"12/2022
08/2023",92.0,
4,Assam,"12/2016
03/2018",98.5,
5,Bihar,"08/2024
04/2025",2.43,
6,Bihar,"07/2024
07/2024",68.01,
7,Bihar,"10/2018
10/2018",98.51,
8,Goa,"11/2017
12/2019",100.0,
9,Gujarat,"01/2024
07/2025",38.18,
10,Gujarat,"06/2022
07/2022",84.0,
11,"Jammu and
Kashmir","10/2023
12/2023",52.95,
12,Karnataka,"06/2023
01/2024",81.5,
13,Karnataka,"06/2023
02/2024",91.0,
14,Kerala,"06/2023
02/2024",62.5,
15,Ladakh,"07/2018
09/2018",79.2,
16,Manipur,"11/2021
07/2022",51.65,
17,"Multi-States
(Karnataka,
Maharashtra,
Telangana, Uttar
Pradesh)","12/2020
10/2022",79.0,
18,Rajasthan,"08/2025
10/2025",13.1,
19,Rajasthan,"06/2022
05/2023",97.85,
20,Rajasthan,"06/2023
11/2023",71.71,
21,Sikkim,"11/2023
12/2023",35.55,
22,Tamil Nadu,"05/2018
06/2023",41.0,
23,Uttar Pradesh,"07/2024
07/2024",29.0,
24,Uttar Pradesh,"06/2024
07/2024",41.71,
25,West Bengal,"08/2024
09/2024",36.93,
26,West Bengal,"03/2023
12/2023",70.0,
27,Assam,"07/2022
07/2022",89.0,
28,Assam,"11/2022
11/2022",3.3,
29,Chhattisgarh,"12/2020
12/2020",11.81,
30,Chhattisgarh,"08/2020
08/2020",55.95,
31,Chhattisgarh,"12/2020
12/2020",39.34,
32,Chhattisgarh,"03/2016
03/2016",78.48,
33,Chhattisgarh,"02/2015
02/2015",42.47,
34,Chhattisgarh,"07/2015
07/2015",78.86,
35,Chhattisgarh,"07/2016
07/2016",96.15,
36,Chhattisgarh,"05/2018
05/2018",54.6,
37,Chhattisgarh,"01/2023
01/2023",2.01,
38,Chhattisgarh,"10/2022
10/2022",40.34,
39,Chhattisgarh,"11/2024
11/2024",23.75,
40,Chhattisgarh,"01/2025
01/2025",21.29,
41,Chhattisgarh,"09/2025
09/2025",0.01,
42,Chhattisgarh,"12/2024
12/2024",0.0,
43,Jharkhand,"08/2022
08/2022",63.22,
44,Jharkhand,"01/2022
01/2022",46.25,
45,Jharkhand,"01/2022
01/2022",22.38,
46,Jharkhand,"03/2024
03/2024",16.77,
47,Jharkhand,"08/2020
08/2020",25.03,
48,Jharkhand,"08/2020
08/2020",45.52,
49,Jharkhand,"03/2016
11/2019",87.0,
50,Jharkhand,"08/2020
08/2020",39.3,
51,Jharkhand,"07/2021
07/2021",68.75,
52,Jharkhand,"01/2021
01/2021",22.54,
53,Jharkhand,"11/2020
11/2020",10.19,
54,Jharkhand,"05/2021
05/2021",27.51,
55,Jharkhand,"02/2020
02/2020",43.58,
56,Jharkhand,"12/2009
12/2009",76.99,
57,Jharkhand,"08/2018
08/2018",53.03,
58,Jharkhand,"08/2020
08/2020",29.39,
59,Jharkhand,"08/2011
08/2011",82.62,
60,Jharkhand,"01/2023
01/2023",30.92,
61,Jharkhand,"02/2011
02/2011",70.47,
62,Jharkhand,"11/2020
11/2020",23.24,
63,Jharkhand,"05/2020
05/2020",56.02,
64,Jharkhand,"11/2019
11/2019",29.9,
65,Jharkhand,"12/2023
12/2023",0.05,
66,Jharkhand,"02/2020
02/2020",32.62,
67,Jharkhand,"03/2024
03/2024",4.18,
68,Jharkhand,"06/2025
07/2025",28.0,
69,Jharkhand,"10/2023
12/2023",40.0,
70,Madhya Pradesh,"03/2016
03/2016",75.15,
71,Madhya Pradesh,"07/2019
07/2019",50.39,
72,Madhya Pradesh,"11/2020
11/2020",53.73,
73,Madhya Pradesh,"12/2014
12/2014",58.2,
74,Madhya Pradesh,"01/2024
01/2024",41.29,
75,Madhya Pradesh,"12/2021
12/2021",17.78,
76,Madhya Pradesh,"09/2022
09/2022",67.13,
77,Madhya Pradesh,"11/2022
11/2022",11.2,
78,Madhya Pradesh,"07/2022
01/2023",2.02,
79,Madhya Pradesh,"07/2022
09/2023",9.39,
80,Madhya Pradesh,"08/2019
08/2019",56.88,
81,Madhya Pradesh,"02/2025
02/2025",1.6,
82,Madhya Pradesh,"05/2025
05/2025",0.3,
83,Maharashtra,"02/2020
05/2022",33.91,
84,Maharashtra,"08/2015
08/2015",80.77,
85,Maharashtra,"02/2020
02/2020",40.63,
86,Maharashtra,"02/2019
10/2021",19.02,
87,Maharashtra,"01/2022
01/2022",69.33,
88,Maharashtra,"08/2020
08/2020",32.21,
89,Maharashtra,"05/2019
09/2022",24.17,
90,Maharashtra,"06/2022
06/2022",12.2,
91,Maharashtra,"05/2022
05/2022",9.57,
92,Maharashtra,"04/2021
04/2021",8.44,
93,Maharashtra,"01/2023
09/2023",2.82,
94,Maharashtra,"12/2022
12/2022",5.17,
95,Maharashtra,"10/2023
10/2023",2.19,
96,Maharashtra,"03/2021
03/2021",12.87,
97,Maharashtra,"04/2024
04/2024",4.21,
98,Maharashtra,"08/2023
06/2024",2.31,
99,Maharashtra,"02/2017
09/2022",15.97,
100,Maharashtra,"06/2024
06/2024",27.92,
101,Maharashtra,"08/2016
08/2016",79.83,
102,Maharashtra,"11/2018
01/2019",93.75,
103,Maharashtra,"09/2018
09/2018",98.97,
104,Maharashtra,"11/2018
11/2018",86.49,
105,Maharashtra,"09/2024
09/2024",2.52,
106,Maharashtra,"01/2024
01/2025",0.01,
107,Maharashtra,"06/2024
02/2025",0.38,
108,Maharashtra,"08/2025
08/2025",0.0,
109,"Multi-States
(Madhya Pradesh,
Uttar Pradesh)","08/2020
08/2020",92.05,
110,"Multi-States
(Madhya Pradesh,
Uttar Pradesh)","06/2021
06/2021",57.06,
111,Odisha,"05/2021
05/2021",45.73,
112,Odisha,"02/2021
02/2021",60.27,
113,Odisha,"08/2020
08/2020",58.0,
114,Odisha,"04/2022
04/2022",35.03,
115,Odisha,"05/2018
05/2018",82.16,
116,Odisha,"11/2018
11/2018",52.3,
117,Odisha,"03/2020
03/2020",80.0,
118,Odisha,"04/2023
04/2023",8.39,
119,Odisha,"03/2024
03/2024",33.06,
120,Odisha,"11/2022
11/2022",30.08,
121,Odisha,"04/2023
04/2023",16.0,
122,Odisha,"10/2022
05/2023",73.65,
123,Telangana,"12/2021
12/2021",20.0,
124,Telangana,"03/2016
05/2017",76.0,
125,Telangana,"07/2019
05/2019",71.0,
126,Telangana,"08/2017
12/2022",81.0,
127,Telangana,"07/2021
08/2021",33.0,
128,Telangana,"10/2020
06/2020",97.0,
129,Telangana,"08/2017
09/2017",63.0,
130,West Bengal,"11/2020
11/2020",31.52,
131,West Bengal,"08/2021
08/2021",17.1,
132,West Bengal,"08/2018
08/2018",27.52,
133,West Bengal,"01/2023
01/2023",11.91,
134,West Bengal,"04/2020
04/2020",52.04,
135,West Bengal,"07/2021
07/2021",18.47,
136,West Bengal,"12/2023
12/2023",8.35,
137,West Bengal,"04/2020
04/2020",16.79,
138,West Bengal,"01/2023
01/2023",22.18,
139,West Bengal,"11/2024
11/2024",0.23,
140,Gujarat,"07/2022
01/2024",52.0,
141,Gujarat,"08/2023
06/2024",60.0,
142,Gujarat,"07/2022
03/2024",0.0,
143,Gujarat,"07/2022
04/2024",1.2,
144,Odisha,"01/2017
01/2024",2.1,
145,Rajasthan,"10/2024
09/2025",0.0,
146,Chhattisgarh,"05/2018
03/2017",43.5,
147,Jharkhand,"02/2018
05/2022",71.0,
148,Jharkhand,"07/2016
10/2016",36.0,
149,Jharkhand,"02/2019
09/2019",67.86,
150,Arunachal Pradesh,"02/2023
02/2023",17.67,
151,Arunachal Pradesh,"12/2024
05/2025",5.0,
152,Arunachal Pradesh,"12/2024
05/2025",5.1,
153,Arunachal Pradesh,"09/2025
09/2025",6.45,
154,Arunachal Pradesh,"04/2026
04/2026",0.0,
155,Bihar,"03/2019
06/2019",94.79,
156,Bihar,"11/2024
03/2025",11.45,
157,Chhattisgarh,"08/2023
08/2023",30.6,
158,Chhattisgarh,"09/2024
09/2024",19.86,
159,Gujarat,"03/2021
05/2021",51.86,
160,Himachal Pradesh,"10/2020
05/2021",77.95,
161,Himachal Pradesh,"11/2020
11/2020",51.63,
162,Himachal Pradesh,"01/2023
01/2023",34.43,
163,"Jammu and
Kashmir","10/2014
02/2018",82.05,
164,"Jammu and
Kashmir","03/2019
02/2020",85.5,
165,"Jammu and
Kashmir","02/2021
01/2022",30.4,
166,"Jammu and
Kashmir","05/2022
11/2022",35.32,
167,Jharkhand,"11/2017
11/2017",90.2,
168,Jharkhand,"04/2023
11/2024",11.5,
169,Madhya Pradesh,"11/2024
05/2025",8.2,
170,"Multi-States
(Arunachal
Pradesh, Assam)","09/2003
01/2005",97.72,
171,Odisha,"08/2022
09/2022",51.4,
172,Odisha,"11/2025
11/2025",2.35,
173,Sikkim,"03/2019
03/2020",73.11,
174,Sikkim,"03/2021
08/2021",96.92,
175,Telangana,"03/2026
03/2026",0.13,
176,Uttar Pradesh,"03/2024
03/2024",21.3,
177,Uttarakhand,"11/2006
11/2006",77.0,
178,Uttarakhand,"08/2008
01/2014",80.5,
179,West Bengal,"01/2023
02/2025",10.0,
180,West Bengal,"09/2014
09/2014",56.16,
181,West Bengal,"06/2019
02/2021",97.0,
182,Andhra Pradesh,"09/2023
09/2023",98.57,
183,Andhra Pradesh,"03/2025
03/2025",29.34,
184,Arunachal Pradesh,"08/2025
08/2025",1.5,
185,Delhi,"11/2023
10/2024",18.91,
186,Gujarat,"12/2023
12/2023",65.91,
187,Gujarat,"05/2024
05/2024",63.0,
188,Gujarat,"10/2024
10/2024",16.5,
189,Gujarat,"11/2024
11/2024",7.33,
190,Gujarat,"10/2024
10/2024",31.48,
191,Gujarat,"02/2025
02/2025",30.0,
192,Gujarat,"03/2025
03/2025",37.2,
193,Gujarat,"02/2025
02/2025",2.7,
194,Gujarat,"NA
10/2024",19.0,
195,Gujarat,"03/2025
03/2025",2.0,
196,Gujarat,"NA
12/2025",1.0,
197,Gujarat,"09/2024
09/2024",21.0,
198,Gujarat,"08/2024
08/2024",60.0,
199,"Jammu and
Kashmir","07/2024
07/2024",1.7,
200,Jharkhand,"02/2012
02/2012",96.2,
201,Karnataka,"12/2023
12/2023",88.17,
202,Karnataka,"01/2025
01/2025",27.65,
203,Karnataka,"02/2025
02/2025",7.2,
204,Karnataka,"03/2025
03/2025",17.99,
205,Karnataka,"09/2025
09/2025",2.5,
206,Karnataka,"02/2026
02/2026",1.0,
207,Kerala,"08/2025
08/2025",1.5,
208,Madhya Pradesh,"10/2024
10/2024",43.16,
209,Madhya Pradesh,"08/2024
08/2024",68.12,
210,Madhya Pradesh,"06/2024
06/2024",45.55,
211,Madhya Pradesh,"06/2025
06/2025",13.32,
212,Madhya Pradesh,"10/2025
10/2025",2.5,
213,Madhya Pradesh,"03/2025
03/2025",18.0,
214,Maharashtra,"11/2023
11/2023",99.6,
215,Maharashtra,"NA
05/2025",5.0,
216,Maharashtra,"03/2026
03/2026",0.5,
217,"Multi-States
(Andhra Pradesh,
Karnataka)","03/2025
03/2025",19.92,
218,"Multi-States
(Andhra Pradesh,
Karnataka)","08/2024
03/2025",50.0,
219,"Multi-States
(Andhra Pradesh,
Odisha)","02/2026
02/2026",1.0,
220,"Multi-States
(Andhra Pradesh,
Telangana)","11/2022
03/2023",99.69,
221,"Multi-States
(Arunachal
Pradesh, Sikkim)","10/2014
10/2014",83.5,
222,"Multi-States
(Assam, Manipur,
Meghalaya,
Mizoram,
Nagaland, Tripura)","12/2014
03/2016",99.0,
223,"Multi-States
(Bihar, Odisha,
West Bengal)","09/2024
09/2024",29.73,
224,"Multi-States
(Bihar, Uttar
Pradesh)","10/2025
10/2025",2.03,
225,"Multi-States
(Bihar, West
Bengal)","11/2024
11/2024",1.5,
226,"Multi-States (Delhi,
Rajasthan)","12/2022
12/2022",60.75,
227,"Multi-States (Delhi,
Rajasthan)","02/2024
02/2024",88.53,
228,"Multi-States
(Gujarat,
Maharashtra)","11/2024
11/2024",16.73,
229,"Multi-States
(Haryana, Punjab,
Rajasthan)","11/2024
11/2024",27.92,
230,"Multi-States
(Haryana,
Rajasthan)","11/2024
11/2024",31.42,
231,"Multi-States
(Karnataka,
Maharashtra)","10/2025
10/2025",2.5,
232,"Multi-States
(Karnataka,
Telangana)","02/2024
02/2024",90.33,
233,"Multi-States
(Madhya Pradesh,
Rajasthan)","08/2024
08/2024",44.74,
234,"Multi-States
(Madhya Pradesh,
Rajasthan)","08/2024
08/2024",42.27,
235,"Multi-States
(Madhya Pradesh,
Rajasthan)","03/2025
03/2025",28.05,
236,"Multi-States
(Madhya Pradesh,
Rajasthan, Uttar
Pradesh)","01/2025
01/2025",4.0,
237,"Multi-States
(Rajasthan, Uttar
Pradesh)","12/2023
12/2023",72.83,
238,"Multi-States
(Rajasthan, Uttar
Pradesh)","12/2024
12/2024",35.09,
239,Rajasthan,"10/2023
10/2023",99.46,
240,Rajasthan,"10/2023
10/2023",99.33,
241,Rajasthan,"12/2023
12/2023",75.04,
242,Rajasthan,"08/2024
08/2024",49.73,
243,Rajasthan,"08/2024
08/2024",44.61,
244,Rajasthan,"08/2024
08/2024",69.3,
245,Rajasthan,"11/2024
11/2024",37.18,
246,Rajasthan,"03/2025
03/2025",10.8,
247,Tamil Nadu,"01/2025
01/2025",19.79,
248,Uttar Pradesh,"12/2024
12/2024",3.0,
249,Telangana,"03/2024
11/2024",22.0,
250,"Andaman &
Nicobar","07/2021
11/2021",97.0,
251,Delhi,"07/2016
05/2018",46.7,
252,Gujarat,"02/2016
06/2016",98.5,
253,Uttarakhand,"11/2019
08/2019",40.05,
254,Bihar,"02/2019
02/2019",50.05,
255,Delhi,"03/2024
03/2024",3.8,
256,Delhi,"01/2026
01/2026",5.55,
257,Delhi,"07/2019
07/2019",81.32,
258,Gujarat,"03/2019
03/2019",80.25,
259,Haryana,"07/2023
08/2024",4.3,
260,Karnataka,"NA
06/2026",0.0,
261,Karnataka,"02/2014
02/2016",95.6,
262,Karnataka,"06/2021
01/2019",66.0,
263,Kerala,"11/2022
11/2022",38.0,
264,Madhya Pradesh,"11/2018
11/2018",62.2,
265,Madhya Pradesh,"11/2018
11/2018",64.63,
266,Maharashtra,"10/2023
10/2023",44.6,
267,Maharashtra,"09/2024
09/2024",5.4,
268,Maharashtra,"09/2024
09/2024",8.74,
269,Maharashtra,"07/2025
07/2025",1.45,
270,Maharashtra,"12/2025
12/2025",0.52,
271,Maharashtra,"04/2018
03/2019",6.0,
272,Maharashtra,"04/2018
07/2020",84.0,
273,Maharashtra,"07/2013
06/2016",97.86,
274,Maharashtra,"12/2022
12/2022",39.5,
275,"Multi-States (Delhi,
Haryana)","01/2025
01/2025",0.0,
276,Rajasthan,"NA
09/2023",0.0,
277,Rajasthan,"NA
12/2023",12.48,
278,Tamil Nadu,"10/2024
11/2020",53.36,
279,Uttar Pradesh,"03/2026
03/2026",0.0,
280,Uttar Pradesh,"09/2025
05/2026",1.1,
281,Uttar Pradesh,"05/2019
11/2019",81.95,
282,Uttar Pradesh,"05/2019
12/2020",71.0,
283,Andhra Pradesh,"02/2017
07/2018",82.0,
284,Bihar,"11/2016
02/2019",85.0,
285,Haryana,"03/2017
11/2017",88.0,
286,Jharkhand,"02/2017
12/2018",76.0,
287,Jharkhand,"02/2017
12/2018",67.0,
288,Jharkhand,"02/2017
12/2018",81.0,
289,Karnataka,"12/2015
10/2016",80.0,
290,Madhya Pradesh,"12/2016
11/2017",99.0,
291,Madhya Pradesh,"11/2015
12/2016",96.0,
292,Madhya Pradesh,"05/2016
11/2017",90.0,
293,Maharashtra,"07/2016
09/2019",75.0,
294,Maharashtra,"03/2017
07/2017",96.0,
295,Punjab,"11/2016
08/2020",90.0,
296,Punjab,"11/2016
08/2020",99.0,
297,Uttar Pradesh,"03/2017
06/2019",95.0,
298,Uttar Pradesh,"NA
05/2019",95.0,
299,West Bengal,"04/2019
02/2020",64.0,
300,Madhya Pradesh,"09/2011
04/2015",23.5,
301,Odisha,"04/2017
04/2017",94.7,
302,Odisha,"05/2018
05/2018",52.2,
303,Odisha,"11/2017
11/2019",93.0,
304,Tamil Nadu,"09/2017
12/2017",66.73,
305,Andhra Pradesh,"09/2019
12/2023",44.5,
306,Arunachal Pradesh,"09/2009
03/2013",80.0,
307,Assam,"05/2019
06/2021",97.97,
308,Bihar,"07/2022
08/2022",98.6,
309,Chhattisgarh,"05/2025
01/2026",0.0,
310,Delhi,"09/2009
11/2022",99.9,
311,Delhi,"09/2024
03/2025",13.0,
312,Gujarat,"12/2020
02/2021",85.0,
313,Himachal Pradesh,"09/2018
08/2020",97.8,
314,Himachal Pradesh,"03/2023
03/2024",84.0,
315,Himachal Pradesh,"03/2021
08/2022",85.0,
316,"Jammu and
Kashmir","03/2019
10/2020",96.0,
317,Kerala,"07/2017
03/2020",86.5,
318,Kerala,"05/2025
01/2026",0.0,
319,Madhya Pradesh,"12/2023
04/2024",57.5,
320,Meghalaya,"09/2009
09/2014",96.0,
321,Mizoram,"09/2009
06/2014",4.0,
322,Nagaland,"09/2009
12/2014",98.0,
323,Odisha,"10/2018
09/2019",98.5,
324,Odisha,"02/2024
05/2024",8.11,
325,Odisha,"09/2023
01/2024",43.0,
326,Puducherry,"09/2009
07/2013",99.0,
327,Punjab,"10/2019
07/2020",91.7,
328,Punjab,"08/2024
04/2025",48.0,
329,Sikkim,"08/2020
01/2022",95.5,
330,Sikkim,"02/2024
03/2024",36.0,
331,Telangana,"09/2022
11/2022",89.11,
332,Uttar Pradesh,"06/2020
06/2020",99.0,
333,Uttarakhand,"06/2020
04/2024",58.0,
334,West Bengal,"06/2018
04/2019",96.6,
335,Manipur,"NA
01/2022",97.05,
336,Assam,"03/2023
03/2023",77.0,
337,Assam,"03/2023
03/2023",84.2,
338,Gujarat,"05/2023
05/2023",67.0,
339,Maharashtra,"06/2017
06/2017",81.0,
340,Maharashtra,"05/2023
05/2023",61.8,
341,Mizoram,"07/2024
07/2024",32.5,
342,"Multi-States
(Andhra Pradesh,
Odisha)","09/2019
09/2019",97.8,
343,"Multi-States
(Assam, Bihar,
Jharkhand,
Odisha, West
Bengal)","01/2019
01/2019",92.7,
344,"Multi-States
(Gujarat, Haryana,
Rajasthan)","12/2021
12/2021",92.7,
345,"Multi-States
(Gujarat, Madhya
Pradesh, Uttar
Pradesh)","12/2018
12/2018",95.4,
346,"Multi-States
(Karnataka, Tamil
Nadu)","11/2012
11/2012",83.5,
347,Rajasthan,"10/2017
10/2017",92.1,
348,Rajasthan,"12/2023
12/2023",94.3,
349,Tamil Nadu,"01/2022
01/2022",78.0,
350,Tripura,"06/2022
06/2022",97.7,
351,Uttar Pradesh,"09/2022
09/2022",76.3,
352,Andhra Pradesh,"03/2016
03/2016",96.6,
353,Andhra Pradesh,"09/2025
09/2025",14.2,
354,Andhra Pradesh,"09/2021
09/2021",92.1,
355,Assam,"07/2020
07/2020",85.5,
356,Assam,"01/2018
01/2018",94.3,
357,Assam,"12/2020
12/2020",93.4,
358,Assam,"12/2022
12/2022",69.0,
359,Assam,"10/2025
10/2025",7.8,
360,Assam,"04/2022
04/2022",82.9,
361,Assam,"06/2022
06/2022",57.5,
362,Assam,"01/2023
01/2023",54.7,
363,Assam,"09/2023
09/2023",60.4,
364,Assam,"08/2021
08/2021",78.6,
365,Assam,"04/2023
04/2023",99.0,
366,Bihar,"10/2023
10/2023",53.0,
367,Bihar,"01/2020
01/2020",91.4,
368,Bihar,"01/2022
01/2022",62.9,
369,Bihar,"12/2022
12/2022",33.4,
370,Bihar,"12/2022
12/2022",30.2,
371,Chhattisgarh,"06/2022
06/2022",2.2,
372,Gujarat,"08/2021
08/2021",89.2,
373,Gujarat,"02/2017
02/2017",95.9,
374,Gujarat,"04/2021
04/2021",91.0,
375,Gujarat,"09/2020
09/2020",88.8,
376,Gujarat,"01/2022
01/2022",85.8,
377,Gujarat,"01/2022
01/2022",45.2,
378,Gujarat,"05/2022
05/2022",97.3,
379,Gujarat,"07/2021
07/2021",94.2,
380,Gujarat,"08/2022
08/2022",64.0,
381,Gujarat,"11/2022
11/2022",68.8,
382,Haryana,"06/2019
06/2019",65.2,
383,Haryana,"03/2022
03/2022",87.3,
384,Haryana,"05/2025
05/2025",38.2,
385,Haryana,"02/2021
02/2021",93.6,
386,Haryana,"12/2020
12/2020",88.2,
387,"Jammu and
Kashmir","03/2022
03/2022",0.6,
388,Jharkhand,"11/2019
11/2019",65.9,
389,Jharkhand,"02/2023
02/2023",57.8,
390,Karnataka,"10/2023
10/2023",85.9,
391,Karnataka,"03/2024
03/2024",47.9,
392,Karnataka,"01/2022
01/2022",84.4,
393,Kerala,"09/2024
09/2024",41.0,
394,Kerala,"12/2023
12/2023",36.2,
395,Madhya Pradesh,"05/2024
05/2024",68.2,
396,Madhya Pradesh,"05/2023
05/2023",27.9,
397,Maharashtra,"04/2021
04/2021",91.1,
398,Maharashtra,"12/2024
12/2024",11.3,
399,Maharashtra,"05/2025
05/2025",5.3,
400,Maharashtra,"06/2025
06/2025",6.7,
401,Maharashtra,"04/2025
04/2025",0.0,
402,Maharashtra,"11/2025
11/2025",53.2,
403,Maharashtra,"06/2024
06/2024",92.0,
404,Maharashtra,"03/2022
03/2022",3.4,
405,Maharashtra,"04/2022
04/2022",71.7,
406,Maharashtra,"08/2022
08/2022",98.8,
407,Maharashtra,"05/2023
05/2023",83.0,
408,"Multi-States
(Andhra Pradesh,
Chhattisgarh,
Odisha)","09/2024
09/2024",35.4,
409,"Multi-States
(Arunachal
Pradesh, Assam,
Manipur,
Meghalaya,
Mizoram,
Nagaland, Sikkim,
Tripura, West
Bengal)","04/2020
04/2020",88.0,
410,"Multi-States
(Assam, Bihar,
West Bengal)","12/2024
12/2024",26.0,
411,"Multi-States
(Gujarat, Haryana,
Punjab,
Rajasthan)","07/2011
07/2011",90.2,
412,"Multi-States
(Jammu and
Kashmir, Punjab)","07/2023
07/2023",81.6,
413,"Multi-States
(Karnataka,
Kerala, Tamil
Nadu)","06/2009
06/2009",96.8,
414,"Multi-States
(Karnataka,
Maharashtra)","01/2006
01/2006",47.0,
415,"Multi-States
(Odisha, West
Bengal)","03/2020
03/2020",94.0,
416,"Multi-States
(Punjab,
Rajasthan)","12/2022
12/2022",30.9,
417,Nagaland,"08/2023
08/2023",41.2,
418,Odisha,"07/2020
07/2020",94.3,
419,Odisha,"02/2022
02/2022",5.9,
420,Odisha,"04/2021
04/2021",82.6,
421,Offshore,"12/2015
12/2015",90.0,
422,Offshore,"09/2024
09/2024",58.8,
423,Offshore,"08/2025
08/2025",14.5,
424,Offshore,"06/2022
06/2022",99.9,
425,Offshore,"06/2022
06/2022",95.4,
426,Offshore,"06/2024
06/2024",98.7,
427,Offshore,"05/2023
05/2023",42.7,
428,Punjab,"05/2020
05/2020",95.8,
429,Punjab,"03/2022
03/2022",2.0,
430,Tamil Nadu,"09/2021
09/2021",10.2,
431,Tamil Nadu,"01/2024
01/2024",73.1,
432,Tamil Nadu,"12/2022
12/2022",25.5,
433,Telangana,"03/2025
03/2025",25.3,
434,Tripura,"03/2022
03/2022",69.0,
435,Uttar Pradesh,"09/2025
09/2025",58.0,
436,Uttar Pradesh,"09/2025
09/2025",58.0,
437,Uttar Pradesh,"04/2022
04/2022",53.4,
438,Uttar Pradesh,"12/2022
12/2022",18.4,
439,West Bengal,"03/2017
03/2017",95.0,
440,West Bengal,"09/2024
09/2024",12.7,
441,West Bengal,"11/2021
11/2021",88.0,
442,West Bengal,"11/2022
11/2022",95.8,
443,West Bengal,"03/2022
03/2022",2.8,
444,West Bengal,"12/2022
12/2022",43.7,
445,Bihar,"09/2020
09/2020",0.0,
446,Bihar,NA,0.0,
447,Bihar,NA,0.0,
448,Bihar,NA,0.0,
449,Bihar,NA,0.0,
450,Bihar,NA,0.0,
451,Bihar,NA,0.0,
452,Bihar,"03/2019
10/2022",50.0,
453,Chhattisgarh,"02/2023
10/2023",54.0,
454,Chhattisgarh,"10/2023
10/2023",82.0,
455,Chhattisgarh,"02/2020
09/2024",59.0,
456,Delhi,"09/2025
09/2025",20.0,
457,Delhi,"10/2016
06/2022",57.0,
458,Gujarat,"01/2019
01/2019",93.85,
459,Gujarat,"09/2022
09/2022",87.5,
460,Gujarat,"04/2022
10/2022",81.0,
461,Haryana,"02/2019
02/2019",62.08,
462,"Jammu and
Kashmir","01/2019
03/2019",77.0,
463,"Jammu and
Kashmir","09/2019
01/2022",75.0,
464,"Jammu and
Kashmir",NA,0.0,
465,Jharkhand,"09/2023
02/2024",40.0,
466,Jharkhand,"06/2018
03/2023",57.0,
467,Ladakh,NA,0.0,
468,Madhya Pradesh,"12/2021
11/2022",84.0,
469,Madhya Pradesh,"08/2023
10/2023",43.0,
470,Maharashtra,NA,0.0,
471,Meghalaya,NA,0.0,
472,Nagaland,NA,0.0,
473,Punjab,"11/2019
07/2027",0.0,
474,Punjab,"01/2020
03/2026",1.0,
475,Sikkim,"10/2018
12/2018",92.0,
476,Tamil Nadu,"12/2018
12/2018",51.0,
477,Telangana,"12/2018
07/2022",87.32,
478,Uttarakhand,"10/2022
02/2024",60.0,
479,Uttarakhand,"08/2021
04/2023",84.0,
480,Andhra Pradesh,"02/2021
04/2023",88.0,
481,Gujarat,"06/2022
04/2023",21.5,
482,Gujarat,"08/2022
10/2023",50.0,
483,Karnataka,"02/2015
10/2024",27.0,
484,Karnataka,"07/2019
03/2025",23.0,
485,Maharashtra,"10/2013
08/2022",67.0,
486,Maharashtra,"12/2008
06/2009",89.0,
487,Odisha,"12/2010
02/2025",7.2,
488,Uttarakhand,"02/2021
12/2021",89.0,
489,"Multi-States
(Bihar, Jharkhand,
Uttar Pradesh,
West Bengal)","01/2018
02/2018",81.97,
490,Gujarat,"10/2022
03/2024",60.0,
491,Gujarat,"09/2021
09/2021",91.0,
492,Karnataka,"12/2023
06/2024",60.0,
493,Maharashtra,"12/2019
01/2020",88.0,
494,Odisha,"05/2022
01/2023",72.0,
495,West Bengal,"03/2025
02/2027",0.0,
496,Gujarat,"02/2019
01/2022",78.48,
497,Haryana,"05/2018
12/2021",60.0,
498,Uttar Pradesh,"12/2020
11/2026",0.0,
499,Andhra Pradesh,"08/2024
10/2025",10.27,
500,Andhra Pradesh,"08/2024
10/2025",5.07,
501,Andhra Pradesh,"12/2020
02/2024",40.6,
502,Karnataka,"12/2020
02/2023",23.89,
503,Kerala,"08/2024
10/2025",3.5,
504,Rajasthan,"08/2024
01/2026",1.21,
505,Telangana,"08/2024
02/2026",2.16,
506,Uttar Pradesh,"08/2024
12/2025",11.53,
507,Chhattisgarh,"08/2021
07/2022",18.3,
508,Chhattisgarh,"07/2024
08/2024",80.47,
509,Chhattisgarh,"10/2023
12/2023",69.07,
510,Chhattisgarh,"11/2023
01/2024",91.18,
511,Chhattisgarh,"11/2015
09/2020",94.6,
512,Chhattisgarh,"01/2009
10/2021",82.63,
513,Jharkhand,"03/2015
10/2015",64.0,
514,Jharkhand,"01/2025
02/2025",49.9,
515,Jharkhand,"01/2025
02/2025",42.79,
516,Jharkhand,"08/2023
10/2023",98.72,
517,Jharkhand,"03/2024
04/2024",45.91,
518,Jharkhand,"11/2023
12/2023",64.09,
519,Karnataka,"11/2014
06/2024",65.0,
520,West Bengal,"09/2023
09/2023",34.76,
521,West Bengal,"07/2024
08/2024",60.51,
522,West Bengal,"09/2024
10/2024",43.36,
523,West Bengal,"11/2024
12/2024",71.18,
524,West Bengal,"07/2024
12/2024",32.48,
525,West Bengal,"01/2025
02/2025",23.6,
526,Andhra Pradesh,"03/2012
12/2016",55.02,
527,Andhra Pradesh,"03/2023
06/2023",3.04,
528,Andhra Pradesh,"07/2023
07/2023",0.24,
529,Andhra Pradesh,"01/2014
10/2017",65.0,
530,Andhra Pradesh,"04/2023
05/2024",16.0,
531,Andhra Pradesh,"04/2023
03/2024",80.0,
532,Andhra Pradesh,"04/2025
04/2025",0.06,
533,Andhra Pradesh,"10/2024
10/2024",0.17,
534,Andhra Pradesh,"04/2026
04/2026",0.01,
535,Andhra Pradesh,"05/2016
07/2014",75.01,
536,Andhra Pradesh,"03/2009
09/2013",30.02,
537,Andhra Pradesh,"03/2017
11/2017",94.05,
538,Andhra Pradesh,"08/2016
04/2018",96.0,
539,Assam,"09/2025
09/2025",0.0,
540,Assam,"09/2016
09/2016",95.16,
541,Assam,"09/2020
09/2018",89.0,
542,Assam,"09/2018
01/2022",0.0,
543,Assam,"09/2018
01/2022",0.0,
544,Bihar,"12/2023
08/1997",84.2,
545,Bihar,"06/2024
06/2024",0.0,
546,Bihar,"11/2024
11/2025",0.0,
547,Bihar,"04/2019
12/1998",55.7,
548,Bihar,"10/2007
10/2004",75.5,
549,Bihar,"06/2018
03/2009",46.9,
550,Bihar,"08/2002
03/2002",98.2,
551,Bihar,"06/2010
01/2011",86.5,
552,Bihar,"11/2015
12/2015",100.0,
553,Bihar,"03/2018
03/2017",93.0,
554,Bihar,"03/2018
03/2017",99.0,
555,Bihar,"03/2016
05/2017",98.5,
556,Bihar,"10/2022
08/2025",56.9,
557,Bihar,"03/2023
03/2023",0.1,
558,Chhattisgarh,"03/2016
01/2014",95.15,
559,Chhattisgarh,"02/2013
03/2013",97.6,
560,Chhattisgarh,"07/2011
05/2021",100.0,
561,Chhattisgarh,"12/2022
05/2024",15.0,
562,Chhattisgarh,"04/2025
04/2025",0.0,
563,Chhattisgarh,"07/2009
11/2009",98.0,
564,Chhattisgarh,"07/2009
12/2009",82.0,
565,Chhattisgarh,"04/2014
04/2014",83.0,
566,Chhattisgarh,"06/2022
04/2022",28.0,
567,Chhattisgarh,"09/2022
05/2024",18.0,
568,Chhattisgarh,"09/2022
05/2024",9.0,
569,Chhattisgarh,"09/2022
05/2024",66.0,
570,Chhattisgarh,"09/2022
05/2024",35.0,
571,Chhattisgarh,"09/2022
05/2025",10.0,
572,Delhi,"01/2023
06/2024",5.0,
573,Delhi,"02/2008
03/2013",80.0,
574,Delhi,"03/2013
03/2013",23.0,
575,Goa,"NA
04/2026",0.0,
576,Gujarat,"07/2023
07/2022",9.0,
577,Gujarat,"02/2023
02/2023",5.0,
578,Gujarat,"05/2022
05/2022",17.0,
579,Gujarat,"02/2023
02/2023",12.0,
580,Gujarat,"05/2022
05/2022",31.0,
581,Gujarat,"08/2023
08/2023",45.0,
582,Gujarat,"05/2022
02/2023",53.0,
583,Gujarat,"11/2022
03/2023",10.0,
584,Gujarat,"01/2023
04/2023",88.0,
585,Gujarat,"02/2023
02/2023",22.0,
586,Gujarat,"01/2023
11/2023",32.5,
587,Gujarat,"07/2023
07/2023",16.0,
588,Gujarat,"09/2025
09/2025",0.0,
589,Gujarat,"12/2025
12/2025",0.0,
590,Gujarat,"01/2017
01/2017",45.0,
591,Gujarat,"09/2012
04/2008",64.0,
592,Gujarat,"10/2021
12/2021",81.0,
593,Gujarat,"05/2022
10/2023",8.0,
594,Gujarat,"10/2022
07/2025",22.0,
595,Haryana,"02/2023
02/2023",73.0,
596,Jharkhand,"11/2022
11/2022",72.0,
597,Jharkhand,"06/2025
06/2025",0.0,
598,Jharkhand,"03/2019
03/2019",0.1,
599,Jharkhand,"01/2018
01/2018",66.7,
600,Jharkhand,"08/2021
03/2019",10.0,
601,Jharkhand,"11/2022
11/2022",72.0,
602,Karnataka,"03/2019
12/2025",0.0,
603,Karnataka,"04/2019
10/2019",56.8,
604,Karnataka,"03/2008
05/2009",70.5,
605,Karnataka,"02/1999
07/2026",0.0,
606,Karnataka,"04/2013
08/2017",40.0,
607,Karnataka,"01/2014
11/2016",84.5,
608,Karnataka,"01/1999
01/2000",4.7,
609,Karnataka,"10/2013
11/2012",36.3,
610,Karnataka,"10/2013
01/2017",15.8,
611,Karnataka,"02/2018
06/2022",85.8,
612,Karnataka,"09/2019
02/2023",13.8,
613,Karnataka,"06/2019
09/2022",0.3,
614,Karnataka,"10/2020
10/2020",20.02,
615,Karnataka,"09/2020
03/2025",0.0,
616,Kerala,"04/2023
04/2023",33.0,
617,Kerala,"04/2023
04/2023",25.5,
618,Madhya Pradesh,"01/2007
03/1998",74.0,
619,Madhya Pradesh,"11/2015
08/2017",88.0,
620,Madhya Pradesh,"03/2016
03/2017",81.2,
621,Madhya Pradesh,"03/2016
09/2017",95.0,
622,Madhya Pradesh,"08/2019
10/2020",37.0,
623,Madhya Pradesh,"10/2021
10/2021",94.0,
624,Maharashtra,"01/2019
04/2023",25.0,
625,Maharashtra,"12/2017
04/2008",50.0,
626,Maharashtra,"05/2023
05/2023",2.03,
627,Maharashtra,"08/2022
01/2026",10.0,
628,Maharashtra,"04/2023
07/2023",24.0,
629,Maharashtra,"04/2025
04/2025",2.0,
630,Maharashtra,"12/2023
12/2023",0.2,
631,Maharashtra,"10/2024
10/2024",0.0,
632,Maharashtra,"01/2025
01/2025",24.0,
633,Maharashtra,"01/1999
10/2002",93.0,
634,Maharashtra,"03/2016
03/1999",60.0,
635,Maharashtra,"05/2017
03/2012",66.0,
636,Maharashtra,"02/2008
04/2013",47.0,
637,Maharashtra,"09/2015
09/2015",73.0,
638,Maharashtra,"09/2015
05/2016",88.0,
639,Maharashtra,"03/2016
12/2016",86.0,
640,Maharashtra,"10/2017
03/2017",92.0,
641,Maharashtra,"04/2017
05/2018",88.0,
642,Maharashtra,"05/2017
04/2018",100.0,
643,Maharashtra,"08/2018
12/2023",11.0,
644,Maharashtra,"10/2019
04/2020",80.0,
645,Maharashtra,"05/2008
04/2008",90.0,
646,Maharashtra,"04/2019
04/2019",25.0,
647,Maharashtra,"11/2016
12/2016",75.0,
648,Manipur,"03/2013
12/2007",72.7,
649,Meghalaya,"04/2011
03/2010",2.04,
650,"Multi-States
(Andhra Pradesh,
Karnataka)","04/2012
10/2018",21.5,
651,"Multi-States
(Andhra Pradesh,
Karnataka)","03/2008
07/2010",72.5,
652,"Multi-States
(Andhra Pradesh,
Karnataka)","04/2016
04/2016",89.04,
653,"Multi-States
(Andhra Pradesh,
Maharashtra,
Telangana)","08/2023
08/2023",21.0,
654,"Multi-States
(Andhra Pradesh,
Odisha)","06/2016
11/2016",98.0,
655,"Multi-States
(Andhra Pradesh,
Odisha)","12/2015
01/2016",73.0,
656,"Multi-States
(Andhra Pradesh,
Tamil Nadu)","07/2008
10/2008",16.75,
657,"Multi-States
(Andhra Pradesh,
Telangana)","02/2024
03/2025",2.05,
658,"Multi-States
(Andhra Pradesh,
Telangana)","08/2023
08/2023",2.6,
659,"Multi-States
(Andhra Pradesh,
Telangana)","11/2024
11/2024",0.17,
660,"Multi-States
(Andhra Pradesh,
Telangana)","03/2013
08/2014",95.02,
661,"Multi-States
(Andhra Pradesh,
Telangana)","04/2016
04/2016",93.6,
662,"Multi-States
(Arunachal
Pradesh, Assam)","02/2011
03/2023",70.0,
663,"Multi-States
(Assam,
Meghalaya)","08/2010
03/2007",86.16,
664,"Multi-States
(Assam,
Nagaland)","02/2024
01/2025",12.5,
665,"Multi-States
(Assam,
Nagaland)","08/2015
02/2016",45.0,
666,"Multi-States
(Bihar, Delhi,
Jharkhand, Uttar
Pradesh, West
Bengal)","09/2019
09/2019",0.0,
667,"Multi-States
(Bihar, Jharkhand)","08/2023
08/2023",18.0,
668,"Multi-States
(Bihar, Jharkhand)","11/2004
03/2002",95.6,
669,"Multi-States
(Bihar, Jharkhand)","03/2014
03/2022",61.9,
670,"Multi-States
(Bihar, Uttar
Pradesh)","05/2022
06/2023",20.0,
671,"Multi-States
(Bihar, Uttar
Pradesh)","08/2023
03/2024",26.5,
672,"Multi-States
(Bihar, Uttar
Pradesh)","03/2013
12/2015",96.0,
673,"Multi-States
(Bihar, West
Bengal)","08/2022
08/2022",66.0,
674,"Multi-States
(Chhattisgarh,
Maharashtra)","10/2025
10/2025",0.0,
675,"Multi-States
(Chhattisgarh,
Maharashtra)","09/2016
12/2016",96.0,
676,"Multi-States
(Chhattisgarh,
Odisha)","09/2024
09/2024",4.0,
677,"Multi-States
(Chhattisgarh,
Odisha)","12/2015
03/2016",94.94,
678,"Multi-States
(Chhattisgarh,
Odisha)","09/2016
09/2016",97.0,
679,"Multi-States
(Dadra & Nagar
Haveli and Daman
& Diu, Gujarat,
Maharashtra)","03/2015
09/2017",60.87,
680,"Multi-States (Delhi,
Gujarat, Madhya
Pradesh,
Maharashtra,
Rajasthan)","09/2019
09/2019",66.32,
681,"Multi-States (Goa,
Karnataka)","03/2010
07/2012",86.2,
682,"Multi-States (Goa,
Karnataka)","07/2015
05/2018",99.7,
683,"Multi-States
(Gujarat, Haryana,
Maharashtra,
Rajasthan, Uttar
Pradesh)","02/2008
01/2012",96.0,
684,"Multi-States
(Gujarat, Madhya
Pradesh)","06/2012
06/2012",55.0,
685,"Multi-States
(Gujarat, Madhya
Pradesh)","11/2008
01/2014",80.5,
686,"Multi-States
(Gujarat,
Maharashtra)","09/2019
03/2023",93.0,
687,"Multi-States
(Gujarat,
Rajasthan)","07/2022
07/2022",37.0,
688,"Multi-States
(Gujarat,
Rajasthan)","02/2024
02/2024",36.0,
689,"Multi-States
(Haryana,
Himachal Pradesh)","02/2018
02/2018",44.0,
690,"Multi-States
(Haryana,
Rajasthan)","02/2023
12/2022",80.0,
691,"Multi-States
(Himachal
Pradesh, Punjab)","03/1983
05/1985",85.5,
692,"Multi-States
(Himachal
Pradesh, Punjab)","03/2009
04/2015",64.0,
693,"Multi-States
(Jharkhand,
Odisha)","03/2016
02/2017",94.0,
694,"Multi-States
(Jharkhand,
Odisha, West
Bengal)","08/2024
12/2024",0.0,
695,"Multi-States
(Jharkhand, West
Bengal)","09/2024
07/2025",0.0,
696,"Multi-States
(Jharkhand, West
Bengal)","09/2016
01/2018",98.0,
697,"Multi-States
(Karnataka, Tamil
Nadu)","04/2019
02/2019",88.3,
698,"Multi-States
(Kerala, Tamil
Nadu)","08/2017
03/2016",57.0,
699,"Multi-States
(Madhya Pradesh,
Maharashtra)","04/2008
03/2010",83.0,
700,"Multi-States
(Madhya Pradesh,
Maharashtra)","09/2016
09/2016",50.0,
701,"Multi-States
(Madhya Pradesh,
Rajasthan)","10/2015
05/2023",8.0,
702,"Multi-States
(Madhya Pradesh,
Rajasthan)","03/2011
07/2018",92.0,
703,"Multi-States
(Madhya Pradesh,
Rajasthan)","03/2001
10/2004",82.0,
704,"Multi-States
(Madhya Pradesh,
Rajasthan)","04/2017
09/2021",60.0,
705,"Multi-States
(Madhya Pradesh,
Rajasthan, Uttar
Pradesh)","12/2015
03/2018",96.32,
706,"Multi-States
(Madhya Pradesh,
Uttar Pradesh)","09/2016
03/2018",96.0,
707,"Multi-States
(Madhya Pradesh,
Uttar Pradesh)","03/2018
04/2019",70.0,
708,"Multi-States
(Maharashtra,
Telangana)","09/2016
10/2016",94.8,
709,"Multi-States
(Odisha, West
Bengal)","03/2019
03/2017",82.0,
710,"Multi-States
(Puducherry, Tamil
Nadu)","07/2008
01/2019",80.0,
711,"Multi-States
(Sikkim, West
Bengal)","10/2009
05/2010",93.1,
712,"Multi-States (Uttar
Pradesh, West
Bengal)","08/2017
12/2017",33.0,
713,Odisha,"10/2021
10/2021",40.0,
714,Odisha,"08/2022
07/2022",82.0,
715,Odisha,"08/2022
06/2022",52.0,
716,Odisha,"09/2022
06/2022",88.0,
717,Odisha,"01/2014
01/2014",55.0,
718,Odisha,"04/2023
04/2023",88.0,
719,Odisha,"09/2022
12/2023",45.0,
720,Odisha,"08/2024
09/2025",0.0,
721,Odisha,"08/2024
09/2025",0.0,
722,Odisha,"04/2023
10/2025",5.5,
723,Odisha,"08/2023
04/2025",10.5,
724,Odisha,"08/2024
04/2026",0.0,
725,Odisha,"08/2024
08/2025",0.0,
726,Odisha,"03/1994
03/2001",92.5,
727,Odisha,"03/2004
12/2004",56.0,
728,Odisha,"10/2015
04/2015",95.8,
729,Odisha,"12/2015
12/2015",75.19,
730,Odisha,"11/2015
12/2015",59.0,
731,Odisha,"07/2013
12/2015",90.0,
732,Odisha,"07/2017
04/2023",2.13,
733,Odisha,"02/2018
12/2023",7.5,
734,Odisha,"09/2018
09/2019",0.0,
735,Odisha,"09/2022
05/2025",5.0,
736,Offshore,"08/2015
03/2011",75.0,
737,PAN India,"06/2020
04/2023",48.0,
738,Punjab,"NA
10/2022",99.0,
739,Punjab,"03/2019
12/2022",57.0,
740,Rajasthan,"01/2023
01/2023",73.0,
741,Rajasthan,"09/2022
06/2023",0.0,
742,Rajasthan,"02/2024
02/2024",8.0,
743,Rajasthan,"02/2024
02/2024",22.0,
744,Rajasthan,"01/2024
01/2024",94.0,
745,Rajasthan,"04/2025
04/2025",1.0,
746,Rajasthan,"03/2019
04/2024",15.0,
747,Rajasthan,"03/2022
04/2020",49.7,
748,Rajasthan,"04/2019
04/2019",95.0,
749,Rajasthan,"02/2024
04/2023",19.0,
750,Rajasthan,"06/2022
02/2021",56.0,
751,Rajasthan,"11/2021
01/2022",98.0,
752,Rajasthan,"12/2022
01/2023",77.0,
753,Tamil Nadu,"11/2007
11/2008",99.9,
754,Tamil Nadu,"05/2022
10/2022",0.0,
755,Tamil Nadu,"12/2017
07/2018",0.0,
756,Tamil Nadu,"04/2011
09/2016",14.0,
757,Telangana,"08/2023
04/2025",0.06,
758,Telangana,"07/2016
02/2023",90.0,
759,Telangana,"09/2017
07/2017",0.0,
760,Telangana,"07/2016
01/2017",72.02,
761,Uttar Pradesh,"10/2018
03/2017",13.0,
762,Uttar Pradesh,"08/2019
03/2017",4.1,
763,Uttar Pradesh,"10/2024
10/2025",3.23,
764,Uttar Pradesh,"10/2023
11/2023",23.9,
765,Uttar Pradesh,"08/2023
01/2025",18.5,
766,Uttar Pradesh,"10/2022
05/2024",0.6,
767,Uttar Pradesh,"03/2023
02/2025",27.54,
768,Uttar Pradesh,"11/2017
07/2019",88.5,
769,Uttar Pradesh,"11/2017
03/2017",70.0,
770,Uttar Pradesh,"03/2017
11/2017",86.0,
771,Uttar Pradesh,"04/2019
10/2020",80.0,
772,Uttar Pradesh,"12/2015
03/2016",73.0,
773,Uttar Pradesh,"04/2019
09/2020",83.0,
774,Uttar Pradesh,"07/2020
04/2021",9.0,
775,Uttar Pradesh,"03/2018
03/2017",96.6,
776,Uttar Pradesh,"01/2019
04/2017",78.0,
777,Uttar Pradesh,"04/2020
02/2021",36.0,
778,Uttarakhand,"11/2016
08/2018",74.5,
779,West Bengal,"07/2015
11/2005",76.0,
780,West Bengal,"03/2001
02/2008",96.9,
781,West Bengal,"03/2010
10/2011",87.0,
782,West Bengal,"12/2010
12/2010",17.0,
783,West Bengal,"03/2024
12/2024",50.0,
784,West Bengal,"03/2010
04/2010",51.0,
785,West Bengal,"11/2010
03/2010",32.2,
786,West Bengal,"03/2010
03/2010",17.0,
787,"Andaman &
Nicobar","02/2018
03/2024",78.01,
788,"Andaman &
Nicobar","02/2018
05/2024",47.28,
789,"Andaman &
Nicobar","03/2015
05/2024",12.64,
790,Andhra Pradesh,"12/2021
09/2022",100.0,
791,Andhra Pradesh,"03/2023
03/2024",100.0,
792,Andhra Pradesh,"03/2022
05/2023",73.46,
793,Andhra Pradesh,"03/2020
11/2021",69.62,
794,Andhra Pradesh,"03/2023
12/2024",90.97,
795,Andhra Pradesh,"10/2024
09/2025",42.28,
796,Andhra Pradesh,"10/2024
07/2025",23.38,
797,Andhra Pradesh,"03/2023
02/2024",95.94,
798,Andhra Pradesh,"11/2016
05/2017",91.9,
799,Andhra Pradesh,"10/2022
11/2023",79.5,
800,Andhra Pradesh,"12/2021
05/2022",82.0,
801,Andhra Pradesh,"10/2024
08/2025",18.72,
802,Andhra Pradesh,"10/2024
08/2025",26.07,
803,Andhra Pradesh,"12/2022
03/2024",99.64,
804,Andhra Pradesh,"10/2024
04/2025",37.95,
805,Andhra Pradesh,"03/2022
10/2024",90.33,
806,Andhra Pradesh,"03/2018
09/2018",100.0,
807,Andhra Pradesh,"03/2022
01/2023",98.63,
808,Andhra Pradesh,"03/2022
09/2023",99.45,
809,Andhra Pradesh,"01/2022
01/2023",99.06,
810,Andhra Pradesh,"03/2021
07/2022",94.65,
811,Andhra Pradesh,"01/2024
04/2025",22.55,
812,Andhra Pradesh,"03/2018
08/2018",98.52,
813,Andhra Pradesh,"02/2016
05/2016",100.0,
814,Andhra Pradesh,"03/2017
09/2017",98.4,
815,Andhra Pradesh,"08/2016
01/2017",98.2,
816,Andhra Pradesh,"03/2016
09/2016",98.6,
817,Andhra Pradesh,"03/2023
01/2025",13.0,
818,Andhra Pradesh,"04/2020
11/2023",43.22,
819,Andhra Pradesh,"08/2020
10/2022",91.25,
820,Andhra Pradesh,"08/2020
07/2022",100.0,
821,Andhra Pradesh,"08/2020
09/2021",91.5,
822,Andhra Pradesh,"08/2020
03/2021",100.0,
823,Andhra Pradesh,"01/2018
10/2020",66.05,
824,Andhra Pradesh,"02/2021
06/2023",92.59,
825,Andhra Pradesh,"11/2020
10/2022",99.46,
826,Andhra Pradesh,"07/2024
03/2025",34.6,
827,Andhra Pradesh,"03/2025
10/2025",8.8,
828,Andhra Pradesh,"10/2018
01/2020",95.73,
829,Andhra Pradesh,"01/2020
07/2021",99.92,
830,Andhra Pradesh,"01/2018
01/2019",100.0,
831,Andhra Pradesh,"11/2017
03/2018",98.47,
832,Andhra Pradesh,"12/2022
03/2026",1.0,
833,Andhra Pradesh,"02/2021
02/2022",99.26,
834,Andhra Pradesh,"03/2020
01/2022",98.6,
835,Andhra Pradesh,"01/2023
02/2024",86.23,
836,Andhra Pradesh,"02/2023
02/2024",42.51,
837,Andhra Pradesh,"02/2022
02/2024",63.52,
838,Andhra Pradesh,"01/2023
02/2024",75.63,
839,Andhra Pradesh,"12/2022
03/2024",75.54,
840,Andhra Pradesh,"01/2023
03/2024",84.72,
841,Andhra Pradesh,"02/2023
02/2025",41.6,
842,Andhra Pradesh,"02/2023
02/2024",58.08,
843,Andhra Pradesh,"02/2023
03/2024",67.98,
844,Andhra Pradesh,"02/2023
02/2024",58.8,
845,Andhra Pradesh,"11/2020
09/2022",100.0,
846,Andhra Pradesh,"12/2020
09/2022",99.66,
847,Andhra Pradesh,"05/2022
09/2023",90.4,
848,Andhra Pradesh,"03/2022
10/2023",98.84,
849,Andhra Pradesh,"02/2022
01/2023",94.9,
850,Andhra Pradesh,"09/2022
08/2023",90.98,
851,Andhra Pradesh,"03/2018
12/2018",78.95,
852,Andhra Pradesh,"12/2024
02/2026",5.0,
853,Andhra Pradesh,"01/2023
02/2024",79.0,
854,Andhra Pradesh,"08/2022
09/2023",81.81,
855,Andhra Pradesh,"10/2022
07/2023",91.97,
856,Andhra Pradesh,"10/2022
08/2023",82.05,
857,Andhra Pradesh,"03/2023
11/2023",99.94,
858,Andhra Pradesh,"03/2024
12/2024",36.49,
859,Andhra Pradesh,"01/2020
02/2021",98.2,
860,Andhra Pradesh,"12/2022
03/2026",0.0,
861,Andhra Pradesh,"02/2021
03/2022",99.32,
862,Andhra Pradesh,"02/2021
10/2022",81.06,
863,Andhra Pradesh,"02/2023
02/2024",65.0,
864,Andhra Pradesh,"02/2023
02/2024",70.2,
865,Andhra Pradesh,"02/2023
02/2024",44.1,
866,Andhra Pradesh,"02/2023
02/2024",73.0,
867,Andhra Pradesh,"08/2022
10/2023",48.9,
868,Andhra Pradesh,"08/2022
12/2023",54.11,
869,Andhra Pradesh,"10/2022
07/2023",100.0,
870,Arunachal Pradesh,"03/2019
11/2020",96.61,
871,Arunachal Pradesh,"06/2020
12/2021",51.37,
872,Arunachal Pradesh,"02/2024
07/2025",1.7,
873,Arunachal Pradesh,"02/2024
03/2025",17.15,
874,Arunachal Pradesh,"02/2024
01/2025",49.83,
875,Arunachal Pradesh,"12/2023
05/2025",21.67,
876,Arunachal Pradesh,"01/2024
01/2025",39.5,
877,Arunachal Pradesh,"02/2017
10/2020",99.52,
878,Arunachal Pradesh,"02/2017
10/2020",99.69,
879,Arunachal Pradesh,"02/2017
03/2018",82.28,
880,Arunachal Pradesh,"08/2020
06/2025",18.63,
881,Arunachal Pradesh,"12/2023
02/2026",1.71,
882,Assam,"03/2022
04/2023",75.65,
883,Assam,"03/2024
04/2025",18.3,
884,Assam,"03/2023
02/2025",20.0,
885,Assam,"02/2024
09/2025",5.24,
886,Assam,"03/2025
12/2025",2.41,
887,Assam,"03/2023
12/2023",62.16,
888,Assam,"03/2023
12/2023",54.68,
889,Assam,"03/2023
12/2023",79.91,
890,Assam,"03/2021
10/2023",100.0,
891,Assam,"09/2021
11/2021",79.23,
892,Assam,"11/2023
12/2024",12.45,
893,Assam,"02/2024
02/2025",30.8,
894,Assam,"03/2020
06/2020",97.76,
895,Assam,"03/2023
08/2024",57.17,
896,Assam,"02/2024
08/2025",14.6,
897,Assam,"02/2024
02/2025",40.4,
898,Assam,"03/2024
03/2025",31.83,
899,Assam,"02/2024
04/2025",11.0,
900,Assam,"03/2024
09/2025",0.0,
901,Assam,"03/2023
02/2024",79.34,
902,Assam,"02/2023
01/2024",55.46,
903,Assam,"11/2021
01/2023",0.0,
904,Assam,"01/2023
11/2023",98.41,
905,Assam,"09/2021
07/2022",0.0,
906,Assam,"03/2018
11/2019",100.0,
907,Assam,"01/2024
01/2025",36.56,
908,Assam,"01/2023
12/2023",20.45,
909,Assam,"01/2023
05/2023",85.15,
910,Assam,"03/2023
08/2023",90.5,
911,Assam,"03/2023
08/2023",87.5,
912,Assam,"03/2023
08/2023",85.2,
913,Assam,"12/2023
03/2024",85.29,
914,Assam,"03/2022
11/2024",84.98,
915,Assam,"03/2022
01/2023",100.0,
916,Assam,"05/2019
12/2020",76.01,
917,Assam,"01/2016
10/2017",97.13,
918,Assam,"03/2015
12/2016",100.0,
919,Assam,"01/2016
09/2024",100.0,
920,Assam,"01/2016
01/2023",100.0,
921,Assam,"01/2024
02/2024",96.79,
922,Assam,"01/2016
10/2024",0.0,
923,Assam,"01/2016
10/2024",0.0,
924,Assam,"01/2024
02/2024",99.05,
925,Assam,"01/2024
02/2024",95.86,
926,Assam,"01/2024
02/2024",94.73,
927,Assam,"02/2020
12/2020",93.23,
928,Assam,"02/2020
09/2020",100.0,
929,Assam,"03/2022
12/2022",99.04,
930,Assam,"08/2024
01/2026",0.0,
931,Assam,"12/2017
05/2018",52.0,
932,Assam,"10/2014
10/2024",47.34,
933,Assam,"02/2023
02/2024",71.09,
934,Assam,"10/2014
10/2024",62.9,
935,Assam,"03/2022
01/2023",94.59,
936,Bihar,"03/2022
07/2023",83.48,
937,Bihar,"03/2021
11/2022",95.01,
938,Bihar,"03/2021
02/2023",95.66,
939,Bihar,"01/2014
11/2016",97.0,
940,Bihar,"01/2014
10/2016",99.74,
941,Bihar,"03/2023
07/2024",60.0,
942,Bihar,"02/2022
01/2025",0.05,
943,Bihar,"02/2016
05/2016",98.65,
944,Bihar,"02/2016
06/2016",98.78,
945,Bihar,"02/2016
05/2016",99.0,
946,Bihar,"02/2024
08/2024",50.0,
947,Bihar,"02/2022
05/2023",94.0,
948,Bihar,"01/2022
09/2024",3.1,
949,Bihar,"09/2022
01/2026",0.0,
950,Bihar,"02/2022
06/2023",93.0,
951,Bihar,"11/2022
12/2024",58.0,
952,Bihar,"01/2022
10/2024",36.0,
953,Bihar,"02/2019
03/2021",73.69,
954,Bihar,"09/2018
06/2021",96.1,
955,Bihar,"07/2020
05/2023",50.78,
956,Bihar,"01/2024
05/2024",15.83,
957,Bihar,"03/2023
09/2025",6.05,
958,Bihar,"11/2021
07/2022",64.05,
959,Bihar,"10/2021
03/2022",99.78,
960,Bihar,"04/2022
12/2023",80.95,
961,Bihar,"01/2021
01/2022",100.0,
962,Bihar,"01/2021
01/2022",100.0,
963,Bihar,"03/2023
09/2025",14.15,
964,Bihar,"03/2023
10/2025",21.22,
965,Bihar,"03/2023
10/2025",20.15,
966,Bihar,"09/2022
09/2023",20.1,
967,Bihar,"02/2022
03/2023",46.79,
968,Bihar,"02/2022
07/2023",43.8,
969,Bihar,"03/2022
02/2023",32.68,
970,Bihar,"01/2025
04/2026",0.0,
971,Bihar,"08/2020
01/2021",100.0,
972,Bihar,"03/2025
10/2025",21.03,
973,Bihar,"09/2022
01/2023",96.5,
974,Bihar,"03/2023
10/2024",43.5,
975,Bihar,"10/2024
01/2026",21.54,
976,Bihar,"01/2017
08/2018",100.0,
977,Bihar,"12/2015
10/2016",97.71,
978,Bihar,"10/2021
06/2022",95.72,
979,Bihar,"09/2020
04/2021",97.85,
980,Bihar,"09/2020
12/2021",99.14,
981,Bihar,"02/2017
12/2019",88.38,
982,Bihar,"03/2017
12/2018",91.03,
983,Bihar,"07/2010
01/2011",89.81,
984,Bihar,"02/2024
08/2024",68.43,
985,Bihar,"10/2022
03/2024",58.88,
986,Bihar,"09/2019
11/2020",89.01,
987,Bihar,"09/2019
11/2020",92.0,
988,Bihar,"07/2023
03/2024",80.83,
989,Bihar,"08/2022
11/2024",10.08,
990,Bihar,"02/2019
02/2020",91.14,
991,Bihar,"08/2022
01/2025",17.45,
992,Bihar,"01/2018
11/2019",99.8,
993,Bihar,"02/2024
10/2024",22.4,
994,Bihar,"03/2022
03/2024",25.76,
995,Bihar,"06/2022
02/2024",100.0,
996,Bihar,"12/2015
06/2017",99.95,
997,Bihar,"10/2022
12/2023",99.5,
998,Bihar,"01/2021
03/2022",78.09,
999,Bihar,"07/2013
12/2018",99.99,
1000,Bihar,"01/2021
04/2022",76.01,
1001,Bihar,"02/2021
03/2022",93.13,
1002,Bihar,"08/2010
08/2010",99.45,
1003,Bihar,"05/2011
05/2011",100.0,
1004,Chhattisgarh,"01/2024
04/2025",37.0,
1005,Chhattisgarh,"03/2018
01/2019",97.9,
1006,Chhattisgarh,"12/2022
03/2025",66.0,
1007,Chhattisgarh,"12/2022
12/2024",0.0,
1008,Chhattisgarh,"11/2017
05/2019",97.0,
1009,Chhattisgarh,"03/2022
05/2025",32.87,
1010,Chhattisgarh,"03/2022
07/2024",57.0,
1011,Chhattisgarh,"03/2022
05/2025",17.25,
1012,Chhattisgarh,"03/2022
07/2024",60.0,
1013,Chhattisgarh,"03/2022
01/2024",11.0,
1014,Chhattisgarh,"03/2020
05/2022",90.0,
1015,Chhattisgarh,"12/2020
03/2022",85.0,
1016,Chhattisgarh,"06/2022
07/2023",69.87,
1017,Chhattisgarh,"06/2022
06/2023",71.45,
1018,Chhattisgarh,"04/2020
03/2022",94.81,
1019,Chhattisgarh,"03/2022
02/2024",74.43,
1020,Chhattisgarh,"08/2024
04/2026",0.0,
1021,Chhattisgarh,"11/2021
09/2022",98.39,
1022,Chhattisgarh,"12/2021
01/2023",100.0,
1023,Chhattisgarh,"03/2022
10/2023",64.89,
1024,Chhattisgarh,"05/2022
09/2022",100.0,
1025,Chhattisgarh,"02/2021
01/2022",98.75,
1026,Chhattisgarh,"10/2015
04/2016",100.0,
1027,Chhattisgarh,"12/2019
12/2020",93.1,
1028,"Dadra & Nagar
Haveli and Daman
& Diu","10/2022
02/2024",52.0,
1029,Delhi,"07/2020
10/2021",99.99,
1030,Delhi,"07/2020
01/2022",98.25,
1031,Delhi,"01/2018
10/2019",100.0,
1032,Delhi,"03/2018
09/2020",98.8,
1033,Goa,"07/2024
02/2026",0.5,
1034,Goa,"04/2023
04/2024",96.75,
1035,Goa,"12/2024
04/2026",0.0,
1036,Goa,"01/2024
08/2024",48.59,
1037,Gujarat,"10/2022
01/2025",35.0,
1038,Gujarat,"03/2024
08/2025",28.0,
1039,Gujarat,"03/2024
08/2025",33.0,
1040,Gujarat,"03/2024
09/2025",24.0,
1041,Gujarat,"03/2022
03/2024",98.0,
1042,Gujarat,"03/2023
06/2024",90.0,
1043,Gujarat,"04/2018
11/2018",99.55,
1044,Gujarat,"12/2022
02/2024",67.0,
1045,Gujarat,"02/2024
12/2025",16.0,
1046,Gujarat,"09/2022
12/2023",63.0,
1047,Gujarat,"09/2020
12/2022",81.6,
1048,Gujarat,"09/2020
11/2021",100.0,
1049,Gujarat,"11/2019
05/2021",100.0,
1050,Gujarat,"02/2018
11/2019",91.34,
1051,Gujarat,"05/2020
12/2021",98.9,
1052,Gujarat,"07/2020
11/2021",97.05,
1053,Gujarat,"07/2023
08/2024",4.85,
1054,Gujarat,"07/2023
04/2024",21.75,
1055,Gujarat,"05/2020
01/2022",100.0,
1056,Gujarat,"05/2020
01/2022",100.0,
1057,Gujarat,"05/2020
07/2021",100.0,
1058,Gujarat,"05/2020
12/2021",97.99,
1059,Gujarat,"06/2024
08/2024",89.5,
1060,Gujarat,"03/2024
01/2025",48.0,
1061,Gujarat,"01/2023
12/2023",61.04,
1062,Gujarat,"02/2020
08/2021",99.0,
1063,Gujarat,"02/2020
03/2021",99.7,
1064,Gujarat,"03/2024
02/2025",31.05,
1065,Gujarat,"03/2018
02/2019",100.0,
1066,Gujarat,"03/2022
01/2023",96.0,
1067,Gujarat,"02/2016
02/2018",98.79,
1068,Gujarat,"03/2022
04/2022",100.0,
1069,Gujarat,"08/2020
03/2021",100.0,
1070,Gujarat,"12/2021
03/2023",86.2,
1071,Gujarat,"03/2023
11/2025",17.19,
1072,Gujarat,"03/2023
11/2025",4.63,
1073,Gujarat,"03/2025
05/2026",2.0,
1074,Gujarat,"11/2016
05/2017",100.0,
1075,Gujarat,"03/2022
09/2023",71.63,
1076,Gujarat,"02/2016
02/2017",100.0,
1077,Gujarat,"02/2016
03/2017",97.93,
1078,Gujarat,"08/2020
03/2021",99.71,
1079,Gujarat,"03/2016
02/2017",100.0,
1080,Gujarat,"09/2020
02/2022",97.6,
1081,Haryana,"12/2020
12/2021",99.91,
1082,Haryana,"12/2020
01/2022",99.89,
1083,Haryana,"12/2020
12/2021",79.08,
1084,Haryana,"01/2021
12/2021",76.13,
1085,Haryana,"05/2024
05/2025",50.65,
1086,Haryana,"01/2019
07/2020",97.86,
1087,Haryana,"03/2022
06/2023",87.05,
1088,Haryana,"11/2022
12/2023",99.5,
1089,Haryana,"03/2022
02/2023",64.7,
1090,Haryana,"02/2023
10/2023",83.75,
1091,Haryana,"01/2019
07/2020",99.97,
1092,Haryana,"05/2020
11/2021",76.69,
1093,Haryana,"11/2022
08/2023",94.41,
1094,Himachal Pradesh,"08/2020
09/2021",98.16,
1095,Himachal Pradesh,"06/2021
06/2024",22.26,
1096,Himachal Pradesh,"03/2021
07/2023",23.24,
1097,Himachal Pradesh,"03/2021
05/2023",60.02,
1098,Himachal Pradesh,"08/2020
10/2022",70.03,
1099,Himachal Pradesh,"08/2020
06/2022",93.53,
1100,Himachal Pradesh,"08/2020
11/2023",57.63,
1101,Himachal Pradesh,"06/2023
03/2026",0.0,
1102,Himachal Pradesh,"03/2016
01/2018",100.0,
1103,Himachal Pradesh,"06/2017
03/2018",95.65,
1104,Himachal Pradesh,"02/2022
06/2022",100.0,
1105,Himachal Pradesh,"03/2022
09/2023",98.24,
1106,Himachal Pradesh,"06/2022
11/2024",94.83,
1107,Himachal Pradesh,"07/2022
03/2024",54.22,
1108,Himachal Pradesh,"02/2023
03/2025",31.09,
1109,Himachal Pradesh,"03/2022
04/2023",93.05,
1110,Himachal Pradesh,"03/2021
12/2022",97.45,
1111,Himachal Pradesh,"08/2022
10/2023",92.8,
1112,Himachal Pradesh,"01/2024
05/2025",22.24,
1113,Himachal Pradesh,"03/2022
04/2023",53.81,
1114,Himachal Pradesh,"04/2022
03/2024",63.17,
1115,Himachal Pradesh,"03/2018
11/2018",90.11,
1116,Himachal Pradesh,"03/2021
05/2022",60.06,
1117,"Jammu and
Kashmir","03/2024
01/2026",3.0,
1118,"Jammu and
Kashmir","09/2023
11/2024",49.22,
1119,"Jammu and
Kashmir","03/2023
09/2024",44.1,
1120,"Jammu and
Kashmir","03/2023
08/2024",53.67,
1121,"Jammu and
Kashmir","11/2021
06/2023",54.89,
1122,"Jammu and
Kashmir","06/2022
08/2023",83.67,
1123,"Jammu and
Kashmir","03/2024
11/2024",40.0,
1124,"Jammu and
Kashmir","03/2021
07/2022",100.0,
1125,"Jammu and
Kashmir","09/2021
07/2024",46.39,
1126,"Jammu and
Kashmir","10/2022
01/2024",70.35,
1127,"Jammu and
Kashmir","03/2020
09/2021",89.51,
1128,"Jammu and
Kashmir","03/2020
08/2021",92.02,
1129,"Jammu and
Kashmir","07/2021
07/2022",89.16,
1130,"Jammu and
Kashmir","07/2020
11/2022",94.0,
1131,"Jammu and
Kashmir","07/2020
10/2020",94.26,
1132,"Jammu and
Kashmir","03/2021
08/2021",53.49,
1133,"Jammu and
Kashmir","02/2021
03/2021",0.0,
1134,"Jammu and
Kashmir","03/2018
11/2018",0.0,
1135,"Jammu and
Kashmir","07/2020
10/2020",96.95,
1136,"Jammu and
Kashmir","03/2021
08/2021",50.05,
1137,"Jammu and
Kashmir","03/2021
07/2021",98.55,
1138,"Jammu and
Kashmir","03/2018
07/2019",0.0,
1139,"Jammu and
Kashmir","03/2018
01/2023",74.67,
1140,"Jammu and
Kashmir","10/2021
09/2022",89.37,
1141,"Jammu and
Kashmir","06/2022
06/2023",64.68,
1142,"Jammu and
Kashmir","09/2021
09/2022",94.14,
1143,"Jammu and
Kashmir","12/2022
11/2023",66.69,
1144,"Jammu and
Kashmir","03/2021
08/2021",87.5,
1145,"Jammu and
Kashmir","12/2024
05/2026",0.0,
1146,"Jammu and
Kashmir","07/2021
08/2022",28.9,
1147,"Jammu and
Kashmir","07/2021
02/2022",87.1,
1148,"Jammu and
Kashmir","07/2021
02/2022",42.8,
1149,"Jammu and
Kashmir","11/2022
12/2023",51.02,
1150,"Jammu and
Kashmir","11/2022
06/2023",83.87,
1151,"Jammu and
Kashmir","06/2022
12/2022",74.63,
1152,"Jammu and
Kashmir","03/2024
08/2024",64.0,
1153,"Jammu and
Kashmir","03/2021
08/2021",99.97,
1154,Jharkhand,"01/2022
01/2023",87.0,
1155,Jharkhand,"02/2022
01/2024",5.0,
1156,Jharkhand,"02/2020
08/2021",95.0,
1157,Jharkhand,"03/2022
08/2023",0.0,
1158,Jharkhand,"03/2023
11/2025",10.4,
1159,Jharkhand,"05/2022
01/2024",48.73,
1160,Jharkhand,"01/2025
02/2026",0.0,
1161,Jharkhand,"01/2025
09/2025",14.6,
1162,Jharkhand,"08/2024
02/2026",1.35,
1163,Jharkhand,"03/2020
04/2022",98.96,
1164,Jharkhand,"02/2022
06/2023",86.57,
1165,Jharkhand,"02/2022
06/2023",78.1,
1166,Jharkhand,"03/2023
05/2026",0.0,
1167,Jharkhand,"03/2024
09/2024",44.42,
1168,Jharkhand,"01/2025
12/2025",0.0,
1169,Jharkhand,"09/2020
10/2021",93.45,
1170,Jharkhand,"10/2022
11/2023",76.95,
1171,Jharkhand,"03/2023
10/2024",27.6,
1172,Jharkhand,"02/2024
01/2026",7.41,
1173,Jharkhand,"02/2017
11/2019",98.5,
1174,Jharkhand,"03/2022
05/2023",99.5,
1175,Jharkhand,"03/2018
12/2021",91.83,
1176,Jharkhand,"09/2022
12/2023",86.44,
1177,Jharkhand,"11/2024
01/2026",6.55,
1178,Jharkhand,"03/2023
01/2026",12.0,
1179,Karnataka,"08/2020
06/2021",65.0,
1180,Karnataka,"11/2022
07/2025",0.0,
1181,Karnataka,"03/2023
01/2026",0.0,
1182,Karnataka,"03/2022
02/2023",93.25,
1183,Karnataka,"03/2022
03/2023",83.0,
1184,Karnataka,"03/2019
05/2019",69.0,
1185,Karnataka,"03/2023
02/2026",6.0,
1186,Karnataka,"03/2022
02/2023",83.0,
1187,Karnataka,"03/2023
09/2024",64.33,
1188,Karnataka,"03/2022
08/2022",92.65,
1189,Karnataka,"02/2023
03/2024",85.0,
1190,Karnataka,"02/2023
06/2025",31.0,
1191,Karnataka,"01/2022
01/2023",81.62,
1192,Karnataka,"02/2022
11/2022",0.0,
1193,Karnataka,"01/2021
12/2021",98.0,
1194,Karnataka,"03/2023
07/2025",47.7,
1195,Karnataka,"03/2022
01/2023",96.0,
1196,Karnataka,"02/2023
09/2024",71.0,
1197,Karnataka,"01/2022
12/2022",88.33,
1198,Karnataka,"03/2019
12/2019",0.0,
1199,Karnataka,"01/2023
03/2024",65.0,
1200,Karnataka,"03/2023
04/2026",0.0,
1201,Karnataka,"02/2023
01/2025",60.21,
1202,Karnataka,"03/2023
05/2026",0.0,
1203,Karnataka,"01/2023
02/2024",65.0,
1204,Karnataka,"12/2022
08/2025",0.0,
1205,Karnataka,"01/2024
11/2025",0.0,
1206,Karnataka,"12/2021
03/2023",83.19,
1207,Karnataka,"01/2017
01/2018",98.87,
1208,Karnataka,"08/2020
04/2021",99.2,
1209,Karnataka,"02/2022
12/2022",77.72,
1210,Karnataka,"03/2023
11/2024",51.17,
1211,Karnataka,"01/2024
04/2025",20.45,
1212,Karnataka,"02/2024
03/2025",48.8,
1213,Karnataka,"02/2024
08/2024",36.4,
1214,Karnataka,"03/2018
01/2021",99.5,
1215,Karnataka,"12/2020
11/2021",94.21,
1216,Karnataka,"02/2018
05/2019",99.19,
1217,Karnataka,"11/2024
01/2026",7.29,
1218,Karnataka,"03/2023
05/2023",91.45,
1219,Karnataka,"03/2018
12/2020",94.06,
1220,Karnataka,"02/2023
04/2025",21.79,
1221,Karnataka,"02/2023
12/2025",9.85,
1222,Karnataka,"02/2023
04/2025",16.33,
1223,Karnataka,"01/2023
04/2025",15.84,
1224,Karnataka,"01/2019
10/2021",83.36,
1225,Karnataka,"03/2021
10/2022",70.41,
1226,Karnataka,"03/2021
08/2022",60.74,
1227,Karnataka,"02/2022
02/2023",94.89,
1228,Karnataka,"02/2020
02/2021",99.2,
1229,Karnataka,"07/2012
03/2014",97.8,
1230,Karnataka,"03/2023
11/2024",35.52,
1231,Karnataka,"02/2024
09/2025",10.35,
1232,Karnataka,"02/2024
06/2025",35.6,
1233,Karnataka,"12/2015
03/2017",97.8,
1234,Karnataka,"02/2018
12/2019",99.19,
1235,Karnataka,"07/2016
03/2017",99.65,
1236,Karnataka,"09/2021
03/2022",23.84,
1237,Karnataka,"03/2015
02/2016",100.0,
1238,Karnataka,"04/2016
08/2017",99.7,
1239,Karnataka,"03/2018
03/2019",72.77,
1240,Karnataka,"03/2022
04/2023",73.9,
1241,Karnataka,"04/2020
01/2021",82.34,
1242,Karnataka,"02/2018
10/2019",100.0,
1243,Karnataka,"02/2018
10/2019",99.97,
1244,Karnataka,"02/2018
03/2021",97.75,
1245,Kerala,"02/2017
08/2017",98.0,
1246,Kerala,"06/2020
10/2021",90.68,
1247,Kerala,"08/2020
11/2021",83.0,
1248,Kerala,"10/2020
10/2021",60.07,
1249,Kerala,"03/2020
12/2020",100.0,
1250,Kerala,"01/2021
01/2022",99.75,
1251,Kerala,"02/2021
01/2022",98.84,
1252,Kerala,"06/2021
09/2022",88.2,
1253,Kerala,"06/2021
09/2022",84.18,
1254,Kerala,"11/2021
10/2022",70.81,
1255,Kerala,"08/2022
02/2023",90.34,
1256,Kerala,"09/2021
03/2022",79.5,
1257,Kerala,"12/2021
08/2022",71.2,
1258,Kerala,"06/2021
04/2022",73.89,
1259,Kerala,"09/2022
06/2023",65.83,
1260,Kerala,"02/2018
02/2021",98.75,
1261,Kerala,"06/2020
10/2021",86.65,
1262,Kerala,"06/2021
10/2022",81.8,
1263,Kerala,"12/2021
07/2022",44.34,
1264,Ladakh,"03/2021
07/2021",90.59,
1265,Ladakh,"03/2021
07/2021",82.74,
1266,Ladakh,"03/2021
07/2021",75.38,
1267,Madhya Pradesh,"03/2024
02/2025",50.0,
1268,Madhya Pradesh,"03/2015
08/2015",94.5,
1269,Madhya Pradesh,"03/2022
01/2024",29.09,
1270,Madhya Pradesh,"01/2022
09/2023",93.68,
1271,Madhya Pradesh,"03/2022
05/2023",88.0,
1272,Madhya Pradesh,"03/2022
02/2023",64.71,
1273,Madhya Pradesh,"02/2024
12/2025",29.74,
1274,Madhya Pradesh,"03/2023
11/2024",53.0,
1275,Madhya Pradesh,"03/2023
11/2024",25.3,
1276,Madhya Pradesh,"03/2022
01/2024",88.0,
1277,Madhya Pradesh,"02/2024
03/2026",0.0,
1278,Madhya Pradesh,"03/2022
06/2023",67.0,
1279,Madhya Pradesh,"03/2022
10/2023",60.0,
1280,Madhya Pradesh,"12/2021
04/2023",78.0,
1281,Madhya Pradesh,"03/2023
12/2024",86.03,
1282,Madhya Pradesh,"02/2023
10/2024",72.1,
1283,Madhya Pradesh,"03/2023
12/2024",68.7,
1284,Madhya Pradesh,"03/2023
12/2024",13.11,
1285,Madhya Pradesh,"03/2023
03/2024",40.3,
1286,Madhya Pradesh,"03/2022
01/2024",47.29,
1287,Madhya Pradesh,"03/2025
01/2026",0.0,
1288,Madhya Pradesh,"08/2022
01/2023",79.72,
1289,Madhya Pradesh,"03/2022
01/2023",85.6,
1290,Madhya Pradesh,"01/2021
04/2022",90.5,
1291,Madhya Pradesh,"11/2022
02/2024",88.2,
1292,Madhya Pradesh,"12/2009
08/2010",99.93,
1293,Madhya Pradesh,"11/2022
10/2023",63.79,
1294,Madhya Pradesh,"03/2024
08/2024",93.93,
1295,Madhya Pradesh,"10/2024
11/2025",11.05,
1296,Madhya Pradesh,"10/2024
03/2026",6.18,
1297,Madhya Pradesh,"09/2022
12/2023",87.14,
1298,Madhya Pradesh,"02/2022
11/2022",91.5,
1299,Madhya Pradesh,"03/2021
04/2022",98.64,
1300,Madhya Pradesh,"08/2022
08/2024",93.31,
1301,Madhya Pradesh,"10/2024
10/2025",27.74,
1302,Madhya Pradesh,"03/2025
12/2025",8.51,
1303,Madhya Pradesh,"10/2024
11/2025",30.01,
1304,Madhya Pradesh,"11/2022
03/2024",75.61,
1305,Madhya Pradesh,"09/2022
03/2024",79.8,
1306,Madhya Pradesh,"08/2022
03/2024",76.1,
1307,Madhya Pradesh,"09/2022
03/2023",88.0,
1308,Madhya Pradesh,"10/2024
10/2025",26.95,
1309,Madhya Pradesh,"01/2022
11/2022",93.08,
1310,Madhya Pradesh,"01/2020
10/2021",98.21,
1311,Madhya Pradesh,"01/2021
07/2021",57.14,
1312,Madhya Pradesh,"12/2021
09/2022",99.0,
1313,Madhya Pradesh,"10/2022
09/2023",69.04,
1314,Madhya Pradesh,"08/2017
02/2018",100.0,
1315,Madhya Pradesh,"08/2023
04/2024",84.44,
1316,Madhya Pradesh,"02/2024
01/2026",19.78,
1317,Madhya Pradesh,"03/2024
03/2026",0.0,
1318,Madhya Pradesh,"03/2024
08/2025",22.4,
1319,Madhya Pradesh,"02/2024
03/2025",44.37,
1320,Madhya Pradesh,"03/2025
01/2026",10.3,
1321,Madhya Pradesh,"02/2024
08/2025",16.26,
1322,Madhya Pradesh,"03/2023
01/2026",0.0,
1323,Madhya Pradesh,"01/2020
08/2021",99.8,
1324,Madhya Pradesh,"01/2023
03/2024",40.25,
1325,Maharashtra,"03/2024
10/2025",8.24,
1326,Maharashtra,"03/2021
03/2022",95.0,
1327,Maharashtra,"03/2022
07/2023",70.14,
1328,Maharashtra,"02/2023
03/2024",100.0,
1329,Maharashtra,"07/2017
09/2017",95.84,
1330,Maharashtra,"11/2024
04/2026",0.0,
1331,Maharashtra,"12/2024
09/2025",10.0,
1332,Maharashtra,"09/2018
10/2018",98.37,
1333,Maharashtra,"03/2025
10/2025",58.14,
1334,Maharashtra,"03/2016
02/2018",97.5,
1335,Maharashtra,"03/2016
11/2017",80.06,
1336,Maharashtra,"03/2016
11/2017",90.14,
1337,Maharashtra,"06/2022
01/2023",80.0,
1338,Maharashtra,"03/2024
05/2025",78.2,
1339,Maharashtra,"03/2024
05/2025",65.57,
1340,Maharashtra,"03/2022
11/2023",42.78,
1341,Maharashtra,"03/2022
04/2023",95.88,
1342,Maharashtra,"03/2024
05/2025",79.44,
1343,Maharashtra,"03/2024
01/2025",95.0,
1344,Maharashtra,"02/2023
02/2024",34.15,
1345,Maharashtra,"03/2024
03/2025",58.42,
1346,Maharashtra,"03/2022
03/2024",37.0,
1347,Maharashtra,"09/2024
06/2025",27.0,
1348,Maharashtra,"03/2022
04/2023",65.14,
1349,Maharashtra,"02/2017
06/2017",97.25,
1350,Maharashtra,"03/2018
06/2018",86.3,
1351,Maharashtra,"02/2024
10/2024",87.0,
1352,Maharashtra,"01/2017
06/2017",91.89,
1353,Maharashtra,"03/2021
11/2022",93.75,
1354,Maharashtra,"03/2024
10/2024",100.0,
1355,Maharashtra,"03/2021
06/2022",65.0,
1356,Maharashtra,"02/2023
09/2024",79.87,
1357,Maharashtra,"03/2021
02/2022",91.0,
1358,Maharashtra,"03/2024
05/2025",56.55,
1359,Maharashtra,"03/2024
05/2025",49.75,
1360,Maharashtra,"03/2024
04/2025",43.46,
1361,Maharashtra,"03/2024
05/2025",15.0,
1362,Maharashtra,"01/2017
08/2017",96.19,
1363,Maharashtra,"01/2017
08/2017",98.08,
1364,Maharashtra,"03/2022
01/2023",68.93,
1365,Maharashtra,"03/2024
01/2025",73.05,
1366,Maharashtra,"03/2017
06/2017",82.0,
1367,Maharashtra,"02/2017
06/2017",83.93,
1368,Maharashtra,"03/2024
04/2025",100.0,
1369,Maharashtra,"03/2022
05/2023",93.46,
1370,Maharashtra,"03/2025
01/2026",21.6,
1371,Maharashtra,"03/2018
06/2018",95.29,
1372,Maharashtra,"02/2024
12/2024",72.0,
1373,Maharashtra,"03/2024
08/2024",93.01,
1374,Maharashtra,"03/2018
06/2018",89.08,
1375,Maharashtra,"03/2023
01/2024",98.0,
1376,Maharashtra,"02/2023
11/2023",99.75,
1377,Maharashtra,"03/2018
01/2022",93.07,
1378,Maharashtra,"02/2023
07/2024",52.5,
1379,Maharashtra,"06/2020
05/2022",99.76,
1380,Maharashtra,"06/2020
02/2022",90.86,
1381,Maharashtra,"05/2021
11/2022",97.7,
1382,Maharashtra,"05/2021
11/2022",91.5,
1383,Maharashtra,"06/2021
11/2022",90.7,
1384,Maharashtra,"09/2021
01/2023",85.79,
1385,Maharashtra,"01/2025
06/2025",18.85,
1386,Maharashtra,"11/2017
02/2019",87.5,
1387,Maharashtra,"12/2021
01/2023",45.47,
1388,Maharashtra,"12/2021
12/2022",73.96,
1389,Maharashtra,"03/2023
07/2023",83.0,
1390,Maharashtra,"02/2024
10/2024",36.5,
1391,Maharashtra,"03/2025
06/2025",76.0,
1392,Maharashtra,"02/2021
11/2021",99.79,
1393,Maharashtra,"12/2022
03/2023",96.89,
1394,Maharashtra,"12/2023
10/2024",63.13,
1395,Maharashtra,"01/2025
07/2025",26.37,
1396,Maharashtra,"08/2022
11/2023",48.0,
1397,Maharashtra,"06/2016
01/2019",98.84,
1398,Maharashtra,"03/2018
03/2019",100.0,
1399,Maharashtra,"03/2018
03/2019",96.22,
1400,Maharashtra,"02/2021
01/2022",97.69,
1401,Maharashtra,"03/2025
06/2025",38.51,
1402,Maharashtra,"10/2024
04/2025",43.61,
1403,Maharashtra,"02/2022
05/2023",79.98,
1404,Maharashtra,"02/2022
05/2023",67.57,
1405,Maharashtra,"02/2021
10/2021",81.54,
1406,Maharashtra,"02/2025
07/2025",34.05,
1407,Maharashtra,"03/2025
01/2026",51.0,
1408,Maharashtra,"02/2021
03/2022",83.19,
1409,Maharashtra,"09/2009
10/2010",99.05,
1410,Maharashtra,"06/2022
11/2022",81.63,
1411,Maharashtra,"02/2022
11/2022",93.75,
1412,Maharashtra,"01/2021
09/2021",86.2,
1413,Maharashtra,"08/2020
03/2022",99.38,
1414,Maharashtra,"03/2018
01/2019",80.78,
1415,Maharashtra,"10/2021
05/2022",98.52,
1416,Maharashtra,"01/2021
09/2021",97.4,
1417,Manipur,"03/2021
07/2021",91.76,
1418,Manipur,"09/2020
12/2024",56.16,
1419,Manipur,"09/2020
10/2020",91.31,
1420,Manipur,"09/2020
02/2025",48.16,
1421,Manipur,"03/2020
07/2020",97.12,
1422,Manipur,"03/2020
07/2020",88.85,
1423,Manipur,"03/2023
12/2024",23.56,
1424,Manipur,"03/2023
12/2024",22.55,
1425,Manipur,"03/2023
05/2025",14.08,
1426,Manipur,"01/2023
12/2023",91.32,
1427,Manipur,"12/2021
02/2023",95.2,
1428,Manipur,"12/2021
11/2022",89.95,
1429,Manipur,"09/2021
06/2022",85.89,
1430,Manipur,"03/2021
09/2021",86.33,
1431,Manipur,"03/2021
03/2025",90.72,
1432,Manipur,"03/2021
08/2021",83.6,
1433,Manipur,"06/2020
08/2020",87.28,
1434,Manipur,"04/2020
07/2020",100.0,
1435,Manipur,"04/2020
07/2020",100.0,
1436,Manipur,"06/2020
11/2025",4.45,
1437,Manipur,"04/2020
08/2025",22.5,
1438,Manipur,"07/2021
09/2021",95.28,
1439,Manipur,"03/2021
06/2021",100.0,
1440,Manipur,"09/2021
11/2021",84.87,
1441,Manipur,"09/2021
11/2021",86.73,
1442,Manipur,"03/2023
03/2024",80.02,
1443,Manipur,"09/2021
07/2023",91.11,
1444,Manipur,"09/2021
08/2022",97.0,
1445,Manipur,"02/2021
06/2021",100.0,
1446,Manipur,"02/2021
06/2021",74.58,
1447,Meghalaya,"08/2020
02/2022",99.1,
1448,Meghalaya,"12/2023
05/2025",2.5,
1449,Meghalaya,"03/2023
09/2025",24.74,
1450,Meghalaya,"03/2023
03/2025",42.09,
1451,Meghalaya,"07/2020
05/2024",41.42,
1452,Meghalaya,"07/2020
04/2024",50.8,
1453,Meghalaya,"07/2020
02/2024",50.66,
1454,Meghalaya,"07/2020
10/2023",98.72,
1455,Meghalaya,"09/2021
05/2022",80.49,
1456,Meghalaya,"03/2023
09/2024",51.47,
1457,Meghalaya,"03/2023
09/2024",47.05,
1458,Meghalaya,"03/2023
09/2024",70.82,
1459,Mizoram,"12/2021
07/2025",17.86,
1460,Mizoram,"12/2021
07/2025",17.12,
1461,Mizoram,"11/2021
07/2025",11.86,
1462,Mizoram,"12/2021
07/2025",6.72,
1463,Mizoram,"02/2024
10/2025",18.9,
1464,Mizoram,"02/2024
11/2025",13.95,
1465,Mizoram,"01/2024
12/2025",0.0,
1466,Mizoram,"02/2023
10/2025",15.1,
1467,Mizoram,"09/2021
09/2023",95.31,
1468,Mizoram,"03/2020
07/2020",0.0,
1469,Mizoram,"03/2020
07/2020",0.0,
1470,Mizoram,"03/2021
06/2021",64.78,
1471,Mizoram,"06/2021
07/2021",61.34,
1472,Mizoram,"09/2019
10/2019",95.35,
1473,Mizoram,"09/2019
10/2019",97.51,
1474,Mizoram,"09/2019
12/2019",98.73,
1475,Mizoram,"09/2019
10/2020",100.0,
1476,Mizoram,"09/2019
03/2020",99.82,
1477,Mizoram,"09/2019
10/2019",99.88,
1478,Mizoram,"02/2023
12/2024",4.71,
1479,Mizoram,"12/2021
11/2023",75.35,
1480,Mizoram,"10/2025
05/2026",0.0,
1481,"Multi-States
(Andhra Pradesh,
Karnataka)","12/2020
10/2022",98.92,
1482,"Multi-States
(Andhra Pradesh,
Odisha)","02/2021
03/2022",99.63,
1483,"Multi-States
(Andhra Pradesh,
Tamil Nadu)","10/2020
05/2022",99.02,
1484,"Multi-States
(Andhra Pradesh,
Tamil Nadu)","03/2021
01/2023",98.89,
1485,"Multi-States
(Andhra Pradesh,
Tamil Nadu)","12/2024
09/2025",11.03,
1486,"Multi-States
(Andhra Pradesh,
Tamil Nadu)","02/2021
12/2022",99.19,
1487,"Multi-States
(Andhra Pradesh,
Tamil Nadu)","02/2021
10/2023",98.42,
1488,"Multi-States
(Andhra Pradesh,
Tamil Nadu)","12/2017
03/2018",100.0,
1489,"Multi-States
(Andhra Pradesh,
Telangana)","01/2021
09/2022",98.82,
1490,"Multi-States
(Andhra Pradesh,
Telangana)","03/2023
05/2025",3.0,
1491,"Multi-States
(Andhra Pradesh,
Telangana)","03/2023
03/2025",22.58,
1492,"Multi-States
(Andhra Pradesh,
Telangana)","01/2022
01/2023",68.53,
1493,"Multi-States
(Arunachal
Pradesh, Assam)","03/2023
09/2024",96.7,
1494,"Multi-States
(Bihar, Jharkhand)","02/2021
12/2024",23.69,
1495,"Multi-States
(Bihar, Jharkhand)","06/2021
03/2022",97.92,
1496,"Multi-States
(Bihar, Jharkhand)","03/2023
07/2025",22.31,
1497,"Multi-States
(Bihar, Jharkhand)","03/2023
05/2026",0.0,
1498,"Multi-States
(Bihar, Jharkhand)","09/2020
03/2022",91.3,
1499,"Multi-States
(Bihar, Jharkhand)","10/2016
11/2020",85.96,
1500,"Multi-States
(Bihar, Jharkhand)","12/2017
06/2019",78.0,
1501,"Multi-States
(Bihar, Jharkhand)","02/2021
08/2022",91.84,
1502,"Multi-States
(Bihar, Uttar
Pradesh)","02/2009
09/2011",99.75,
1503,"Multi-States
(Bihar, Uttar
Pradesh)","03/2023
11/2024",41.88,
1504,"Multi-States
(Bihar, Uttar
Pradesh)","03/2024
08/2025",17.62,
1505,"Multi-States
(Bihar, Uttar
Pradesh)","10/2022
08/2023",84.5,
1506,"Multi-States
(Bihar, West
Bengal)","01/2025
12/2025",12.42,
1507,"Multi-States
(Chhattisgarh,
Odisha)","02/2021
03/2022",99.95,
1508,"Multi-States
(Dadra & Nagar
Haveli and Daman
& Diu, Gujarat,
Maharashtra)","10/2020
03/2022",36.23,
1509,"Multi-States (Delhi,
Haryana)","01/2018
11/2018",100.0,
1510,"Multi-States (Delhi,
Uttar Pradesh)","09/2020
06/2022",100.0,
1511,"Multi-States (Goa,
Karnataka)","01/2022
11/2022",82.45,
1512,"Multi-States
(Gujarat,
Maharashtra)","12/2019
09/2020",97.66,
1513,"Multi-States
(Haryana, Punjab)","01/2021
05/2022",98.7,
1514,"Multi-States
(Haryana, Punjab)","11/2021
12/2022",98.0,
1515,"Multi-States
(Haryana, Punjab)","10/2022
06/2023",100.0,
1516,"Multi-States
(Haryana, Punjab)","02/2023
12/2023",72.7,
1517,"Multi-States
(Haryana, Punjab)","03/2022
10/2023",84.83,
1518,"Multi-States
(Haryana, Punjab)","05/2022
05/2023",74.98,
1519,"Multi-States
(Haryana,
Rajasthan)","08/2022
12/2022",88.9,
1520,"Multi-States
(Haryana, Uttar
Pradesh)","03/2024
08/2025",10.95,
1521,"Multi-States
(Haryana, Uttar
Pradesh)","06/2022
05/2023",78.5,
1522,"Multi-States
(Haryana, Uttar
Pradesh)","07/2022
06/2023",69.77,
1523,"Multi-States
(Himachal
Pradesh, Punjab)","03/2023
05/2025",25.73,
1524,"Multi-States
(Himachal
Pradesh,
Uttarakhand)","03/2022
05/2023",94.25,
1525,"Multi-States
(Jammu and
Kashmir, Punjab)","10/2021
09/2022",83.6,
1526,"Multi-States
(Jharkhand, Uttar
Pradesh)","03/2022
09/2023",92.02,
1527,"Multi-States
(Jharkhand, West
Bengal)","08/2010
04/2014",100.0,
1528,"Multi-States
(Jharkhand, West
Bengal)","03/2023
09/2025",20.43,
1529,"Multi-States
(Jharkhand, West
Bengal)","03/2018
12/2019",97.4,
1530,"Multi-States
(Jharkhand, West
Bengal)","02/2025
02/2026",4.44,
1531,"Multi-States
(Jharkhand, West
Bengal)","03/2016
12/2017",99.84,
1532,"Multi-States
(Karnataka,
Kerala)","05/2020
11/2021",100.0,
1533,"Multi-States
(Karnataka,
Maharashtra)","11/2021
10/2022",100.0,
1534,"Multi-States
(Karnataka,
Maharashtra)","01/2022
10/2022",84.3,
1535,"Multi-States
(Karnataka,
Maharashtra)","03/2023
10/2024",49.35,
1536,"Multi-States
(Karnataka, Tamil
Nadu)","03/2022
05/2023",88.75,
1537,"Multi-States
(Karnataka, Tamil
Nadu)","10/2021
10/2022",78.7,
1538,"Multi-States
(Karnataka,
Telangana)","03/2022
11/2022",99.51,
1539,"Multi-States
(Karnataka,
Telangana)","02/2022
01/2023",91.47,
1540,"Multi-States
(Kerala,
Puducherry)","09/2017
12/2017",100.0,
1541,"Multi-States
(Madhya Pradesh,
Maharashtra)","12/2022
03/2024",64.0,
1542,"Multi-States
(Madhya Pradesh,
Uttar Pradesh)","02/2023
03/2024",96.25,
1543,"Multi-States
(Madhya Pradesh,
Uttar Pradesh)","10/2024
09/2025",33.27,
1544,"Multi-States
(Maharashtra,
Telangana)","03/2018
04/2019",96.02,
1545,"Multi-States
(Maharashtra,
Telangana)","03/2022
10/2022",100.0,
1546,"Multi-States
(Maharashtra,
Telangana)","03/2022
03/2024",70.02,
1547,"Multi-States
(Puducherry, Tamil
Nadu)","03/2018
11/2021",98.32,
1548,"Multi-States
(Puducherry, Tamil
Nadu)","03/2018
11/2021",98.75,
1549,"Multi-States
(Puducherry, Tamil
Nadu)","03/2018
10/2020",84.2,
1550,"Multi-States
(Rajasthan, Uttar
Pradesh)","03/2024
04/2025",100.0,
1551,"Multi-States (Uttar
Pradesh,
Uttarakhand)","04/2022
11/2022",99.29,
1552,"Multi-States (Uttar
Pradesh,
Uttarakhand)","01/2023
03/2024",40.0,
1553,"Multi-States (Uttar
Pradesh,
Uttarakhand)","04/2025
10/2025",16.4,
1554,"Multi-States (Uttar
Pradesh,
Uttarakhand)","03/2023
01/2024",99.1,
1555,"Multi-States (Uttar
Pradesh,
Uttarakhand)","02/2023
03/2024",50.11,
1556,"Multi-States (Uttar
Pradesh,
Uttarakhand)","11/2021
02/2023",91.6,
1557,"Multi-States (Uttar
Pradesh,
Uttarakhand)","12/2015
01/2018",97.64,
1558,Nagaland,"06/2020
06/2024",44.46,
1559,Nagaland,"02/2021
06/2023",0.0,
1560,Nagaland,"03/2021
07/2022",100.0,
1561,Nagaland,"07/2020
10/2020",45.55,
1562,Nagaland,"07/2020
06/2023",37.38,
1563,Nagaland,"07/2020
10/2020",69.82,
1564,Nagaland,"07/2020
11/2023",25.61,
1565,Nagaland,"03/2020
11/2023",93.04,
1566,Nagaland,"03/2020
01/2024",43.13,
1567,Nagaland,"03/2016
09/2023",82.59,
1568,Nagaland,"02/2017
09/2017",0.0,
1569,Nagaland,"12/2022
08/2023",87.0,
1570,Nagaland,"12/2022
08/2023",85.67,
1571,Nagaland,"12/2022
08/2023",58.5,
1572,Nagaland,"02/2021
06/2023",93.37,
1573,Nagaland,"01/2021
09/2023",96.53,
1574,Nagaland,"03/2021
09/2023",99.5,
1575,Nagaland,"03/2018
08/2023",100.0,
1576,Nagaland,"03/2018
09/2023",75.05,
1577,Odisha,"03/2023
04/2025",0.0,
1578,Odisha,"03/2022
02/2024",56.11,
1579,Odisha,"03/2023
12/2024",35.0,
1580,Odisha,"02/2022
04/2023",55.0,
1581,Odisha,"12/2021
05/2023",70.09,
1582,Odisha,"01/2022
06/2025",3.0,
1583,Odisha,"03/2022
06/2023",60.65,
1584,Odisha,"09/2021
01/2025",23.0,
1585,Odisha,"02/2023
05/2025",25.0,
1586,Odisha,"01/2022
05/2023",100.0,
1587,Odisha,"02/2022
05/2023",82.0,
1588,Odisha,"03/2021
03/2022",75.0,
1589,Odisha,"11/2021
06/2023",72.0,
1590,Odisha,"03/2022
02/2024",60.0,
1591,Odisha,"03/2023
04/2025",15.0,
1592,Odisha,"03/2022
10/2024",32.0,
1593,Odisha,"11/2014
03/2019",91.32,
1594,Odisha,"03/2024
06/2024",50.87,
1595,Odisha,"09/2023
11/2024",22.85,
1596,Odisha,"03/2025
05/2025",9.8,
1597,Odisha,"09/2021
05/2022",95.59,
1598,Odisha,"08/2021
06/2022",99.04,
1599,Odisha,"12/2021
10/2022",99.9,
1600,Odisha,"09/2023
06/2024",99.99,
1601,Odisha,"12/2024
02/2026",2.0,
1602,Odisha,"09/2020
03/2021",99.0,
1603,Odisha,"03/2023
12/2023",91.0,
1604,Odisha,"03/2023
12/2023",91.0,
1605,Odisha,"03/2023
12/2023",92.3,
1606,Odisha,"04/2022
08/2022",38.0,
1607,Odisha,"10/2017
12/2018",96.52,
1608,Odisha,"01/2009
12/2011",97.48,
1609,Odisha,"03/2021
04/2022",99.7,
1610,Odisha,"09/2016
03/2017",99.98,
1611,Odisha,"10/2017
01/2018",99.0,
1612,Odisha,"01/2018
02/2019",99.0,
1613,Odisha,"01/2018
02/2020",86.0,
1614,Odisha,"03/2023
11/2024",32.0,
1615,Odisha,"02/2021
03/2022",99.95,
1616,Odisha,"10/2017
03/2018",99.66,
1617,Punjab,"03/2023
05/2025",45.0,
1618,Punjab,"03/2022
10/2023",100.0,
1619,Punjab,"03/2021
10/2023",83.0,
1620,Punjab,"12/2020
07/2022",95.8,
1621,Punjab,"12/2020
03/2023",31.08,
1622,Punjab,"12/2020
07/2022",73.32,
1623,Punjab,"12/2020
07/2022",62.99,
1624,Punjab,"03/2021
11/2022",43.45,
1625,Punjab,"03/2021
01/2024",27.05,
1626,Punjab,"12/2021
04/2023",32.69,
1627,Punjab,"11/2024
07/2025",28.0,
1628,Punjab,"03/2021
01/2023",50.56,
1629,Punjab,"05/2020
08/2023",99.0,
1630,Punjab,"03/2021
11/2022",71.02,
1631,Punjab,"03/2021
06/2024",72.0,
1632,Punjab,"06/2021
09/2023",81.5,
1633,Punjab,"05/2020
12/2022",76.0,
1634,Punjab,"03/2022
05/2023",88.82,
1635,Punjab,"07/2021
02/2023",78.6,
1636,Punjab,"11/2022
03/2025",16.8,
1637,Punjab,"03/2023
04/2024",60.0,
1638,Punjab,"12/2020
03/2022",96.0,
1639,Punjab,"02/2021
08/2022",82.06,
1640,Punjab,"08/2021
06/2023",66.9,
1641,Punjab,"10/2021
06/2023",79.39,
1642,Punjab,"12/2020
06/2022",67.9,
1643,Punjab,"03/2021
06/2024",64.41,
1644,Punjab,"07/2021
09/2025",23.18,
1645,Punjab,"03/2021
11/2022",33.07,
1646,Punjab,"05/2021
12/2022",15.31,
1647,Rajasthan,"12/2020
10/2021",99.0,
1648,Rajasthan,"03/2022
02/2023",100.0,
1649,Rajasthan,"12/2021
09/2022",99.0,
1650,Rajasthan,"01/2022
12/2022",98.58,
1651,Rajasthan,"12/2021
05/2022",91.04,
1652,Rajasthan,"03/2022
10/2024",68.0,
1653,Rajasthan,"02/2023
10/2024",55.23,
1654,Rajasthan,"02/2022
09/2023",0.0,
1655,Rajasthan,"02/2024
11/2024",23.0,
1656,Rajasthan,"03/2022
02/2023",100.0,
1657,Rajasthan,"03/2022
10/2023",48.2,
1658,Rajasthan,"01/2025
06/2025",44.03,
1659,Rajasthan,"11/2019
05/2021",99.8,
1660,Rajasthan,"11/2019
05/2021",95.25,
1661,Rajasthan,"07/2020
07/2021",95.08,
1662,Rajasthan,"02/2019
06/2021",100.0,
1663,Rajasthan,"10/2019
08/2021",100.0,
1664,Rajasthan,"10/2019
07/2021",99.2,
1665,Rajasthan,"09/2022
03/2024",37.27,
1666,Rajasthan,"09/2022
09/2024",39.33,
1667,Rajasthan,"02/2018
04/2019",100.0,
1668,Rajasthan,"03/2025
12/2025",18.44,
1669,Rajasthan,"11/2021
08/2022",99.0,
1670,Rajasthan,"01/2024
07/2024",82.61,
1671,Rajasthan,"03/2022
11/2022",100.0,
1672,Rajasthan,"03/2025
03/2026",0.0,
1673,Sikkim,"10/2021
05/2022",90.0,
1674,Sikkim,"03/2018
01/2023",86.04,
1675,Sikkim,"01/2021
04/2021",100.0,
1676,Sikkim,"10/2020
05/2021",78.83,
1677,Sikkim,"01/2021
02/2021",81.89,
1678,Sikkim,"10/2020
12/2020",63.25,
1679,Sikkim,"07/2020
10/2020",83.74,
1680,Sikkim,"07/2020
10/2020",65.12,
1681,Tamil Nadu,"03/2022
09/2024",94.0,
1682,Tamil Nadu,"01/2021
07/2022",93.04,
1683,Tamil Nadu,"12/2020
08/2022",53.56,
1684,Tamil Nadu,"05/2023
02/2024",35.81,
1685,Tamil Nadu,"02/2021
07/2022",88.14,
1686,Tamil Nadu,"08/2018
02/2019",93.55,
1687,Tamil Nadu,"06/2024
01/2025",35.05,
1688,Tamil Nadu,"03/2024
03/2025",41.45,
1689,Tamil Nadu,"06/2005
07/2006",100.0,
1690,Tamil Nadu,"12/2018
03/2020",98.55,
1691,Tamil Nadu,"11/2022
08/2023",78.41,
1692,Tamil Nadu,"02/2021
01/2023",39.38,
1693,Tamil Nadu,"12/2006
07/2007",100.0,
1694,Tamil Nadu,"03/2022
02/2023",95.41,
1695,Tamil Nadu,"02/2022
04/2023",99.99,
1696,Tamil Nadu,"12/2018
03/2020",94.85,
1697,Tamil Nadu,"11/2009
04/2010",100.0,
1698,Tamil Nadu,"03/2023
11/2023",18.13,
1699,Tamil Nadu,"03/2023
11/2023",22.8,
1700,Tamil Nadu,"03/2018
01/2022",99.8,
1701,Tamil Nadu,"12/2006
01/2008",100.0,
1702,Tamil Nadu,"01/2019
12/2020",95.52,
1703,Tamil Nadu,"01/2019
01/2021",92.0,
1704,Tamil Nadu,"03/2017
08/2018",100.0,
1705,Tamil Nadu,"01/2025
06/2025",29.72,
1706,Tamil Nadu,"02/2018
04/2019",100.0,
1707,Tamil Nadu,"12/2006
01/2008",100.0,
1708,Tamil Nadu,"03/2023
11/2023",8.58,
1709,Tamil Nadu,"12/2009
06/2011",99.99,
1710,Tamil Nadu,"06/2005
08/2006",100.0,
1711,Tamil Nadu,"08/2005
10/2006",100.0,
1712,Tamil Nadu,"10/2009
09/2010",100.0,
1713,Tamil Nadu,"02/2019
12/2021",77.57,
1714,Tamil Nadu,"02/2019
05/2022",58.65,
1715,Tamil Nadu,"02/2019
12/2023",53.41,
1716,Tamil Nadu,"03/2018
11/2018",99.75,
1717,Tamil Nadu,"03/2023
11/2023",17.24,
1718,Tamil Nadu,"07/2025
05/2026",0.0,
1719,Tamil Nadu,"03/2024
12/2024",37.27,
1720,Tamil Nadu,"03/2022
09/2022",97.92,
1721,Telangana,"01/2018
05/2018",92.62,
1722,Telangana,"10/2016
03/2017",100.0,
1723,Telangana,"03/2023
07/2024",37.5,
1724,Telangana,"03/2021
07/2022",81.79,
1725,Telangana,"03/2018
07/2018",52.32,
1726,Telangana,"03/2017
05/2017",99.92,
1727,Telangana,"01/2018
06/2018",0.0,
1728,Telangana,"03/2021
07/2022",88.0,
1729,Telangana,"03/2018
09/2018",98.14,
1730,Telangana,"02/2018
05/2018",97.74,
1731,Telangana,"02/2018
06/2018",88.22,
1732,Telangana,"01/2017
05/2017",99.2,
1733,Telangana,"10/2016
02/2017",95.6,
1734,Telangana,"05/2018
06/2021",92.1,
1735,Telangana,"03/2018
06/2018",96.0,
1736,Telangana,"06/2017
11/2017",99.9,
1737,Telangana,"03/2022
02/2024",41.97,
1738,Telangana,"03/2022
07/2023",86.74,
1739,Telangana,"03/2022
10/2023",30.8,
1740,Telangana,"01/2022
01/2023",90.69,
1741,Telangana,"10/2022
05/2024",76.02,
1742,Telangana,"02/2018
06/2018",98.57,
1743,Telangana,"10/2022
02/2025",9.22,
1744,Telangana,"01/2022
12/2022",77.34,
1745,Telangana,"01/2017
05/2017",99.96,
1746,Telangana,"03/2017
11/2017",92.74,
1747,Telangana,"10/2022
07/2024",64.11,
1748,Telangana,"10/2022
08/2024",66.04,
1749,Telangana,"01/2022
12/2022",94.01,
1750,Telangana,"03/2022
03/2023",98.6,
1751,Telangana,"01/2022
12/2022",85.0,
1752,Telangana,"01/2022
01/2023",74.06,
1753,Telangana,"03/2022
01/2023",35.96,
1754,Telangana,"12/2021
08/2022",50.5,
1755,Telangana,"03/2022
03/2023",17.05,
1756,Telangana,"01/2021
10/2022",96.4,
1757,Telangana,"03/2022
07/2023",92.4,
1758,Telangana,"03/2023
06/2025",0.0,
1759,Telangana,"01/2023
06/2025",6.33,
1760,Telangana,"03/2023
12/2024",9.2,
1761,Telangana,"03/2023
04/2024",70.76,
1762,Telangana,"03/2023
07/2025",6.46,
1763,Telangana,"03/2023
03/2025",43.1,
1764,Telangana,"10/2021
11/2024",20.4,
1765,Telangana,"01/2021
01/2022",99.98,
1766,Telangana,"11/2022
05/2026",0.0,
1767,Telangana,"01/2021
09/2022",98.02,
1768,Telangana,"11/2013
03/2014",100.0,
1769,Telangana,"01/2015
02/2015",82.76,
1770,Telangana,"10/2024
10/2025",47.2,
1771,Tripura,"12/2023
09/2024",43.8,
1772,Tripura,"01/2024
12/2024",8.95,
1773,Tripura,"01/2024
09/2024",14.1,
1774,Tripura,"01/2024
09/2024",60.05,
1775,Tripura,"01/2024
07/2024",58.12,
1776,Tripura,"02/2020
09/2024",41.9,
1777,Tripura,"02/2020
07/2020",0.0,
1778,Tripura,"01/2023
05/2023",70.13,
1779,Tripura,"03/2023
03/2024",9.2,
1780,Uttar Pradesh,"02/2023
03/2024",91.85,
1781,Uttar Pradesh,"01/2022
01/2025",33.0,
1782,Uttar Pradesh,"12/2022
11/2024",26.0,
1783,Uttar Pradesh,"03/2021
03/2022",100.0,
1784,Uttar Pradesh,"12/2019
10/2020",95.0,
1785,Uttar Pradesh,"12/2022
08/2024",52.0,
1786,Uttar Pradesh,"10/2022
01/2024",73.0,
1787,Uttar Pradesh,"01/2022
03/2024",56.0,
1788,Uttar Pradesh,"10/2022
11/2023",50.0,
1789,Uttar Pradesh,"03/2020
03/2023",92.0,
1790,Uttar Pradesh,"12/2022
02/2025",44.0,
1791,Uttar Pradesh,"05/2023
11/2025",5.0,
1792,Uttar Pradesh,"12/2021
02/2024",71.0,
1793,Uttar Pradesh,"03/2023
02/2024",52.0,
1794,Uttar Pradesh,"03/2021
11/2022",94.0,
1795,Uttar Pradesh,"11/2021
11/2022",0.0,
1796,Uttar Pradesh,"08/2021
12/2023",94.0,
1797,Uttar Pradesh,"03/2022
05/2025",4.0,
1798,Uttar Pradesh,"03/2022
05/2025",39.0,
1799,Uttar Pradesh,"03/2023
02/2026",2.0,
1800,Uttar Pradesh,"11/2022
01/2026",34.5,
1801,Uttar Pradesh,"01/2022
02/2024",65.0,
1802,Uttar Pradesh,"05/2023
01/2026",12.0,
1803,Uttar Pradesh,"03/2023
06/2024",59.0,
1804,Uttar Pradesh,"03/2022
06/2024",86.0,
1805,Uttar Pradesh,"01/2022
02/2024",100.0,
1806,Uttar Pradesh,"01/2022
10/2023",100.0,
1807,Uttar Pradesh,"03/2021
08/2022",93.0,
1808,Uttar Pradesh,"03/2022
01/2024",56.0,
1809,Uttar Pradesh,"03/2022
11/2023",96.79,
1810,Uttar Pradesh,"05/2023
10/2025",6.0,
1811,Uttar Pradesh,"04/2020
08/2022",100.0,
1812,Uttar Pradesh,"07/2018
02/2021",88.9,
1813,Uttar Pradesh,"04/2020
09/2022",100.0,
1814,Uttar Pradesh,"12/2022
06/2025",30.0,
1815,Uttar Pradesh,"03/2022
05/2025",51.0,
1816,Uttar Pradesh,"03/2024
01/2026",3.0,
1817,Uttar Pradesh,"05/2023
01/2026",14.0,
1818,Uttar Pradesh,"03/2023
03/2025",34.0,
1819,Uttar Pradesh,"01/2022
11/2024",56.0,
1820,Uttar Pradesh,"03/2022
11/2025",30.04,
1821,Uttar Pradesh,"03/2023
08/2025",10.0,
1822,Uttar Pradesh,"03/2023
01/2025",81.18,
1823,Uttar Pradesh,"05/2023
12/2025",30.0,
1824,Uttar Pradesh,"04/2020
07/2022",91.0,
1825,Uttar Pradesh,"04/2020
11/2022",99.0,
1826,Uttar Pradesh,"03/2023
05/2026",0.0,
1827,Uttar Pradesh,"12/2021
11/2022",99.8,
1828,Uttar Pradesh,"12/2021
02/2023",94.14,
1829,Uttar Pradesh,"09/2021
03/2022",76.0,
1830,Uttar Pradesh,"12/2017
02/2019",95.37,
1831,Uttar Pradesh,"02/2023
12/2024",34.76,
1832,Uttar Pradesh,"01/2023
12/2023",57.81,
1833,Uttar Pradesh,"09/2023
01/2025",28.12,
1834,Uttar Pradesh,"08/2024
03/2025",14.5,
1835,Uttar Pradesh,"08/2024
11/2025",45.52,
1836,Uttar Pradesh,"01/2022
02/2023",100.0,
1837,Uttar Pradesh,"07/2022
03/2023",93.8,
1838,Uttar Pradesh,"03/2023
09/2023",81.85,
1839,Uttar Pradesh,"02/2023
01/2024",71.98,
1840,Uttar Pradesh,"08/2024
07/2025",30.14,
1841,Uttar Pradesh,"08/2024
03/2025",38.23,
1842,Uttar Pradesh,"10/2022
02/2025",53.75,
1843,Uttar Pradesh,"03/2024
03/2025",16.75,
1844,Uttar Pradesh,"03/2018
02/2019",100.0,
1845,Uttar Pradesh,"09/2020
05/2021",100.0,
1846,Uttar Pradesh,"06/2022
05/2023",58.9,
1847,Uttar Pradesh,"10/2021
02/2023",96.22,
1848,Uttar Pradesh,"06/2024
03/2026",0.64,
1849,Uttar Pradesh,"10/2021
10/2022",74.23,
1850,Uttar Pradesh,"02/2023
03/2024",62.0,
1851,Uttar Pradesh,"12/2021
03/2023",89.0,
1852,Uttar Pradesh,"02/2025
09/2025",15.05,
1853,Uttar Pradesh,"02/2025
09/2025",6.7,
1854,Uttar Pradesh,"02/2021
01/2022",97.2,
1855,Uttar Pradesh,"03/2022
02/2023",99.2,
1856,Uttar Pradesh,"09/2022
11/2023",63.51,
1857,Uttar Pradesh,"09/2022
01/2024",66.35,
1858,Uttar Pradesh,"09/2021
10/2022",99.33,
1859,Uttar Pradesh,"01/2022
03/2023",100.0,
1860,Uttar Pradesh,"12/2021
01/2023",99.99,
1861,Uttar Pradesh,"12/2024
11/2025",22.0,
1862,Uttar Pradesh,"03/2023
05/2025",32.95,
1863,Uttar Pradesh,"03/2023
06/2024",68.4,
1864,Uttar Pradesh,"12/2024
12/2025",13.0,
1865,Uttar Pradesh,"10/2022
07/2023",100.0,
1866,Uttar Pradesh,"10/2022
10/2023",96.29,
1867,Uttar Pradesh,"10/2022
06/2023",91.1,
1868,Uttar Pradesh,"04/2015
04/2017",97.35,
1869,Uttar Pradesh,"12/2021
05/2023",63.79,
1870,Uttar Pradesh,"03/2023
05/2024",66.81,
1871,Uttar Pradesh,"10/2021
03/2024",55.9,
1872,Uttar Pradesh,"02/2021
11/2021",99.01,
1873,Uttar Pradesh,"10/2022
03/2024",49.64,
1874,Uttar Pradesh,"11/2022
09/2023",79.96,
1875,Uttar Pradesh,"08/2023
12/2023",100.0,
1876,Uttar Pradesh,"08/2023
12/2023",42.76,
1877,Uttar Pradesh,"02/2025
12/2025",9.18,
1878,Uttar Pradesh,"03/2021
09/2022",97.5,
1879,Uttar Pradesh,"03/2021
09/2022",92.89,
1880,Uttar Pradesh,"01/2022
12/2022",100.0,
1881,Uttar Pradesh,"03/2021
09/2022",99.11,
1882,Uttar Pradesh,"03/2025
05/2026",1.5,
1883,Uttar Pradesh,"11/2020
10/2021",98.92,
1884,Uttarakhand,"01/2023
02/2024",99.0,
1885,Uttarakhand,"11/2022
06/2023",98.5,
1886,Uttarakhand,"02/2025
01/2026",8.0,
1887,Uttarakhand,"02/2018
05/2018",73.5,
1888,Uttarakhand,"02/2021
01/2023",99.0,
1889,Uttarakhand,"03/2017
02/2018",95.0,
1890,Uttarakhand,"10/2016
06/2017",100.0,
1891,Uttarakhand,"05/2025
10/2025",23.38,
1892,Uttarakhand,"03/2017
11/2017",100.0,
1893,Uttarakhand,"01/2024
10/2025",30.29,
1894,Uttarakhand,"03/2022
01/2025",42.0,
1895,Uttarakhand,"02/2022
12/2025",2.0,
1896,Uttarakhand,"03/2022
08/2024",60.0,
1897,Uttarakhand,"10/2022
10/2023",20.78,
1898,Uttarakhand,"02/2019
11/2019",95.0,
1899,Uttarakhand,"03/2022
09/2022",35.6,
1900,Uttarakhand,"09/2020
12/2021",81.17,
1901,Uttarakhand,"05/2022
11/2024",29.72,
1902,Uttarakhand,"01/2024
10/2025",22.0,
1903,Uttarakhand,"03/2018
01/2019",96.46,
1904,Uttarakhand,"03/2018
01/2019",100.0,
1905,Uttarakhand,"10/2022
05/2023",78.2,
1906,Uttarakhand,"10/2022
05/2024",72.5,
1907,Uttarakhand,"03/2018
07/2018",72.85,
1908,Uttarakhand,"12/2023
06/2024",83.54,
1909,Uttarakhand,"12/2023
12/2024",62.93,
1910,Uttarakhand,"12/2023
06/2024",96.0,
1911,Uttarakhand,"11/2021
08/2022",70.42,
1912,Uttarakhand,"06/2022
03/2023",75.24,
1913,Uttarakhand,"11/2021
10/2022",79.25,
1914,Uttarakhand,"03/2022
02/2023",93.9,
1915,Uttarakhand,"12/2023
04/2025",54.86,
1916,Uttarakhand,"05/2025
02/2026",1.0,
1917,Uttarakhand,"02/2023
12/2025",0.0,
1918,West Bengal,"11/2023
11/2025",0.0,
1919,West Bengal,"03/2023
03/2024",66.82,
1920,West Bengal,"03/2016
08/2023",16.35,
1921,West Bengal,"08/2016
11/2016",84.78,
1922,West Bengal,"03/2022
03/2023",71.61,
1923,West Bengal,"06/2020
10/2020",95.72,
1924,West Bengal,"06/2020
10/2020",95.72,
1925,West Bengal,"03/2018
10/2019",98.54,
1926,West Bengal,"03/2018
10/2020",96.99,
1927,West Bengal,"03/2025
11/2025",2.11,
1928,West Bengal,"11/2023
12/2024",56.54,
1929,West Bengal,"03/2023
06/2024",38.85,
1930,West Bengal,"02/2024
08/2024",39.55,
1931,West Bengal,"03/2024
07/2024",52.6,
1932,West Bengal,"08/2018
12/2018",96.17,
1933,West Bengal,"01/2021
02/2022",94.12,
1934,West Bengal,"03/2023
12/2025",4.0,
1935,West Bengal,"02/2024
06/2025",29.33,
1936,Delhi,"10/2014
04/2018",98.0,
1937,Meghalaya,"09/2019
09/2020",99.84,
1938,"Multi-States
(Andhra Pradesh,
Bihar,
Chhattisgarh,
Jharkhand,
Madhya Pradesh,
Maharashtra,
Odisha,
Telangana, Uttar
Pradesh, West
Bengal)","04/2022
05/2024",98.28,
1939,"Multi-States
(Andhra Pradesh,
Bihar,
Chhattisgarh,
Jharkhand,
Madhya Pradesh,
Maharashtra,
Odisha,
Telangana, Uttar
Pradesh, West
Bengal)","05/2018
09/2021",88.0,
1940,"Multi-States
(Andhra Pradesh,
Chhattisgarh,
Jharkhand,
Maharashtra,
Odisha)","11/2021
05/2022",81.2,
1941,"Multi-States
(Arunachal
Pradesh, Assam)","12/2020
10/2021",99.6,
1942,"Multi-States
(Bihar, Madhya
Pradesh,
Rajasthan, Uttar
Pradesh)","12/2019
03/2021",99.0,
1943,PAN India,"07/2022
07/2022",85.0,
1944,PAN India,"11/2020
11/2020",98.34,
1945,PAN India,"07/2017
10/2011",83.3,
1946,PAN India,"05/2023
05/2023",92.1,
1947,PAN India,"05/2023
06/2023",98.34,
1948,Bihar,"10/2017
03/2022",97.0,
1949,Bihar,"08/2017
07/2019",57.0,
1950,Bihar,"08/2017
07/2019",54.0,
1951,Bihar,"03/2010
03/2018",97.0,
1952,Bihar,"03/2010
03/2018",95.0,
1953,Uttar Pradesh,"05/2020
04/2023",83.0,
1954,Uttar Pradesh,"05/2020
11/2024",56.0,
1955,West Bengal,"05/2018
12/2021",93.0,
1956,Andhra Pradesh,"04/2005
01/2006",95.88,
1957,Andhra Pradesh,"04/2005
04/2005",98.3,
1958,Andhra Pradesh,"01/2009
11/2009",86.14,
1959,Assam,"04/1996
12/1996",55.44,
1960,Chhattisgarh,"04/2008
04/2008",72.0,
1961,Chhattisgarh,"04/2009
12/2009",86.31,
1962,Gujarat,"04/1996
04/1996",93.7,
1963,Jharkhand,"04/2011
01/2012",70.0,
1964,Karnataka,"04/2014
04/2014",99.32,
1965,Madhya Pradesh,"04/2008
01/2009",75.0,
1966,Madhya Pradesh,"04/2007
04/2007",81.52,
1967,Maharashtra,"05/2002
01/2017",49.5,
1968,Maharashtra,"04/1996
04/1996",89.57,
1969,Maharashtra,"04/2008
04/2008",72.65,
1970,Maharashtra,"04/2009
01/2010",98.1,
1971,Maharashtra,"04/2008
04/2008",65.0,
1972,Maharashtra,"04/2009
04/2009",74.0,
1973,Manipur,"04/1997
04/1997",99.0,
1974,"Multi-States
(Bihar, Jharkhand)","08/2017
01/2021",44.0,
1975,"Multi-States
(Madhya Pradesh,
Uttar Pradesh)","NA
03/2022",0.0,
1976,Odisha,"04/1997
01/1998",62.85,
1977,Odisha,"12/1995
01/1998",95.5,
1978,Odisha,"04/2003
01/2004",79.5,
1979,Punjab,"02/2016
04/2018",95.0,
1980,Punjab,"02/2010
04/2018",88.0,
1981,Telangana,"04/1996
04/2005",97.0,
1982,Telangana,"04/1996
01/2006",92.0,
1983,Telangana,"04/2006
04/2006",87.7,
1984,Telangana,"04/2007
01/2008",100.0,
1985,Uttar Pradesh,"04/2007
12/2007",31.5,
1986,Uttar Pradesh,"04/2008
04/2008",82.39,
1987,Uttarakhand,"10/2023
11/2023",25.28,
